ADC20444.1	N/A	4.79e-46
AAN21183.1	N/A	5.24e-43
AKX79762.1	N/A	1.18e-42
CAD69354.1	N/A	1.23e-42
QFN26139.1	N/A	1.35e-42
AAN21180.1	N/A	1.43e-42
CAD79754.1	N/A	1.19e-41
AAN21181.1	N/A	6.94e-40
AKX79702.1	N/A	1.65e-39
ADL74427.1	N/A	6.22e-35
AKX31094.1	N/A	6.95e-34
AKX79125.1	N/A	1.18e-33
AKX79760.1	N/A	2.51e-33
AJL53160.1	N/A	3.38e-33
AAE68759.1	N/A	3.38e-33
AKX79124.1	N/A	3.39e-32
AHE03245.1	N/A	5.21e-32
CAD79755.1	N/A	1.13e-31
ACQ18373.1	N/A	1.21e-31
AZK07850.1	N/A	2.10e-31
AZK07848.1	N/A	2.85e-31
AKX79700.1	N/A	4.62e-31
ACE20852.1	N/A	2.97e-30
AKX79699.1	N/A	3.51e-30
AZK07847.1	N/A	3.69e-30
AJL53161.1	N/A	4.09e-30
AAC89509.1	N/A	9.96e-30
AAE36276.1	N/A	3.14e-29
AAU99721.1	N/A	3.15e-29
AKX79698.1	N/A	6.43e-29
AAC89508.1	N/A	9.05e-28
AHD77729.1	N/A	1.42e-27
ADC20571.1	N/A	1.50e-27
AAB11119.1	N/A	4.25e-27
AZK07851.1	N/A	2.30e-26
AZK07849.1	N/A	2.93e-26
ADC20569.1	N/A	1.66e-25
AKX79758.1	N/A	1.05e-24
CAC88307.1	N/A	1.29e-23
AKX79696.1	N/A	1.54e-23
AKX79678.1	N/A	3.54e-23
AVB90413.1	N/A	5.55e-23
AKX79677.1	N/A	6.01e-23
QHZ84220.1	N/A	1.36e-22
ADC20568.1	N/A	1.68e-22
AAE56969.1	N/A	2.19e-22
AAW10833.1	N/A	2.32e-22
AKX79890.1	N/A	5.88e-22
AAB11122.1	N/A	1.41e-21
AHE03244.1	N/A	9.31e-21
AAB11106.1	N/A	1.06e-20
AAC89511.1	N/A	4.14e-20
AKX79780.1	N/A	8.33e-20
AAW99687.1	N/A	8.54e-20
AAR66471.1	N/A	1.35e-19
ABZ33006.1	N/A	1.95e-19
AAW99688.1	N/A	2.34e-19
AAE91743.1	N/A	2.85e-19
ACC29766.1	N/A	4.31e-19
AAN27279.1	N/A	6.79e-19
AAE56970.1	N/A	1.06e-18
AAE67325.1	N/A	1.16e-18
AAE10699.1	N/A	1.37e-18
AVB90292.1	N/A	1.75e-18
ACM82703.1	N/A	1.77e-18
AAB11093.1	N/A	1.91e-18
ACC29764.1	N/A	1.94e-18
AEU85200.1	N/A	3.03e-18
AAB11120.1	N/A	3.53e-18
ACC29765.1	N/A	4.03e-18
ABC03445.1	N/A	4.86e-18
ABL13909.1	N/A	6.82e-18
AAE44539.1	N/A	1.66e-17
AJN70182.1	N/A	1.95e-17
AKX79779.1	N/A	2.09e-17
AAW99686.1	N/A	2.45e-17
AAW99685.1	N/A	2.82e-17
AJN70180.1	N/A	3.36e-17
AQN59626.1	N/A	4.58e-17
AAW10831.1	N/A	4.79e-17
AAE72279.1	N/A	5.11e-17
AAB11121.1	N/A	5.69e-17
AVB90408.1	N/A	5.85e-17
AAR66468.1	N/A	1.02e-16
AAE36376.1	N/A	1.26e-16
AAB11111.1	N/A	1.79e-16
AAB78704.1	N/A	2.31e-16
AAA71728.1	N/A	3.07e-16
AKX79614.1	N/A	6.11e-16
AKX79774.1	N/A	7.64e-16
AAR66473.1	N/A	8.72e-16
AAE47533.1	N/A	8.89e-16
ABL20588.1	N/A	1.09e-15
ACC29747.1	N/A	1.13e-15
AAA71727.1	N/A	1.23e-15
QFN40760.1	N/A	1.28e-15
AAE10706.1	N/A	1.33e-15
AAW10830.1	N/A	1.46e-15
AJN70172.1	N/A	1.58e-15
AED76868.1	N/A	1.61e-15
ACC29745.1	N/A	1.69e-15
AAB16003.1	N/A	1.83e-15
AAE10697.1	N/A	1.84e-15
AAR66478.1	N/A	2.03e-15
AAE75787.1	N/A	2.36e-15
ACQ18345.1	N/A	2.47e-15
ATL08381.1	N/A	2.50e-15
AKX79287.1	N/A	2.55e-15
AAE02679.1	N/A	3.36e-15
AAE77741.1	N/A	4.84e-15
AAW10832.1	N/A	5.35e-15
AAN88880.1	N/A	5.62e-15
AAE02677.1	N/A	5.75e-15
AUE80996.1	N/A	6.81e-15
AAW10853.1	N/A	6.81e-15
AAN88882.1	N/A	7.07e-15
AEX19735.1	N/A	7.15e-15
QFN61651.1	N/A	7.48e-15
ABZ32159.1	N/A	7.55e-15
AEX19736.1	N/A	7.73e-15
AAE72278.1	N/A	7.90e-15
ACC29746.1	N/A	8.14e-15
AAE50258.1	N/A	8.39e-15
AAE10696.1	N/A	8.51e-15
AAB80614.1	N/A	8.55e-15
AUE80995.1	N/A	9.61e-15
AAE02678.1	N/A	9.63e-15
AAB16002.1	N/A	9.64e-15
AAQ27078.1	N/A	9.70e-15
AAA94901.1	N/A	1.05e-14
AKX79288.1	N/A	1.13e-14
ABJ42821.1	N/A	1.27e-14
AAE50228.1	N/A	1.31e-14
AAE50259.1	N/A	1.32e-14
ABW65081.1	N/A	1.37e-14
AAQ47193.1	N/A	1.40e-14
AAQ78980.1	N/A	1.46e-14
AAW10780.1	N/A	1.50e-14
ABW65077.1	N/A	1.51e-14
CAA03542.1	N/A	1.58e-14
AAB56841.1	N/A	1.60e-14
AKX79619.1	N/A	1.63e-14
AAO97600.1	N/A	1.85e-14
AAO97600.1	N/A	4.43e-14
AED45549.1	N/A	1.89e-14
AAA71725.1	N/A	1.90e-14
AME80570.1	N/A	1.98e-14
AAO97613.1	N/A	1.99e-14
AAE80976.1	N/A	2.04e-14
AAE00128.1	N/A	2.10e-14
AAN88881.1	N/A	2.15e-14
AJO32764.1	N/A	2.24e-14
AOC26637.1	N/A	2.24e-14
AAB77441.1	N/A	2.25e-14
ABJ42822.1	N/A	2.31e-14
ADR96859.1	N/A	2.31e-14
AAO31119.1	N/A	2.33e-14
AAW10852.1	N/A	2.44e-14
AAA94958.1	N/A	2.47e-14
AAB11080.1	N/A	2.55e-14
AAA71726.1	N/A	2.67e-14
AEC33399.1	N/A	2.67e-14
ABY15068.1	N/A	3.05e-14
AQN59638.1	N/A	3.12e-14
AJL32410.1	N/A	3.18e-14
ABY15067.1	N/A	3.18e-14
AAO97601.1	N/A	3.36e-14
ACC29770.1	N/A	3.46e-14
AAA95156.1	N/A	3.52e-14
AKX31091.1	N/A	3.56e-14
ABN29310.1	N/A	3.69e-14
AAP00871.1	N/A	3.75e-14
ACC29769.1	N/A	4.19e-14
ABE24589.1	N/A	4.56e-14
ATK87398.1	N/A	4.64e-14
ABP12364.1	N/A	4.73e-14
AAC11673.1	N/A	4.95e-14
AAE41210.1	N/A	5.49e-14
AAB80612.1	N/A	5.53e-14
ABN29295.1	N/A	5.61e-14
AUF04941.1	N/A	5.68e-14
AAP00870.1	N/A	5.76e-14
ABL20574.1	N/A	5.79e-14
AAW05569.1	N/A	6.01e-14
CBJ06592.1	N/A	6.18e-14
AFO15714.1	N/A	6.43e-14
AAE81202.1	N/A	6.50e-14
AAE50260.1	N/A	6.59e-14
CBJ06590.1	N/A	6.66e-14
CBJ06593.1	N/A	6.87e-14
ABN29297.1	N/A	6.98e-14
ABN29298.1	N/A	6.98e-14
CBJ06600.1	N/A	7.00e-14
AAE75258.1	N/A	7.10e-14
AAW10788.1	N/A	7.32e-14
AAB11096.1	N/A	7.48e-14
CBJ06596.1	N/A	7.49e-14
CBJ06598.1	N/A	7.54e-14
CBJ06594.1	N/A	7.57e-14
ADS38928.1	N/A	7.67e-14
CBJ06591.1	N/A	7.68e-14
CBJ06599.1	N/A	7.87e-14
AAW10786.1	N/A	7.89e-14
AAM60136.1	N/A	7.91e-14
CBJ06601.1	N/A	8.21e-14
CBJ06597.1	N/A	8.95e-14
AAW10787.1	N/A	9.12e-14
CBJ06595.1	N/A	9.48e-14
ABN29296.1	N/A	9.77e-14
AJO32765.1	N/A	1.08e-13
AEX19734.1	N/A	1.08e-13
ACC29768.1	N/A	1.11e-13
AAW10789.1	N/A	1.13e-13
AKX79620.1	N/A	1.16e-13
AEX19733.1	N/A	1.20e-13
AAE10705.1	N/A	1.28e-13
CBJ06589.1	N/A	1.30e-13
CBJ06579.1	N/A	1.30e-13
AGN58128.1	N/A	1.31e-13
AAE68758.1	N/A	1.32e-13
AAW10790.1	N/A	1.32e-13
CBJ06587.1	N/A	1.32e-13
AQM99213.1	N/A	1.34e-13
AKX79349.1	N/A	1.36e-13
CBJ06581.1	N/A	1.44e-13
AYF68115.1	N/A	1.48e-13
AKX79323.1	N/A	1.51e-13
AEC33406.1	N/A	1.53e-13
AAB44814.1	N/A	1.66e-13
AAW10856.1	N/A	1.78e-13
AED45548.1	N/A	1.88e-13
CBJ06588.1	N/A	1.92e-13
AAE16338.1	N/A	1.95e-13
CBJ06580.1	N/A	1.96e-13
CBJ06586.1	N/A	2.07e-13
AKX79773.1	N/A	2.08e-13
CBJ06578.1	N/A	2.09e-13
ABE24590.1	N/A	2.28e-13
AAW10819.1	N/A	2.30e-13
AAW10855.1	N/A	2.45e-13
AJN70173.1	N/A	2.49e-13
AAB11112.1	N/A	2.64e-13
ACC29800.1	N/A	2.90e-13
AAR66472.1	N/A	3.18e-13
AKX79289.1	N/A	3.68e-13
AJM06745.1	N/A	4.03e-13
AEX19711.1	N/A	4.53e-13
ABE20965.1	N/A	4.55e-13
CAA03544.1	N/A	5.49e-13
AKX79600.1	N/A	5.88e-13
AAR66466.1	N/A	6.04e-13
AAN99758.1	N/A	6.32e-13
AAB44816.1	N/A	6.55e-13
AAE81057.1	N/A	6.74e-13
ABW65082.1	N/A	7.29e-13
ACR92062.1	N/A	7.59e-13
AKX79264.1	N/A	7.72e-13
CAF04024.1	N/A	7.80e-13
AAB16001.1	N/A	8.42e-13
AAA95714.1	N/A	9.16e-13
ATL08354.1	N/A	9.89e-13
AKX64078.1	N/A	9.99e-13
AAW10838.1	N/A	1.01e-12
AKX79786.1	N/A	1.11e-12
ADT42095.1	N/A	1.12e-12
AAB11105.1	N/A	1.16e-12
ACP57186.1	N/A	1.16e-12
ABZ32810.1	N/A	1.17e-12
AAR66464.1	N/A	1.26e-12
AAO31117.1	N/A	1.27e-12
AME80572.1	N/A	1.28e-12
AAE56968.1	N/A	1.34e-12
ATK87351.1	N/A	1.47e-12
AAR66467.1	N/A	1.50e-12
ADA41416.1	N/A	1.60e-12
AAR66512.1	N/A	1.60e-12
ATK87350.1	N/A	1.61e-12
AAE10694.1	N/A	1.68e-12
ABU39291.1	N/A	1.75e-12
ACJ97647.1	N/A	1.75e-12
AAR66511.1	N/A	1.77e-12
AAE10701.1	N/A	1.77e-12
AAB80613.1	N/A	1.82e-12
AGN58044.1	N/A	1.86e-12
AAW10839.1	N/A	1.93e-12
AAE64153.1	N/A	2.02e-12
AAW13848.1	N/A	2.04e-12
AAE56971.1	N/A	2.13e-12
ADC20438.1	N/A	2.16e-12
AJL32412.1	N/A	2.23e-12
AAP00867.1	N/A	2.26e-12
AAA94897.1	N/A	2.27e-12
AAE79563.1	N/A	2.30e-12
AAB11078.1	N/A	2.38e-12
AAA94898.1	N/A	2.39e-12
AQN59636.1	N/A	2.40e-12
AAR66465.1	N/A	2.42e-12
AAR66480.1	N/A	2.57e-12
AJN70185.1	N/A	2.63e-12
AAE56972.1	N/A	2.64e-12
ACK31704.1	N/A	2.69e-12
AAB78152.1	N/A	2.73e-12
AKX79301.1	N/A	2.83e-12
AAA94964.1	N/A	2.86e-12
AAR66474.1	N/A	2.88e-12
AVB90281.1	N/A	2.95e-12
AAR61166.1	N/A	3.00e-12
AAR64252.1	N/A	3.04e-12
AQN59630.1	N/A	3.24e-12
ABC17417.1	N/A	3.25e-12
ADS38927.1	N/A	3.25e-12
AAW10804.1	N/A	3.43e-12
ATL08321.1	N/A	3.48e-12
AAE36274.1	N/A	3.58e-12
ABH81887.1	N/A	3.65e-12
AAR78361.1	N/A	3.75e-12
QHX61697.1	N/A	3.86e-12
AKX79778.1	N/A	4.15e-12
AAE00136.1	N/A	4.35e-12
AAE10704.1	N/A	4.46e-12
AUF04938.1	N/A	4.53e-12
AAE87493.1	N/A	4.55e-12
AAW99690.1	N/A	4.65e-12
AKX79634.1	N/A	4.87e-12
AKX79785.1	N/A	5.07e-12
AAE00137.1	N/A	5.26e-12
AAP64832.1	N/A	5.34e-12
AJL32409.1	N/A	5.37e-12
AAP64867.1	N/A	5.49e-12
AAA95160.1	N/A	5.54e-12
AAQ54217.1	N/A	5.60e-12
AKX79782.1	N/A	5.60e-12
ACC29799.1	N/A	5.78e-12
ADM03715.1	N/A	5.83e-12
AAB42859.1	N/A	5.86e-12
ABH71886.1	N/A	5.91e-12
AQN59620.1	N/A	5.98e-12
AAE49018.1	N/A	6.16e-12
AAE45724.1	N/A	6.22e-12
AAW10797.1	N/A	7.63e-12
ACM85723.1	N/A	7.68e-12
ABZ32945.1	N/A	7.78e-12
ABJ47813.1	N/A	7.94e-12
AQN59627.1	N/A	8.65e-12
ABE24586.1	N/A	8.76e-12
AJN70176.1	N/A	9.73e-12
AAC91010.1	N/A	9.81e-12
AAC20273.1	N/A	1.01e-11
ABZ32772.1	N/A	1.06e-11
AAT23221.1	N/A	1.07e-11
AAP64849.1	N/A	1.07e-11
AAR66483.1	N/A	1.07e-11
ABI05735.1	N/A	1.09e-11
AAB11095.1	N/A	1.09e-11
AAB78701.1	N/A	1.11e-11
AAR66482.1	N/A	1.15e-11
AAE47535.1	N/A	1.19e-11
CBJ06584.1	N/A	1.20e-11
AAW10860.1	N/A	1.22e-11
AJL32411.1	N/A	1.23e-11
CBJ06634.1	N/A	1.29e-11
CBJ06585.1	N/A	1.33e-11
CBJ06630.1	N/A	1.33e-11
ABI05738.1	N/A	1.33e-11
AAE03538.1	N/A	1.34e-11
AAE68755.1	N/A	1.35e-11
ACK31708.1	N/A	1.36e-11
ABN15660.1	N/A	1.38e-11
ABH81899.1	N/A	1.42e-11
CBJ06582.1	N/A	1.43e-11
AMF21931.1	N/A	1.49e-11
CBJ06583.1	N/A	1.50e-11
AOE02042.1	N/A	1.50e-11
ACC29749.1	N/A	1.55e-11
AAE68760.1	N/A	1.55e-11
AOE02043.1	N/A	1.57e-11
AAW10761.1	N/A	1.57e-11
AAE81200.1	N/A	1.63e-11
ABI05743.1	N/A	1.65e-11
AJM06744.1	N/A	1.65e-11
AAA94963.1	N/A	1.65e-11
AAY08129.1	N/A	1.75e-11
ACQ18392.1	N/A	1.77e-11
AAE27643.1	N/A	1.95e-11
ATK87346.1	N/A	1.98e-11
ABH66172.1	N/A	2.01e-11
AAE28182.1	N/A	2.02e-11
AAB54703.1	N/A	2.04e-11
ABW44441.1	N/A	2.07e-11
ABH66171.1	N/A	2.08e-11
ABI05745.1	N/A	2.15e-11
ATK87345.1	N/A	2.15e-11
AAE81059.1	N/A	2.21e-11
ABH66163.1	N/A	2.28e-11
AAW10762.1	N/A	2.37e-11
ABL16196.1	N/A	2.45e-11
AAW10496.1	N/A	2.53e-11
ATK87347.1	N/A	2.58e-11
ATK99513.1	N/A	2.63e-11
ATK87344.1	N/A	2.66e-11
AJM47384.1	N/A	2.68e-11
AAT23219.1	N/A	2.80e-11
AAE81203.1	N/A	3.05e-11
ABI06291.1	N/A	3.08e-11
AAE42133.1	N/A	3.14e-11
AAP64815.1	N/A	3.23e-11
ABW45098.1	N/A	3.27e-11
AMF21933.1	N/A	3.31e-11
AAE10367.1	N/A	3.34e-11
ABW45097.1	N/A	3.39e-11
AJO32763.1	N/A	3.41e-11
AME80566.1	N/A	3.42e-11
AED17263.1	N/A	3.51e-11
AJN70158.1	N/A	3.68e-11
AKX79558.1	N/A	3.71e-11
ABW45113.1	N/A	3.82e-11
AAB78609.1	N/A	3.97e-11
AAE16335.1	N/A	4.03e-11
AJO32762.1	N/A	4.09e-11
AAE75261.1	N/A	4.20e-11
AAU97547.1	N/A	4.31e-11
AAE81839.1	N/A	4.32e-11
AME80571.1	N/A	4.32e-11
ABS90788.1	N/A	4.33e-11
AAU96177.1	N/A	4.43e-11
AAB12767.1	N/A	4.51e-11
ABW45101.1	N/A	4.54e-11
ACM85724.1	N/A	4.56e-11
AAU96176.1	N/A	4.56e-11
AAA94902.1	N/A	4.56e-11
ATJ63800.1	N/A	4.59e-11
ABA33590.1	N/A	4.64e-11
AAE75263.1	N/A	4.64e-11
AAE24084.1	N/A	4.71e-11
AAM58785.1	N/A	4.73e-11
AAM17832.1	N/A	4.85e-11
ABI05736.1	N/A	5.02e-11
AAX04511.1	N/A	5.08e-11
AAC20272.1	N/A	5.09e-11
AAY77256.1	N/A	5.15e-11
ADS78965.1	N/A	5.28e-11
AKX79628.1	N/A	5.66e-11
AAW10764.1	N/A	5.73e-11
ATL08320.1	N/A	5.79e-11
AAE75262.1	N/A	5.87e-11
ADS38920.1	N/A	5.90e-11
AKX79283.1	N/A	5.92e-11
AAN89545.1	N/A	6.39e-11
AME80577.1	N/A	6.63e-11
AAB11114.1	N/A	6.80e-11
ABI05750.1	N/A	6.98e-11
ABI05748.1	N/A	7.28e-11
ABI05744.1	N/A	7.50e-11
ABA07296.1	N/A	7.54e-11
ABH66174.1	N/A	7.82e-11
AAV00966.1	N/A	7.87e-11
AAW10806.1	N/A	7.92e-11
ABW44247.1	N/A	7.94e-11
ABH66173.1	N/A	8.07e-11
AAB56842.1	N/A	8.49e-11
ABN17568.1	N/A	8.60e-11
AAP00869.1	N/A	8.88e-11
AAB44812.1	N/A	8.91e-11
ABJ42063.1	N/A	9.13e-11
AJN70157.1	N/A	9.19e-11
AAB76650.1	N/A	9.39e-11
ACC29774.1	N/A	9.41e-11
AAP00868.1	N/A	9.90e-11
AAW10769.1	N/A	1.01e-10
AKX79557.1	N/A	1.01e-10
ABI05746.1	N/A	1.06e-10
ABH66165.1	N/A	1.07e-10
AAE81840.1	N/A	1.08e-10
AFQ88355.1	N/A	1.08e-10
ADS38917.1	N/A	1.09e-10
AAR64251.1	N/A	1.10e-10
ADL81700.1	N/A	1.10e-10
AJM06730.1	N/A	1.12e-10
AAW99682.1	N/A	1.15e-10
CAD79760.1	N/A	1.17e-10
ABH66164.1	N/A	1.17e-10
AAW10497.1	N/A	1.21e-10
ABL13935.1	N/A	1.23e-10
ACC29782.1	N/A	1.26e-10
ABH81897.1	N/A	1.35e-10
AAW06250.1	N/A	1.36e-10
AFQ88356.1	N/A	1.41e-10
AJN70138.1	N/A	1.42e-10
AGN05812.1	N/A	1.50e-10
AAB78154.1	N/A	1.50e-10
AAE10695.1	N/A	1.51e-10
AAE81199.1	N/A	1.52e-10
CAI95948.1	N/A	1.54e-10
ABJ42062.1	N/A	1.56e-10
AAE32940.1	N/A	1.59e-10
ABJ41964.1	N/A	1.68e-10
AAA94962.1	N/A	1.69e-10
AAQ27076.1	N/A	1.70e-10
AAE36279.1	N/A	1.83e-10
QHX61699.1	N/A	1.84e-10
AAP00793.1	N/A	1.85e-10
AAW10820.1	N/A	1.85e-10
ACC29775.1	N/A	1.88e-10
AAQ27077.1	N/A	1.92e-10
AAW10782.1	N/A	1.97e-10
AAC87332.1	N/A	2.04e-10
ADA34333.1	N/A	2.09e-10
AKX79281.1	N/A	2.13e-10
AAE54787.1	N/A	2.13e-10
AAX04516.1	N/A	2.26e-10
AAY75649.1	N/A	2.29e-10
ATK17940.1	N/A	2.34e-10
AAO99060.1	N/A	2.36e-10
CAD82894.1	N/A	2.41e-10
AAW10771.1	N/A	2.46e-10
AAW10763.1	N/A	2.51e-10
CAC94551.1	N/A	2.58e-10
AKX79832.1	N/A	2.66e-10
ADS27673.1	N/A	2.69e-10
AAB44811.1	N/A	2.70e-10
AED76870.1	N/A	2.72e-10
ADA34334.1	N/A	2.75e-10
ABJ42824.1	N/A	3.06e-10
CBJ06609.1	N/A	3.13e-10
AAY77255.1	N/A	3.19e-10
AAC11668.1	N/A	3.29e-10
AAE72277.1	N/A	3.36e-10
CBJ06608.1	N/A	3.47e-10
ABZ32875.1	N/A	3.51e-10
AJN70146.1	N/A	3.63e-10
AAE81058.1	N/A	3.65e-10
AAE37456.1	N/A	3.71e-10
ABN15520.1	N/A	3.76e-10
ACV98035.1	N/A	3.84e-10
QHX61700.1	N/A	3.88e-10
AAW10770.1	N/A	3.91e-10
CBJ06606.1	N/A	3.98e-10
AAN21182.1	N/A	4.04e-10
CBJ06607.1	N/A	4.11e-10
ATL07956.1	N/A	4.42e-10
AFX01390.1	N/A	4.49e-10
AAR64246.1	N/A	5.32e-10
AAR64250.1	N/A	5.56e-10
AUF10078.1	N/A	5.75e-10
AKX79612.1	N/A	6.41e-10
AAW10823.1	N/A	6.83e-10
AKX79271.1	N/A	6.85e-10
ACC19116.1	N/A	7.19e-10
AAR66476.1	N/A	7.26e-10
ADS38943.1	N/A	7.66e-10
AAW10767.1	N/A	7.90e-10
AKX79345.1	N/A	8.19e-10
ABP04722.1	N/A	8.23e-10
AAE49388.1	N/A	8.41e-10
AAE27644.1	N/A	8.52e-10
AAE32348.1	N/A	8.66e-10
AAE00135.1	N/A	9.01e-10
ABJ42829.1	N/A	9.07e-10
AKX79546.1	N/A	9.41e-10
ABZ32915.1	N/A	9.41e-10
AAE37455.1	N/A	9.80e-10
AAB54702.1	N/A	1.01e-09
AAB74873.1	N/A	1.04e-09
AAA95158.1	N/A	1.09e-09
AAB11092.1	N/A	1.09e-09
ABU39283.1	N/A	1.11e-09
AAA70688.1	N/A	1.28e-09
AKX79732.1	N/A	1.43e-09
AAY77240.1	N/A	1.44e-09
AAN20094.1	N/A	1.49e-09
AAE50237.1	N/A	1.51e-09
AAW99692.1	N/A	1.52e-09
AAW10765.1	N/A	1.58e-09
ABJ28945.1	N/A	1.60e-09
AAB12607.1	N/A	1.65e-09
CAD79722.1	N/A	1.65e-09
AAW10768.1	N/A	1.65e-09
AAY77259.1	N/A	1.73e-09
ATL08596.1	N/A	1.74e-09
QDB02429.1	N/A	1.81e-09
ATL08577.1	N/A	1.83e-09
ADI53420.1	N/A	1.87e-09
AAO99061.1	N/A	2.17e-09
AAW10766.1	N/A	2.23e-09
AED03793.1	N/A	2.31e-09
AAQ46876.1	N/A	2.33e-09
AAB78703.1	N/A	2.35e-09
ABJ42825.1	N/A	2.38e-09
AAO31122.1	N/A	2.52e-09
ADS38941.1	N/A	2.54e-09
AKX79703.1	N/A	2.57e-09
AKX79209.1	N/A	2.82e-09
AAW99683.1	N/A	2.82e-09
AAW10837.1	N/A	2.89e-09
AAA75664.1	N/A	2.92e-09
AJM06742.1	N/A	2.96e-09
AAE47536.1	N/A	3.38e-09
CBJ06632.1	N/A	3.39e-09
AAB78153.1	N/A	3.47e-09
AKX79397.1	N/A	3.47e-09
AAE08666.1	N/A	3.54e-09
AAE68757.1	N/A	3.79e-09
AAE03540.1	N/A	3.97e-09
AAW10791.1	N/A	3.99e-09
AAY77258.1	N/A	4.07e-09
AJN70136.1	N/A	4.12e-09
ABW44308.1	N/A	4.29e-09
AAN88878.1	N/A	4.30e-09
ACK31705.1	N/A	4.42e-09
AAE16337.1	N/A	4.59e-09
AEV08372.1	N/A	4.62e-09
AAP64856.1	N/A	4.64e-09
AKX79856.1	N/A	4.90e-09
AAB11113.1	N/A	4.98e-09
ABN29299.1	N/A	5.00e-09
AAE75786.1	N/A	5.16e-09
AKX79840.1	N/A	5.26e-09
AME80569.1	N/A	5.26e-09
ATL07940.1	N/A	5.37e-09
AKX79311.1	N/A	5.57e-09
AAR64249.1	N/A	5.68e-09
AKX79313.1	N/A	5.69e-09
AKX79355.1	N/A	5.74e-09
AAC85556.1	N/A	5.88e-09
AAE41201.1	N/A	6.08e-09
AKX79198.1	N/A	6.08e-09
CAA02440.1	N/A	6.32e-09
ABJ42064.1	N/A	6.42e-09
ABW65080.1	N/A	6.54e-09
AUE80994.1	N/A	6.79e-09
AAY10932.1	N/A	6.84e-09
ACC29783.1	N/A	6.91e-09
CAC33118.1	N/A	6.92e-09
AKX79299.1	N/A	6.95e-09
AHD78362.1	N/A	7.02e-09
AFG93852.1	N/A	7.02e-09
AAO96289.1	N/A	7.21e-09
AKX79862.1	N/A	7.79e-09
ADS38930.1	N/A	7.94e-09
ACH09743.1	N/A	8.09e-09
AAE49022.1	N/A	8.19e-09
AAE32347.1	N/A	8.20e-09
CAO02242.1	N/A	8.30e-09
AAE33832.1	N/A	8.37e-09
ABP07731.1	N/A	8.51e-09
AAE32349.1	N/A	8.76e-09
AAE06360.1	N/A	8.89e-09
AAE36382.1	N/A	8.96e-09
AAE49021.1	N/A	8.96e-09
AKX79383.1	N/A	8.96e-09
AFG93850.1	N/A	9.13e-09
AYJ17218.1	N/A	9.13e-09
ACC29789.1	N/A	9.18e-09
AAY77257.1	N/A	9.39e-09
AKX31092.1	N/A	9.55e-09
AKX79540.1	N/A	9.74e-09
ATL07931.1	N/A	9.95e-09
AME80574.1	N/A	1.02e-08
AFG93851.1	N/A	1.07e-08
AAY71824.1	N/A	1.09e-08
ADL73019.1	N/A	1.09e-08
AAR66481.1	N/A	1.10e-08
ACS10699.1	N/A	1.11e-08
AAB15014.1	N/A	1.14e-08
AAE32351.1	N/A	1.17e-08
AVB90360.1	N/A	1.24e-08
AFQ76431.1	N/A	1.26e-08
AHE15716.1	N/A	1.31e-08
ACC29788.1	N/A	1.34e-08
AKX79260.1	N/A	1.39e-08
ACK31706.1	N/A	1.40e-08
AKX79863.1	N/A	1.41e-08
AAO96295.1	N/A	1.42e-08
AKX79210.1	N/A	1.45e-08
AAW99838.1	N/A	1.46e-08
CAC33117.1	N/A	1.46e-08
AAR67195.1	N/A	1.51e-08
AJO32758.1	N/A	1.52e-08
AAB78702.1	N/A	1.52e-08
AKX31093.1	N/A	1.53e-08
AAO96298.1	N/A	1.57e-08
AAB12766.1	N/A	1.57e-08
AAO96288.1	N/A	1.57e-08
ACC29781.1	N/A	1.59e-08
AJO32753.1	N/A	1.60e-08
AAB75421.1	N/A	1.62e-08
ACW56003.1	N/A	1.66e-08
AGN05810.1	N/A	1.67e-08
AAE16336.1	N/A	1.68e-08
AKX79857.1	N/A	1.73e-08
QCB11932.1	N/A	1.76e-08
AAO96296.1	N/A	1.78e-08
AAE68752.1	N/A	1.79e-08
AAQ47194.1	N/A	1.81e-08
ATL08595.1	N/A	1.83e-08
ACC29785.1	N/A	1.83e-08
AGN05811.1	N/A	1.86e-08
AAO96294.1	N/A	1.87e-08
CBJ06631.1	N/A	1.87e-08
ACQ18164.1	N/A	1.95e-08
AAE68754.1	N/A	2.00e-08
ABJ42066.1	N/A	2.03e-08
CAD79724.1	N/A	2.03e-08
ATL08385.1	N/A	2.11e-08
AAE03539.1	N/A	2.12e-08
AKX79269.1	N/A	2.16e-08
AAE75785.1	N/A	2.22e-08
CAD62066.1	N/A	2.24e-08
AQN59628.1	N/A	2.29e-08
CAD82893.1	N/A	2.31e-08
AAB11081.1	N/A	2.34e-08
AJN70139.1	N/A	2.36e-08
ABH99711.1	N/A	2.37e-08
CAD82892.1	N/A	2.42e-08
ACM81893.1	N/A	2.49e-08
ACH26230.1	N/A	2.49e-08
AFQ76432.1	N/A	2.49e-08
ABW65079.1	N/A	2.52e-08
ADC20435.1	N/A	2.55e-08
AGN58042.1	N/A	2.58e-08
AAE33831.1	N/A	2.58e-08
ABH99710.1	N/A	2.58e-08
AAE95965.1	N/A	2.63e-08
AEV07482.1	N/A	2.64e-08
AAA94903.1	N/A	2.65e-08
AAO96286.1	N/A	2.69e-08
AAE02558.1	N/A	2.71e-08
AKX79361.1	N/A	2.72e-08
AAE02556.1	N/A	2.75e-08
AAP01708.1	N/A	2.77e-08
ABI05747.1	N/A	2.79e-08
AJL22097.1	N/A	2.81e-08
AAO96297.1	N/A	2.85e-08
ABW61203.1	N/A	2.87e-08
ADL81699.1	N/A	2.91e-08
QKP69254.1	N/A	2.92e-08
AAE87935.1	N/A	2.93e-08
AAW10803.1	N/A	2.93e-08
AAQ32103.1	N/A	2.93e-08
AAN18715.1	N/A	2.96e-08
ACW55988.1	N/A	3.00e-08
AAU95968.1	N/A	3.01e-08
AAO96287.1	N/A	3.08e-08
AAB11138.1	N/A	3.09e-08
AKX79221.1	N/A	3.12e-08
ACM81616.1	N/A	3.19e-08
AEW40161.1	N/A	3.23e-08
ABH99709.1	N/A	3.29e-08
ABJ30025.1	N/A	3.30e-08
AAW10841.1	N/A	3.31e-08
AKX79305.1	N/A	3.31e-08
AAN18709.1	N/A	3.33e-08
AAE75784.1	N/A	3.35e-08
AAW10840.1	N/A	3.35e-08
AAB16169.1	N/A	3.38e-08
ACW55983.1	N/A	3.40e-08
CAC38446.1	N/A	3.40e-08
ACW55990.1	N/A	3.49e-08
AER79436.1	N/A	3.55e-08
CAD69614.1	N/A	3.55e-08
AAE36375.1	N/A	3.56e-08
AQN59629.1	N/A	3.57e-08
AAY72415.1	N/A	3.57e-08
AAE47991.1	N/A	3.60e-08
ACW56001.1	N/A	3.61e-08
ACC29787.1	N/A	3.63e-08
AAN18713.1	N/A	3.64e-08
AAE68195.1	N/A	3.68e-08
AAE36277.1	N/A	3.70e-08
ADF20581.1	N/A	3.71e-08
CCA64008.1	N/A	3.76e-08
ATL08315.1	N/A	3.81e-08
ACE36487.1	N/A	3.87e-08
ACW55993.1	N/A	3.88e-08
AAC85717.1	N/A	3.89e-08
ACW55984.1	N/A	3.91e-08
ACW56002.1	N/A	3.92e-08
ACW55987.1	N/A	3.93e-08
ABJ30024.1	N/A	4.04e-08
AKX79626.1	N/A	4.11e-08
AAR66469.1	N/A	4.16e-08
AKX79297.1	N/A	4.22e-08
ADF20580.1	N/A	4.22e-08
AAW10802.1	N/A	4.24e-08
ADA41417.1	N/A	4.28e-08
ABZ32670.1	N/A	4.36e-08
ABL56061.1	N/A	4.37e-08
ACE46339.1	N/A	4.41e-08
ABJ30023.1	N/A	4.46e-08
AED45700.1	N/A	4.46e-08
AVB90294.1	N/A	4.49e-08
AGM72620.1	N/A	4.49e-08
AAR66517.1	N/A	4.49e-08
AJM95460.1	N/A	4.63e-08
AAE81054.1	N/A	4.66e-08
ADF20579.1	N/A	4.92e-08
AJN70137.1	N/A	5.02e-08
CAA02381.1	N/A	5.10e-08
AAV99370.1	N/A	5.17e-08
AAQ25068.1	N/A	5.20e-08
ABL56068.1	N/A	5.20e-08
ACW55985.1	N/A	5.29e-08
AFX12996.1	N/A	5.33e-08
AAO96290.1	N/A	5.52e-08
ACW55991.1	N/A	5.58e-08
ADS38942.1	N/A	5.76e-08
ACW55986.1	N/A	6.04e-08
AEQ43226.1	N/A	6.13e-08
ABE24587.1	N/A	6.14e-08
AAA94961.1	N/A	6.40e-08
AKX79385.1	N/A	6.47e-08
AAB74870.1	N/A	6.51e-08
AME80575.1	N/A	6.54e-08
AKX79222.1	N/A	6.60e-08
AKX79582.1	N/A	6.88e-08
ABZ19681.1	N/A	7.09e-08
CAC51133.1	N/A	7.17e-08
ACC03266.1	N/A	7.21e-08
ATK87349.1	N/A	7.21e-08
ABN29793.1	N/A	7.25e-08
ADS38939.1	N/A	7.25e-08
ACW55992.1	N/A	7.38e-08
QFN61652.1	N/A	7.41e-08
ADL81698.1	N/A	7.41e-08
ACJ97651.1	N/A	7.60e-08
AAR76428.1	N/A	7.63e-08
ACC03265.1	N/A	7.64e-08
CAD26816.1	N/A	7.75e-08
AGN58045.1	N/A	7.82e-08
ABP25968.1	N/A	8.00e-08
ABU39380.1	N/A	8.21e-08
AAE68192.1	N/A	8.37e-08
AAE36282.1	N/A	8.71e-08
ABZ32555.1	N/A	8.73e-08
AAR66516.1	N/A	8.82e-08
AAY77236.1	N/A	9.16e-08
AAE06342.1	N/A	9.20e-08
ABZ63405.1	N/A	9.23e-08
AAB45516.1	N/A	9.42e-08
CAD79720.1	N/A	9.50e-08
CAD79717.1	N/A	9.55e-08
AEC33407.1	N/A	9.66e-08
AJO45683.1	N/A	9.78e-08
AAP64838.1	N/A	9.90e-08
ABZ63390.1	N/A	9.92e-08
ABZ63404.1	N/A	1.00e-07
AAE02676.1	N/A	1.03e-07
ABL13916.1	N/A	1.03e-07
ABU39376.1	N/A	1.06e-07
ADC22802.1	N/A	1.07e-07
ADC22800.1	N/A	1.08e-07
AAB80611.1	N/A	1.10e-07
AKX79776.1	N/A	1.10e-07
AFG93855.1	N/A	1.10e-07
ABN26472.1	N/A	1.10e-07
ATK87348.1	N/A	1.12e-07
CAD20552.1	N/A	1.15e-07
ABH71889.1	N/A	1.16e-07
AAE08665.1	N/A	1.17e-07
AAC91564.1	N/A	1.19e-07
AKX79650.1	N/A	1.20e-07
ABW65083.1	N/A	1.21e-07
CAD82890.1	N/A	1.22e-07
AAW10793.1	N/A	1.25e-07
AKX79858.1	N/A	1.28e-07
ABC14231.1	N/A	1.34e-07
ACE26105.1	N/A	1.38e-07
ADS38929.1	N/A	1.40e-07
ABN29305.1	N/A	1.40e-07
AJN70186.1	N/A	1.43e-07
AKX79327.1	N/A	1.47e-07
ADS38918.1	N/A	1.48e-07
AAN88879.1	N/A	1.51e-07
AKX79630.1	N/A	1.51e-07
AJM06743.1	N/A	1.53e-07
AAE36275.1	N/A	1.56e-07
AAM60140.1	N/A	1.58e-07
ADF20578.1	N/A	1.58e-07
AKX79641.1	N/A	1.58e-07
AAB11085.1	N/A	1.58e-07
ABJ30022.1	N/A	1.59e-07
ACC03268.1	N/A	1.60e-07
ABZ31158.1	N/A	1.60e-07
AAB45515.1	N/A	1.64e-07
AAE00129.1	N/A	1.66e-07
AAB56843.1	N/A	1.69e-07
ADS78963.1	N/A	1.73e-07
AAE69436.1	N/A	1.74e-07
AKX79581.1	N/A	1.75e-07
AAQ53806.1	N/A	1.77e-07
ACS10644.1	N/A	1.83e-07
AAC11672.1	N/A	1.85e-07
ABS90808.1	N/A	1.86e-07
ABJ18221.1	N/A	1.91e-07
AJN70152.1	N/A	1.93e-07
ABZ32834.1	N/A	1.94e-07
ADS11198.1	N/A	1.95e-07
ATL08016.1	N/A	1.98e-07
ACN03405.1	N/A	2.05e-07
ABW53208.1	N/A	2.11e-07
AAW10784.1	N/A	2.15e-07
AKX79618.1	N/A	2.21e-07
AAU50688.1	N/A	2.25e-07
AHD70867.1	N/A	2.28e-07
AAB54704.1	N/A	2.30e-07
ABS99635.1	N/A	2.33e-07
AAC19522.1	N/A	2.38e-07
ABJ42988.1	N/A	2.40e-07
AAT18073.1	N/A	2.45e-07
ACW56004.1	N/A	2.46e-07
AAE33830.1	N/A	2.47e-07
AJO32754.1	N/A	2.51e-07
ABZ19682.1	N/A	2.52e-07
AAP64839.1	N/A	2.53e-07
AAY08095.1	N/A	2.53e-07
AGJ44636.1	N/A	2.54e-07
AKX79291.1	N/A	2.60e-07
AME80567.1	N/A	2.62e-07
AAU77863.1	N/A	2.63e-07
AED45699.1	N/A	2.64e-07
ATK87355.1	N/A	2.64e-07
AAY08094.1	N/A	2.65e-07
AAE65959.1	N/A	2.71e-07
ABU37744.1	N/A	2.88e-07
ABH75780.1	N/A	2.91e-07
AKX79296.1	N/A	2.97e-07
AHE02724.1	N/A	3.03e-07
CAD82891.1	N/A	3.09e-07
AOC22922.1	N/A	3.15e-07
ABH75779.1	N/A	3.19e-07
AAB11086.1	N/A	3.23e-07
AAP64827.1	N/A	3.24e-07
ATK87354.1	N/A	3.28e-07
ADM03716.1	N/A	3.39e-07
AAB11082.1	N/A	3.58e-07
AKX31090.1	N/A	3.61e-07
ABZ63400.1	N/A	3.62e-07
ABH75783.1	N/A	3.66e-07
ABH75781.1	N/A	3.68e-07
AAW10785.1	N/A	3.72e-07
AEU80448.1	N/A	3.72e-07
AAW10801.1	N/A	3.73e-07
AAE06340.1	N/A	3.74e-07
AAE68753.1	N/A	3.78e-07
AAR66555.1	N/A	3.79e-07
AUE82118.1	N/A	3.99e-07
AUE82124.1	N/A	3.99e-07
AKX79640.1	N/A	4.00e-07
ABS90814.1	N/A	4.07e-07
ATK87352.1	N/A	4.14e-07
ABS90813.1	N/A	4.14e-07
AKX79285.1	N/A	4.32e-07
AAB11102.1	N/A	4.41e-07
ATK87353.1	N/A	4.43e-07
ADS38921.1	N/A	4.52e-07
AAE27630.1	N/A	4.61e-07
ADS25771.1	N/A	4.72e-07
ABZ32501.1	N/A	4.88e-07
AEX19716.1	N/A	5.08e-07
AAP64844.1	N/A	5.14e-07
AKX79564.1	N/A	5.29e-07
AAW10845.1	N/A	5.34e-07
ABU39398.1	N/A	5.37e-07
ABS90823.1	N/A	5.48e-07
ABW53198.1	N/A	5.50e-07
ABZ63399.1	N/A	5.57e-07
AKX79295.1	N/A	5.67e-07
ABL13907.1	N/A	5.71e-07
ACW56000.1	N/A	5.71e-07
AKX79184.1	N/A	5.80e-07
AAE50254.1	N/A	5.91e-07
ADA06529.1	N/A	6.09e-07
ACK31709.1	N/A	6.11e-07
ACC29786.1	N/A	6.35e-07
AKX79646.1	N/A	6.60e-07
AKX79377.1	N/A	6.61e-07
AAS36834.1	N/A	7.00e-07
AED45353.1	N/A	7.05e-07
AGN05813.1	N/A	7.24e-07
AAE56967.1	N/A	7.32e-07
AKX79431.1	N/A	7.37e-07
ABZ63398.1	N/A	7.42e-07
ACE26106.1	N/A	7.48e-07
AAY77234.1	N/A	7.50e-07
AAB11070.1	N/A	7.64e-07
CAB58543.1	N/A	8.09e-07
ADS38944.1	N/A	8.29e-07
AAC87327.1	N/A	8.43e-07
ACC29762.1	N/A	8.48e-07
ATL08380.1	N/A	8.62e-07
ACC29761.1	N/A	9.04e-07
AHH79414.1	N/A	9.13e-07
ABJ42819.1	N/A	9.15e-07
ACC29760.1	N/A	9.20e-07
AKX79819.1	N/A	9.34e-07
AVA49795.1	N/A	9.54e-07
ABI05742.1	N/A	9.68e-07
ABS99634.1	N/A	1.01e-06
AAA94959.1	N/A	1.02e-06
ABH95120.1	N/A	1.03e-06
ADS88059.1	N/A	1.03e-06
AAC87326.1	N/A	1.04e-06
CAG26851.1	N/A	1.06e-06
ABJ42820.1	N/A	1.09e-06
ABH81898.1	N/A	1.09e-06
AAE51663.1	N/A	1.10e-06
AAB11076.1	N/A	1.11e-06
AUF09786.1	N/A	1.12e-06
ABH95112.1	N/A	1.12e-06
AAA94960.1	N/A	1.13e-06
AAN99761.1	N/A	1.16e-06
AFG81234.1	N/A	1.18e-06
AAE03541.1	N/A	1.23e-06
AAE25350.1	N/A	1.24e-06
ABJ42065.1	N/A	1.28e-06
AKX79293.1	N/A	1.31e-06
AKX79859.1	N/A	1.31e-06
ABI05741.1	N/A	1.33e-06
AAP64870.1	N/A	1.33e-06
AJL27788.1	N/A	1.33e-06
AAB14683.1	N/A	1.34e-06
AAW10827.1	N/A	1.35e-06
ARH80636.1	N/A	1.35e-06
ABE17670.1	N/A	1.36e-06
AAY72414.1	N/A	1.46e-06
AAC88914.1	N/A	1.48e-06
ABL56060.1	N/A	1.49e-06
AAP64862.1	N/A	1.60e-06
AAB11074.1	N/A	1.60e-06
ABW53209.1	N/A	1.61e-06
ADS38926.1	N/A	1.62e-06
AAP64861.1	N/A	1.62e-06
ABZ63406.1	N/A	1.63e-06
ABI07245.1	N/A	1.64e-06
ABU39377.1	N/A	1.68e-06
AAB56840.1	N/A	1.70e-06
ABZ63403.1	N/A	1.72e-06
ATL07973.1	N/A	1.74e-06
AEX19709.1	N/A	1.75e-06
AAM17450.1	N/A	1.78e-06
AAE86436.1	N/A	1.78e-06
ABZ63391.1	N/A	1.79e-06
AAM57771.1	N/A	1.91e-06
ABL56059.1	N/A	1.95e-06
AVB90403.1	N/A	1.96e-06
AHD72681.1	N/A	1.97e-06
AAP00791.1	N/A	1.99e-06
CAD88096.1	N/A	2.05e-06
CAD79721.1	N/A	2.06e-06
AEN34063.1	N/A	2.06e-06
AAW02037.1	N/A	2.12e-06
ADA49954.1	N/A	2.17e-06
AEN34064.1	N/A	2.21e-06
ACW81400.1	N/A	2.22e-06
ATK99150.1	N/A	2.37e-06
AHL58322.1	N/A	2.40e-06
CAD69261.1	N/A	2.49e-06
AQN18801.1	N/A	2.57e-06
AAB80208.1	N/A	2.58e-06
ABZ63401.1	N/A	2.63e-06
AAC86094.1	N/A	2.64e-06
AAW10816.1	N/A	2.66e-06
AFG81235.1	N/A	2.67e-06
AAE38050.1	N/A	2.76e-06
ACC03253.1	N/A	2.87e-06
AKX79642.1	N/A	2.93e-06
AKX79279.1	N/A	2.97e-06
AAW10811.1	N/A	3.01e-06
QBC78241.1	N/A	3.02e-06
ACE46345.1	N/A	3.06e-06
AAE56975.1	N/A	3.07e-06
ABS99636.1	N/A	3.10e-06
ACC29791.1	N/A	3.12e-06
AED79905.1	N/A	3.16e-06
ABZ63402.1	N/A	3.20e-06
AOC24124.1	N/A	3.21e-06
AAR76521.1	N/A	3.28e-06
AKX79202.1	N/A	3.28e-06
AAE02675.1	N/A	3.29e-06
AAP64831.1	N/A	3.35e-06
ACC29780.1	N/A	3.37e-06
ABE17672.1	N/A	3.70e-06
AOC24438.1	N/A	3.78e-06
AAY77245.1	N/A	3.87e-06
ACC03254.1	N/A	3.91e-06
ABI05740.1	N/A	3.98e-06
AAN96745.1	N/A	4.02e-06
AAN95217.1	N/A	4.11e-06
AOC24437.1	N/A	4.19e-06
AAA71266.1	N/A	4.22e-06
ACC29752.1	N/A	4.22e-06
ACC29751.1	N/A	4.22e-06
AAY77230.1	N/A	4.23e-06
AEN34066.1	N/A	4.26e-06
CAD69492.1	N/A	4.26e-06
ABZ12258.1	N/A	4.29e-06
ABH95105.1	N/A	4.29e-06
ABZ63393.1	N/A	4.32e-06
ACC29753.1	N/A	4.41e-06
AAW10781.1	N/A	4.42e-06
AKX79246.1	N/A	4.43e-06
AAP64866.1	N/A	4.46e-06
AEX19714.1	N/A	4.46e-06
AKX79379.1	N/A	4.49e-06
AMF32843.1	N/A	4.57e-06
ATL07968.1	N/A	4.61e-06
AAE36280.1	N/A	4.62e-06
AAP64875.1	N/A	4.67e-06
ABL56050.1	N/A	4.68e-06
AAY77248.1	N/A	4.69e-06
AFG93856.1	N/A	4.72e-06
ABH81896.1	N/A	4.78e-06
AAE50242.1	N/A	4.86e-06
ACC29754.1	N/A	4.95e-06
ABT13178.1	N/A	4.97e-06
AAB80615.1	N/A	5.02e-06
ACK31707.1	N/A	5.03e-06
AME80573.1	N/A	5.07e-06
AAB12768.1	N/A	5.14e-06
AKX79186.1	N/A	5.17e-06
AKX79347.1	N/A	5.21e-06
ABL56054.1	N/A	5.36e-06
ABH95118.1	N/A	5.40e-06
CAD82895.1	N/A	5.47e-06
ABN37834.1	N/A	5.49e-06
AAB78151.1	N/A	5.50e-06
CAC33098.1	N/A	5.51e-06
CAD20551.1	N/A	5.61e-06
ACK01791.1	N/A	5.62e-06
CCA64010.1	N/A	5.65e-06
AAP64840.1	N/A	5.77e-06
AAE74682.1	N/A	5.90e-06
AAB74874.1	N/A	6.20e-06
AAX02342.1	N/A	6.26e-06
ABL56058.1	N/A	6.41e-06
ABT13184.1	N/A	6.43e-06
CCA64011.1	N/A	6.52e-06
AME80568.1	N/A	6.82e-06
AKX79532.1	N/A	7.05e-06
ATK99392.1	N/A	7.41e-06
AKX79244.1	N/A	7.47e-06
AEN34065.1	N/A	7.48e-06
AAN89547.1	N/A	7.55e-06
AEF78255.1	N/A	7.63e-06
ABL56056.1	N/A	7.68e-06
AAA95159.1	N/A	7.74e-06
AAP64846.1	N/A	7.82e-06
AAE52671.1	N/A	7.90e-06
AAB11116.1	N/A	8.03e-06
ABL56067.1	N/A	8.04e-06
ABL56052.1	N/A	8.19e-06
AAT14063.1	N/A	8.37e-06
AAT14064.1	N/A	8.41e-06
AAS37617.1	N/A	8.51e-06
ADS77752.1	N/A	8.55e-06
CAD38359.1	N/A	8.66e-06
AKX79500.1	N/A	8.81e-06
ABL56057.1	N/A	8.95e-06
AAB80209.1	N/A	9.04e-06
AAE25349.1	N/A	9.18e-06
AKX79867.1	N/A	9.20e-06
ACC29772.1	N/A	9.68e-06
AKX79294.1	N/A	9.69e-06
AKX79860.1	N/A	9.70e-06
ABL56055.1	N/A	9.79e-06
ATK99449.1	N/A	9.98e-06
AKX79729.1	N/A	1.01e-05
ATL07943.1	N/A	1.07e-05
AAE00130.1	N/A	1.09e-05
AKX79622.1	N/A	1.12e-05
AAW10854.1	N/A	1.14e-05
AAA71729.1	N/A	1.14e-05
ADS45726.1	N/A	1.17e-05
AAB44813.1	N/A	1.22e-05
ACQ18436.1	N/A	1.23e-05
ADI53421.1	N/A	1.27e-05
CAH05362.1	N/A	1.32e-05
AAA94967.1	N/A	1.32e-05
AAW02038.1	N/A	1.34e-05
ABU39379.1	N/A	1.35e-05
AED79906.1	N/A	1.36e-05
AED43618.1	N/A	1.36e-05
AKX79129.1	N/A	1.45e-05
ABZ31381.1	N/A	1.47e-05
AAP64852.1	N/A	1.53e-05
AAU51132.1	N/A	1.61e-05
AKX79395.1	N/A	1.66e-05
ABL56049.1	N/A	1.67e-05
ADS38940.1	N/A	1.67e-05
AAW10817.1	N/A	1.70e-05
AAE56977.1	N/A	1.70e-05
ABU39381.1	N/A	1.73e-05
AAW10828.1	N/A	1.75e-05
AKX79644.1	N/A	1.78e-05
CAF86570.1	N/A	1.78e-05
AFG93857.1	N/A	1.80e-05
AAE49219.1	N/A	1.85e-05
ACC03285.1	N/A	1.91e-05
AKX79378.1	N/A	1.91e-05
ABL56051.1	N/A	1.92e-05
AGN05808.1	N/A	1.98e-05
AGN05814.1	N/A	2.01e-05
AME80576.1	N/A	2.03e-05
AAN19664.1	N/A	2.06e-05
AKX79580.1	N/A	2.07e-05
AAB11098.1	N/A	2.10e-05
AVB90366.1	N/A	2.11e-05
AAC87331.1	N/A	2.11e-05
ACC29790.1	N/A	2.14e-05
AAB14684.1	N/A	2.16e-05
ABE17669.1	N/A	2.25e-05
AAC87328.1	N/A	2.26e-05
ABN29792.1	N/A	2.30e-05
AAU51674.1	N/A	2.32e-05
ACJ97646.1	N/A	2.53e-05
ABL56053.1	N/A	2.63e-05
AVB90435.1	N/A	2.65e-05
ABE20994.1	N/A	2.72e-05
AAB11077.1	N/A	2.72e-05
ABL51387.1	N/A	2.85e-05
AAN93436.1	N/A	2.85e-05
AAB11075.1	N/A	2.86e-05
ACP57169.1	N/A	2.95e-05
AAO31120.1	N/A	3.07e-05
AAE50253.1	N/A	3.12e-05
AAB11079.1	N/A	3.16e-05
CDM22049.1	N/A	3.17e-05
AAW10794.1	N/A	3.19e-05
AKX79310.1	N/A	3.49e-05
AAC89664.1	N/A	3.54e-05
ACP57170.1	N/A	3.59e-05
CAD79776.1	N/A	3.65e-05
AVB90433.1	N/A	3.76e-05
AAP64812.1	N/A	3.77e-05
AAN89548.1	N/A	3.86e-05
AAN20267.1	N/A	3.90e-05
AAE42670.1	N/A	3.91e-05
QHZ75264.1	N/A	3.92e-05
AAE69430.1	N/A	3.97e-05
ATJ63803.1	N/A	4.12e-05
AAW99681.1	N/A	4.16e-05
AAT23217.1	N/A	4.18e-05
AJL27791.1	N/A	4.26e-05
ADS38922.1	N/A	4.47e-05
AAB16168.1	N/A	4.61e-05
AKX79204.1	N/A	4.73e-05
AAW10085.1	N/A	4.78e-05
ADI53416.1	N/A	4.86e-05
AAW10843.1	N/A	4.95e-05
AKX79544.1	N/A	4.99e-05
