ACQ18164.1	N/A	3.76e-39
AKX79614.1	N/A	4.06e-37
AHE03245.1	N/A	4.66e-33
AAN27279.1	N/A	1.79e-32
AAB44811.1	N/A	2.44e-32
AAE10699.1	N/A	4.17e-32
ACM82703.1	N/A	4.36e-32
ACC29764.1	N/A	5.98e-32
AAE91743.1	N/A	6.94e-32
ACC29766.1	N/A	7.99e-32
AKX79124.1	N/A	8.87e-32
AAR78361.1	N/A	8.92e-32
ABC03445.1	N/A	2.78e-31
AAE10705.1	N/A	2.88e-31
AAE10704.1	N/A	3.24e-31
AQN59626.1	N/A	4.98e-31
ACC29765.1	N/A	6.53e-31
AAE10701.1	N/A	6.89e-31
CAD79755.1	N/A	1.91e-30
AKX79125.1	N/A	2.52e-30
AVB90281.1	N/A	2.74e-30
AAA94901.1	N/A	3.38e-30
AKX79264.1	N/A	5.56e-29
AAE10694.1	N/A	3.58e-28
AKX79269.1	N/A	2.57e-26
ABL13935.1	N/A	3.39e-26
AAB11096.1	N/A	6.99e-26
AED03793.1	N/A	8.92e-26
ABW44308.1	N/A	1.06e-25
AME80569.1	N/A	1.16e-25
AKX79209.1	N/A	2.20e-25
AJM47384.1	N/A	4.77e-25
AAW02037.1	N/A	9.88e-25
ACE26105.1	N/A	1.57e-24
AKX79858.1	N/A	2.54e-24
ABE17670.1	N/A	2.72e-24
ACE26106.1	N/A	2.73e-24
AAY72414.1	N/A	2.79e-24
AAA94964.1	N/A	2.81e-24
ABH95117.1	N/A	3.28e-24
AED79906.1	N/A	3.54e-24
AKX79210.1	N/A	4.98e-24
AKX79863.1	N/A	5.67e-24
ABJ42063.1	N/A	5.70e-24
ABH95118.1	N/A	6.14e-24
AAE02678.1	N/A	8.16e-24
AAB80614.1	N/A	9.16e-24
AJL53160.1	N/A	9.30e-24
AAA94958.1	N/A	9.61e-24
ACC29754.1	N/A	9.72e-24
AAW10811.1	N/A	9.91e-24
AAM17450.1	N/A	1.03e-23
ABN29295.1	N/A	1.11e-23
AAB16002.1	N/A	1.35e-23
AAN88880.1	N/A	1.43e-23
AAA71266.1	N/A	1.49e-23
ACC29752.1	N/A	1.49e-23
ACC29751.1	N/A	1.49e-23
AAE10696.1	N/A	1.50e-23
AKX79288.1	N/A	1.54e-23
ABH95105.1	N/A	1.59e-23
AAN95217.1	N/A	1.62e-23
AED79905.1	N/A	1.64e-23
AKX79289.1	N/A	1.82e-23
AAX02342.1	N/A	1.94e-23
ABN29298.1	N/A	2.06e-23
AAE41210.1	N/A	2.08e-23
ABE17672.1	N/A	2.23e-23
AAE68760.1	N/A	2.26e-23
ABH95119.1	N/A	2.41e-23
CAD79776.1	N/A	2.45e-23
ABN29296.1	N/A	2.52e-23
AKX79819.1	N/A	2.88e-23
ABN29297.1	N/A	3.26e-23
AAB16001.1	N/A	3.50e-23
AAE10695.1	N/A	3.59e-23
AQN59636.1	N/A	3.64e-23
AAE02677.1	N/A	4.75e-23
AKX79182.1	N/A	5.49e-23
ABE24588.1	N/A	5.59e-23
ABH95112.1	N/A	5.87e-23
ABJ42064.1	N/A	6.28e-23
ADC20444.1	N/A	7.55e-23
AAN88881.1	N/A	7.89e-23
AJM06744.1	N/A	7.92e-23
AKX79856.1	N/A	8.41e-23
AKX79540.1	N/A	1.00e-22
AKX79637.1	N/A	1.15e-22
AAN88878.1	N/A	1.35e-22
ABH95114.1	N/A	1.39e-22
AKX79287.1	N/A	1.79e-22
AQN59620.1	N/A	1.80e-22
AUF04938.1	N/A	1.81e-22
AAW10792.1	N/A	1.86e-22
AKX79857.1	N/A	1.89e-22
ABH95120.1	N/A	2.17e-22
AKX79204.1	N/A	2.19e-22
ATK87351.1	N/A	2.31e-22
ATK87350.1	N/A	2.46e-22
ACC29753.1	N/A	2.87e-22
AAE75258.1	N/A	3.07e-22
AME80575.1	N/A	3.32e-22
ACC29782.1	N/A	3.33e-22
AAB11080.1	N/A	3.72e-22
CAA03542.1	N/A	3.93e-22
AKX79860.1	N/A	3.93e-22
ABL20588.1	N/A	3.95e-22
AAC11673.1	N/A	4.23e-22
AAE10706.1	N/A	4.44e-22
AKX79859.1	N/A	4.47e-22
ABJ42066.1	N/A	4.60e-22
AQN59638.1	N/A	4.85e-22
AAB80609.1	N/A	5.14e-22
AKX79271.1	N/A	5.21e-22
AJM06742.1	N/A	5.37e-22
ABE24586.1	N/A	5.38e-22
ABE17669.1	N/A	6.13e-22
AAB16003.1	N/A	6.28e-22
AAE10697.1	N/A	6.28e-22
AAW02038.1	N/A	6.45e-22
AKX79301.1	N/A	6.54e-22
AME80566.1	N/A	6.60e-22
ACC29745.1	N/A	6.77e-22
AME80567.1	N/A	7.68e-22
AAR78369.1	N/A	8.77e-22
AAB80612.1	N/A	9.92e-22
AKX64078.1	N/A	9.92e-22
AAP00870.1	N/A	1.08e-21
ABL20574.1	N/A	1.09e-21
AUF04941.1	N/A	1.10e-21
ATK87347.1	N/A	1.15e-21
ATK87344.1	N/A	1.20e-21
ATK87345.1	N/A	1.22e-21
CAD79760.1	N/A	1.25e-21
ABZ12258.1	N/A	1.26e-21
ABP12364.1	N/A	1.37e-21
AAE00128.1	N/A	1.42e-21
ATK87346.1	N/A	1.45e-21
ACC29746.1	N/A	1.46e-21
AAP64847.1	N/A	1.58e-21
AAN88882.1	N/A	1.62e-21
AAP64813.1	N/A	1.66e-21
ATK87398.1	N/A	1.68e-21
AKX79729.1	N/A	1.71e-21
ABH95115.1	N/A	1.80e-21
AAE00137.1	N/A	1.92e-21
AKX79260.1	N/A	2.00e-21
AAA71267.1	N/A	2.06e-21
AOL51848.1	N/A	2.10e-21
CBJ06585.1	N/A	2.35e-21
CBJ06583.1	N/A	2.65e-21
AAW99687.1	N/A	2.74e-21
AAW05569.1	N/A	2.79e-21
CBJ06630.1	N/A	2.80e-21
CBJ06582.1	N/A	2.87e-21
AAX02345.1	N/A	2.89e-21
AAO97601.1	N/A	3.02e-21
AAE02679.1	N/A	3.20e-21
AAW10789.1	N/A	3.21e-21
CBJ06579.1	N/A	3.29e-21
CBJ06584.1	N/A	3.42e-21
CBJ06581.1	N/A	3.52e-21
AKX79862.1	N/A	3.81e-21
CBJ06589.1	N/A	3.84e-21
CBJ06587.1	N/A	3.89e-21
AAW10790.1	N/A	3.95e-21
AAE00135.1	N/A	4.11e-21
CBJ06580.1	N/A	4.32e-21
ACC29747.1	N/A	4.61e-21
CBJ06586.1	N/A	4.79e-21
CBJ06578.1	N/A	4.80e-21
AAB11086.1	N/A	5.04e-21
CAD79754.1	N/A	5.18e-21
ADC20434.1	N/A	5.42e-21
AAW10786.1	N/A	5.43e-21
AAW10788.1	N/A	5.64e-21
AAO31119.1	N/A	5.70e-21
CBJ06588.1	N/A	5.71e-21
AME80577.1	N/A	5.79e-21
AAO97613.1	N/A	5.80e-21
ABJ42065.1	N/A	5.96e-21
AAW99685.1	N/A	5.98e-21
AVB90435.1	N/A	6.14e-21
AAW10787.1	N/A	6.73e-21
AAW99688.1	N/A	6.94e-21
AAW99686.1	N/A	7.03e-21
AYF68115.1	N/A	8.56e-21
AAE77741.1	N/A	9.07e-21
AJL53161.1	N/A	9.41e-21
AAW10832.1	N/A	9.52e-21
AKX79638.1	N/A	9.85e-21
AKX79785.1	N/A	1.09e-20
AAE32351.1	N/A	1.13e-20
CAA02440.1	N/A	1.54e-20
AAR66474.1	N/A	1.61e-20
AAA94903.1	N/A	1.61e-20
AAO97600.1	N/A	1.71e-20
AAO97600.1	N/A	1.71e-20
AJM06730.1	N/A	1.94e-20
AAE36277.1	N/A	1.96e-20
AAW10793.1	N/A	2.22e-20
CCA64011.1	N/A	2.27e-20
CCA64011.1	N/A	1.02e-05
ACC29781.1	N/A	2.27e-20
AKX79640.1	N/A	2.39e-20
AAW10496.1	N/A	2.72e-20
ACC29783.1	N/A	2.77e-20
AKX79786.1	N/A	2.89e-20
AAT23219.1	N/A	3.01e-20
AAE68758.1	N/A	3.04e-20
AAE00136.1	N/A	3.71e-20
AAB44812.1	N/A	3.85e-20
AAA94962.1	N/A	4.07e-20
AAE81199.1	N/A	4.20e-20
AAA94963.1	N/A	4.51e-20
CAA03544.1	N/A	4.90e-20
AAE87493.1	N/A	5.35e-20
AAN21181.1	N/A	5.45e-20
ATJ63800.1	N/A	5.64e-20
CAD69354.1	N/A	5.68e-20
QFN26139.1	N/A	6.23e-20
AAW10820.1	N/A	6.32e-20
AKX79762.1	N/A	6.57e-20
AAQ27077.1	N/A	6.98e-20
AAN21180.1	N/A	7.33e-20
AJN70180.1	N/A	7.46e-20
AAN99758.1	N/A	7.57e-20
ABW44247.1	N/A	8.31e-20
AKX79557.1	N/A	8.88e-20
AMF21933.1	N/A	9.43e-20
AKX31094.1	N/A	1.05e-19
AJN70157.1	N/A	1.28e-19
ABT13184.1	N/A	1.43e-19
ACC29772.1	N/A	1.86e-19
AAE68759.1	N/A	1.99e-19
ADL74427.1	N/A	2.23e-19
ABJ42062.1	N/A	2.49e-19
AKX79634.1	N/A	2.57e-19
AAB11085.1	N/A	2.60e-19
ADS78965.1	N/A	2.87e-19
AVB90292.1	N/A	3.00e-19
AKX31093.1	N/A	3.11e-19
AJN70182.1	N/A	3.13e-19
AVB90360.1	N/A	3.13e-19
AAE44539.1	N/A	3.19e-19
AKX79760.1	N/A	3.65e-19
ABE20965.1	N/A	3.66e-19
AAE67325.1	N/A	3.72e-19
AAE32940.1	N/A	4.15e-19
AAQ27076.1	N/A	4.27e-19
AAB11119.1	N/A	5.08e-19
AAR66472.1	N/A	5.23e-19
AAN20094.1	N/A	7.02e-19
AMF21931.1	N/A	7.02e-19
ABT13178.1	N/A	7.32e-19
AAB54703.1	N/A	8.53e-19
AAE28182.1	N/A	9.22e-19
AAY08095.1	N/A	9.23e-19
ABL13909.1	N/A	9.39e-19
AKX79222.1	N/A	1.03e-18
AER79436.1	N/A	1.06e-18
AJN70158.1	N/A	1.09e-18
AAB11089.1	N/A	1.10e-18
AAB11083.1	N/A	1.11e-18
AAW13848.1	N/A	1.14e-18
AAX02343.1	N/A	1.25e-18
AAE81200.1	N/A	1.36e-18
AAE81203.1	N/A	1.43e-18
CAD79722.1	N/A	1.58e-18
AAY72415.1	N/A	1.67e-18
ACC29800.1	N/A	1.68e-18
AKX79221.1	N/A	1.75e-18
AAY08097.1	N/A	1.80e-18
ACC29799.1	N/A	1.81e-18
AAE45724.1	N/A	1.90e-18
ABZ32875.1	N/A	1.93e-18
AAE02675.1	N/A	2.03e-18
AAB42859.1	N/A	2.05e-18
AKX79488.1	N/A	2.06e-18
AAE32348.1	N/A	2.10e-18
AED49099.1	N/A	2.44e-18
AAE56972.1	N/A	2.78e-18
ABJ41964.1	N/A	2.83e-18
CAB58543.1	N/A	2.85e-18
AED49098.1	N/A	3.11e-18
AKX79774.1	N/A	3.33e-18
AAE36280.1	N/A	3.63e-18
CAD79723.1	N/A	3.91e-18
AAE02676.1	N/A	3.95e-18
AME80573.1	N/A	4.30e-18
QFN61651.1	N/A	4.43e-18
AAN88879.1	N/A	5.09e-18
AAE73292.1	N/A	5.72e-18
ATL08320.1	N/A	5.73e-18
ACC29755.1	N/A	6.16e-18
ACC29755.1	N/A	6.62e-09
ACC29775.1	N/A	6.62e-18
QHX61699.1	N/A	7.30e-18
ACC29756.1	N/A	7.82e-18
ACC29756.1	N/A	6.38e-09
AAB11093.1	N/A	8.49e-18
ACC29757.1	N/A	9.65e-18
ACC29757.1	N/A	6.80e-09
AME80568.1	N/A	1.01e-17
ABH71886.1	N/A	1.05e-17
AQN59630.1	N/A	1.06e-17
AKX79730.1	N/A	1.07e-17
AAP64858.1	N/A	1.13e-17
AAE73296.1	N/A	1.20e-17
AKX79291.1	N/A	1.23e-17
ABZ31206.1	N/A	1.24e-17
AAE73293.1	N/A	1.26e-17
AAC11668.1	N/A	1.29e-17
QHX61697.1	N/A	1.30e-17
AKX79782.1	N/A	1.33e-17
AAB11078.1	N/A	1.35e-17
AAC87332.1	N/A	1.40e-17
ABZ32825.1	N/A	1.52e-17
AAW10781.1	N/A	1.71e-17
AAB78154.1	N/A	1.73e-17
AKX79861.1	N/A	1.80e-17
AAE08665.1	N/A	2.00e-17
ABT13182.1	N/A	2.23e-17
QHX61700.1	N/A	2.29e-17
AAE73297.1	N/A	2.34e-17
AAE50237.1	N/A	2.43e-17
AAB11081.1	N/A	2.49e-17
AAA70688.1	N/A	2.55e-17
AED49097.1	N/A	2.75e-17
AAB74873.1	N/A	3.04e-17
AAA95158.1	N/A	3.14e-17
AKX79840.1	N/A	3.19e-17
ABT13185.1	N/A	3.27e-17
AAN21183.1	N/A	3.28e-17
AAS31659.1	N/A	3.45e-17
ADS78964.1	N/A	3.50e-17
ADC21479.1	N/A	3.75e-17
AAE36279.1	N/A	4.01e-17
AAU51132.1	N/A	4.61e-17
AAE36276.1	N/A	4.89e-17
AKX79702.1	N/A	4.99e-17
ACC29774.1	N/A	5.10e-17
AME80574.1	N/A	5.32e-17
AKX79780.1	N/A	5.42e-17
AAB75421.1	N/A	5.69e-17
AAE06360.1	N/A	7.15e-17
CAC88307.1	N/A	7.85e-17
AEF78255.1	N/A	9.42e-17
ABT13175.1	N/A	9.84e-17
AAE75263.1	N/A	1.00e-16
AKX79628.1	N/A	1.03e-16
AAE75261.1	N/A	1.09e-16
AAA94897.1	N/A	1.11e-16
AAE75262.1	N/A	1.13e-16
ADC20571.1	N/A	1.14e-16
AAW10791.1	N/A	1.24e-16
AAE68755.1	N/A	1.29e-16
ABT13179.1	N/A	1.30e-16
ABU39283.1	N/A	1.35e-16
AAT23221.1	N/A	1.37e-16
CAD69521.1	N/A	1.37e-16
AAB11090.1	N/A	1.39e-16
ABA32566.1	N/A	1.45e-16
AAW10782.1	N/A	1.60e-16
AHE20048.1	N/A	1.64e-16
AAO31117.1	N/A	1.75e-16
AAM58785.1	N/A	1.78e-16
AAW10497.1	N/A	1.82e-16
AAA94902.1	N/A	2.02e-16
AEC33399.1	N/A	2.19e-16
AKX79698.1	N/A	2.39e-16
AJM06743.1	N/A	2.51e-16
AAA94898.1	N/A	2.55e-16
AVB90433.1	N/A	2.64e-16
AAE72278.1	N/A	2.65e-16
AAE32347.1	N/A	2.91e-16
ATL08321.1	N/A	3.02e-16
AAA71725.1	N/A	3.05e-16
AAY08129.1	N/A	3.10e-16
AAB11087.1	N/A	3.15e-16
ACQ18345.1	N/A	3.17e-16
AAE00129.1	N/A	3.45e-16
AAW10843.1	N/A	3.53e-16
AAN20267.1	N/A	3.67e-16
AAA71726.1	N/A	3.95e-16
AAR76521.1	N/A	4.25e-16
AJL27791.1	N/A	4.26e-16
ABL51388.1	N/A	4.28e-16
ABH65480.1	N/A	4.28e-16
AKX79299.1	N/A	4.38e-16
ADM03715.1	N/A	4.43e-16
AAP64867.1	N/A	4.48e-16
ABN29250.1	N/A	4.51e-16
AKX79558.1	N/A	4.63e-16
AKX79246.1	N/A	5.22e-16
ACE20852.1	N/A	5.28e-16
AKX79699.1	N/A	5.31e-16
AJM06745.1	N/A	5.67e-16
ADI53415.1	N/A	5.68e-16
ACC19101.1	N/A	5.84e-16
AAA94965.1	N/A	6.09e-16
AAA94965.1	N/A	3.42e-09
ABU39276.1	N/A	7.60e-16
ABU39276.1	N/A	6.34e-09
AAE73289.1	N/A	8.05e-16
AAA71263.1	N/A	8.35e-16
AAA71263.1	N/A	6.64e-09
AKX79773.1	N/A	8.69e-16
CAD69360.1	N/A	8.89e-16
CAD69360.1	N/A	6.42e-09
AAC88914.1	N/A	9.22e-16
AAR66462.1	N/A	9.56e-16
AAE49018.1	N/A	9.61e-16
AGN05815.1	N/A	9.80e-16
AAP64832.1	N/A	1.00e-15
AAA95160.1	N/A	1.09e-15
AKX79184.1	N/A	1.11e-15
AAW10812.1	N/A	1.18e-15
AAW10812.1	N/A	2.56e-08
AAW10852.1	N/A	1.20e-15
AQN59627.1	N/A	1.26e-15
ABJ42829.1	N/A	1.35e-15
AAE37455.1	N/A	1.65e-15
CBJ06566.1	N/A	1.69e-15
CBJ06566.1	N/A	8.09e-09
AAE73290.1	N/A	1.75e-15
CBJ06563.1	N/A	1.79e-15
CBJ06563.1	N/A	8.63e-09
CBJ06574.1	N/A	1.81e-15
CBJ06574.1	N/A	7.69e-09
CBJ06570.1	N/A	1.85e-15
CBJ06570.1	N/A	7.88e-09
CBJ06562.1	N/A	1.88e-15
CBJ06562.1	N/A	8.21e-09
CBJ06565.1	N/A	2.00e-15
CBJ06565.1	N/A	7.92e-09
AAE41201.1	N/A	2.02e-15
AAW10831.1	N/A	2.02e-15
CBJ06572.1	N/A	2.10e-15
CBJ06572.1	N/A	8.67e-09
CBJ06577.1	N/A	2.17e-15
CBJ06577.1	N/A	8.20e-09
CBJ06573.1	N/A	2.19e-15
CBJ06573.1	N/A	8.03e-09
CBJ06575.1	N/A	2.19e-15
CBJ06575.1	N/A	9.09e-09
CBJ06571.1	N/A	2.20e-15
CBJ06571.1	N/A	8.81e-09
CBJ06567.1	N/A	2.20e-15
CBJ06567.1	N/A	9.06e-09
CBJ06569.1	N/A	2.21e-15
CBJ06569.1	N/A	8.78e-09
CBJ06568.1	N/A	2.27e-15
CBJ06568.1	N/A	9.75e-09
AAE37456.1	N/A	2.39e-15
AAB54702.1	N/A	2.39e-15
CBJ06576.1	N/A	2.40e-15
CBJ06576.1	N/A	9.10e-09
CBJ06564.1	N/A	2.43e-15
CBJ06564.1	N/A	9.46e-09
ABL16196.1	N/A	2.61e-15
AEN34065.1	N/A	2.68e-15
AKX79532.1	N/A	2.79e-15
ABC17417.1	N/A	2.82e-15
AJO32765.1	N/A	2.86e-15
ABE24590.1	N/A	2.91e-15
ABY15067.1	N/A	3.17e-15
AAE49021.1	N/A	3.20e-15
AAR76524.1	N/A	3.23e-15
ABY15068.1	N/A	3.24e-15
AAB74874.1	N/A	3.28e-15
AAW10830.1	N/A	3.29e-15
AAW10855.1	N/A	3.50e-15
AJM95460.1	N/A	3.64e-15
AAY08094.1	N/A	3.65e-15
AAO31122.1	N/A	3.72e-15
AAE36275.1	N/A	3.73e-15
AAC11672.1	N/A	3.96e-15
AAA95159.1	N/A	3.98e-15
AKX79546.1	N/A	4.06e-15
CAD82892.1	N/A	4.09e-15
CAD82893.1	N/A	4.46e-15
ACP57186.1	N/A	4.69e-15
AEN34066.1	N/A	5.64e-15
AAE56970.1	N/A	5.77e-15
AAE00130.1	N/A	5.81e-15
AAB11113.1	N/A	5.88e-15
AAE79563.1	N/A	6.69e-15
ATL08315.1	N/A	6.74e-15
AAB80611.1	N/A	6.78e-15
AAB80613.1	N/A	6.95e-15
AAR66516.1	N/A	7.04e-15
AOL51847.1	N/A	7.90e-15
AOL51847.1	N/A	6.24e-09
AAA70475.1	N/A	7.97e-15
AAA70475.1	N/A	3.72e-09
AAA71264.1	N/A	8.20e-15
AAA71264.1	N/A	3.82e-09
AEC33406.1	N/A	8.64e-15
AAR66555.1	N/A	9.21e-15
AAB11084.1	N/A	9.36e-15
AAU97547.1	N/A	9.58e-15
ADT42095.1	N/A	1.03e-14
ACE46345.1	N/A	1.07e-14
AAE33831.1	N/A	1.09e-14
AAB78152.1	N/A	1.11e-14
AHD70867.1	N/A	1.13e-14
AAW10785.1	N/A	1.14e-14
AQM99213.1	N/A	1.15e-14
AAC19522.1	N/A	1.16e-14
AAR66517.1	N/A	1.16e-14
ACC29780.1	N/A	1.25e-14
ABI05746.1	N/A	1.28e-14
AAR66463.1	N/A	1.37e-14
AAA71728.1	N/A	1.39e-14
AAB15014.1	N/A	1.41e-14
ACQ18373.1	N/A	1.44e-14
AJN70139.1	N/A	1.54e-14
AZK07847.1	N/A	1.61e-14
AJN70137.1	N/A	1.71e-14
CAC33117.1	N/A	1.77e-14
AAB44813.1	N/A	1.79e-14
AKX79779.1	N/A	1.80e-14
AAB78153.1	N/A	1.99e-14
AAB11122.1	N/A	2.18e-14
AAP64861.1	N/A	2.19e-14
ACN03405.1	N/A	2.22e-14
AAP64862.1	N/A	2.28e-14
ACH09743.1	N/A	2.28e-14
AUF10078.1	N/A	2.28e-14
CAF04024.1	N/A	2.30e-14
AAU77863.1	N/A	2.33e-14
AJN70146.1	N/A	2.37e-14
AAU50688.1	N/A	2.38e-14
AAE36376.1	N/A	2.53e-14
ACC29749.1	N/A	2.53e-14
AAB80610.1	N/A	2.64e-14
AAB80610.1	N/A	3.55e-09
ADS38930.1	N/A	2.72e-14
QFN40760.1	N/A	2.91e-14
AOC26637.1	N/A	2.92e-14
ABZ32047.1	N/A	3.01e-14
AED76868.1	N/A	3.08e-14
ABJ42819.1	N/A	3.09e-14
AAO95089.1	N/A	3.17e-14
AAW10856.1	N/A	3.38e-14
AAY10932.1	N/A	3.47e-14
AAA71727.1	N/A	3.55e-14
CAC33118.1	N/A	3.61e-14
AKX31091.1	N/A	3.67e-14
AAO95086.1	N/A	3.75e-14
AAB11074.1	N/A	3.82e-14
ABI06291.1	N/A	3.93e-14
ABJ42820.1	N/A	3.95e-14
ABU37744.1	N/A	4.06e-14
AAA94961.1	N/A	4.20e-14
AZK07849.1	N/A	4.28e-14
AAE95965.1	N/A	4.46e-14
AHL58322.1	N/A	4.49e-14
AAW99690.1	N/A	4.59e-14
AAE33830.1	N/A	4.61e-14
AEN34064.1	N/A	4.74e-14
AAE08666.1	N/A	5.04e-14
AAO95107.1	N/A	5.09e-14
AAP64827.1	N/A	5.20e-14
AAO95101.1	N/A	5.58e-14
CAD69492.1	N/A	5.70e-14
AAO95098.1	N/A	5.74e-14
AAE27630.1	N/A	5.84e-14
AEN34063.1	N/A	5.88e-14
AVB90403.1	N/A	5.88e-14
AAB11092.1	N/A	6.30e-14
ATL08381.1	N/A	6.44e-14
AAW10761.1	N/A	6.46e-14
AZK07848.1	N/A	6.51e-14
AJN70173.1	N/A	6.58e-14
AAO95097.1	N/A	6.60e-14
AAO95091.1	N/A	6.66e-14
AAO95106.1	N/A	6.85e-14
AAA94968.1	N/A	6.86e-14
ABI05736.1	N/A	6.92e-14
AAB45515.1	N/A	6.92e-14
AAP64844.1	N/A	7.13e-14
AAE75264.1	N/A	7.19e-14
AAE33832.1	N/A	7.36e-14
AAE75265.1	N/A	7.46e-14
AAA53857.1	N/A	7.67e-14
AAO95100.1	N/A	7.72e-14
AAE72279.1	N/A	8.07e-14
ABI05744.1	N/A	8.12e-14
AKX79700.1	N/A	8.34e-14
AKX79293.1	N/A	8.36e-14
AAO95102.1	N/A	8.39e-14
AEX19714.1	N/A	8.46e-14
AAO95105.1	N/A	8.47e-14
AKX79244.1	N/A	8.56e-14
AAY77230.1	N/A	8.66e-14
AAY77245.1	N/A	8.82e-14
AAO95099.1	N/A	8.95e-14
CAD79721.1	N/A	9.34e-14
AKX79544.1	N/A	9.67e-14
AAO95087.1	N/A	9.82e-14
AGJ44636.1	N/A	9.91e-14
AAO95088.1	N/A	9.91e-14
ABI05748.1	N/A	1.00e-13
ABI05738.1	N/A	1.01e-13
AAB75422.1	N/A	1.01e-13
AEX19709.1	N/A	1.02e-13
CAD38359.1	N/A	1.05e-13
ABL51387.1	N/A	1.06e-13
AAW10085.1	N/A	1.09e-13
AAO95104.1	N/A	1.14e-13
ABH66164.1	N/A	1.16e-13
AAB44816.1	N/A	1.19e-13
AAW10762.1	N/A	1.24e-13
AAB12607.1	N/A	1.26e-13
AVB90408.1	N/A	1.27e-13
AAO95090.1	N/A	1.30e-13
AAE42133.1	N/A	1.32e-13
AAO95103.1	N/A	1.32e-13
AAW10770.1	N/A	1.33e-13
AAW10853.1	N/A	1.37e-13
CAC33098.1	N/A	1.37e-13
AAM17832.1	N/A	1.38e-13
AAP64849.1	N/A	1.46e-13
ABH66163.1	N/A	1.48e-13
AAW99689.1	N/A	1.62e-13
ADS88059.1	N/A	1.64e-13
ABW65082.1	N/A	1.65e-13
AAO95096.1	N/A	1.65e-13
AAO95092.1	N/A	1.66e-13
AAE81840.1	N/A	1.68e-13
ABI05745.1	N/A	1.70e-13
AAO95095.1	N/A	1.71e-13
AAE47533.1	N/A	1.76e-13
AJN70136.1	N/A	1.79e-13
AAW10764.1	N/A	1.81e-13
ABA07296.1	N/A	1.81e-13
ABW53198.1	N/A	1.88e-13
AZK07851.1	N/A	2.03e-13
AAB11111.1	N/A	2.07e-13
AAB78704.1	N/A	2.17e-13
AAO95094.1	N/A	2.17e-13
AAY77248.1	N/A	2.19e-13
QFN61652.1	N/A	2.26e-13
AFQ88356.1	N/A	2.43e-13
AKX79500.1	N/A	2.57e-13
ATL08596.1	N/A	2.58e-13
AKX79732.1	N/A	2.67e-13
AAA94960.1	N/A	2.68e-13
AAN93436.1	N/A	2.73e-13
ACV98035.1	N/A	2.82e-13
ABE20994.1	N/A	2.88e-13
ABN15660.1	N/A	2.90e-13
ACP58398.1	N/A	2.93e-13
AAP64838.1	N/A	2.94e-13
AHE03244.1	N/A	2.98e-13
AAA71054.1	N/A	3.01e-13
AJN70172.1	N/A	3.03e-13
AAR66556.1	N/A	3.03e-13
AAP00871.1	N/A	3.09e-13
AAP00871.1	N/A	4.68e-06
AAW10771.1	N/A	3.10e-13
AAA95156.1	N/A	3.12e-13
AAA95156.1	N/A	1.03e-05
ABS90788.1	N/A	3.22e-13
ATL08595.1	N/A	3.32e-13
AAP64815.1	N/A	3.34e-13
ACC29770.1	N/A	3.39e-13
ACC29770.1	N/A	8.48e-07
AJN70138.1	N/A	3.44e-13
ACC29769.1	N/A	3.46e-13
ACC29769.1	N/A	4.85e-06
CBJ06591.1	N/A	3.46e-13
CBJ06591.1	N/A	1.84e-06
ABH66165.1	N/A	3.52e-13
ACE36487.1	N/A	3.62e-13
AAE81839.1	N/A	3.62e-13
AAU96176.1	N/A	3.62e-13
ABA33590.1	N/A	3.69e-13
AAE75787.1	N/A	3.70e-13
CBJ06594.1	N/A	3.94e-13
CBJ06594.1	N/A	8.88e-06
CBJ06598.1	N/A	3.99e-13
CBJ06598.1	N/A	9.50e-06
CBJ06599.1	N/A	4.00e-13
CBJ06599.1	N/A	8.29e-06
CBJ06595.1	N/A	4.02e-13
CBJ06595.1	N/A	7.47e-06
CBJ06590.1	N/A	4.31e-13
CBJ06590.1	N/A	2.21e-06
AAU96177.1	N/A	4.32e-13
AEU91104.1	N/A	4.36e-13
CBJ06596.1	N/A	4.44e-13
CBJ06596.1	N/A	8.51e-06
CBJ06601.1	N/A	4.62e-13
CBJ06601.1	N/A	8.22e-06
CBJ06592.1	N/A	4.85e-13
CBJ06592.1	N/A	2.20e-06
CBJ06597.1	N/A	4.86e-13
CBJ06597.1	N/A	7.75e-06
AKX79867.1	N/A	4.89e-13
CBJ06593.1	N/A	5.08e-13
CBJ06593.1	N/A	1.86e-06
ABE24589.1	N/A	5.13e-13
ABE24589.1	N/A	8.59e-06
AAT14063.1	N/A	5.18e-13
AZK07850.1	N/A	5.18e-13
CAD79729.1	N/A	5.19e-13
AAT14064.1	N/A	5.21e-13
CBJ06600.1	N/A	5.26e-13
CBJ06600.1	N/A	1.00e-05
AKX79294.1	N/A	5.31e-13
ABN29310.1	N/A	5.32e-13
ABN29310.1	N/A	1.47e-05
ABW65077.1	N/A	5.47e-13
ABI05750.1	N/A	5.60e-13
AAW10814.1	N/A	5.78e-13
ADS38921.1	N/A	5.99e-13
CAD82895.1	N/A	6.08e-13
AAW10763.1	N/A	6.27e-13
AAE03538.1	N/A	6.30e-13
AAW10860.1	N/A	6.36e-13
AJN70185.1	N/A	6.42e-13
AAE49022.1	N/A	6.53e-13
AAU51674.1	N/A	6.54e-13
ABI05735.1	N/A	6.93e-13
AME80570.1	N/A	6.98e-13
AAE47535.1	N/A	7.05e-13
ABW65081.1	N/A	7.14e-13
AAB56842.1	N/A	7.52e-13
AAW10769.1	N/A	7.86e-13
AAB76650.1	N/A	7.88e-13
ACC29768.1	N/A	8.81e-13
ACC29768.1	N/A	4.72e-06
ADI53420.1	N/A	9.01e-13
AUE82124.1	N/A	9.07e-13
AAN95215.1	N/A	9.25e-13
AUE80996.1	N/A	9.50e-13
AAN97567.1	N/A	9.66e-13
AAB12766.1	N/A	9.71e-13
ABH66172.1	N/A	1.02e-12
ABU39291.1	N/A	1.02e-12
ADS38923.1	N/A	1.02e-12
ADS38923.1	N/A	3.37e-08
ABI05743.1	N/A	1.04e-12
ABH75780.1	N/A	1.04e-12
ABH66173.1	N/A	1.05e-12
AAE73295.1	N/A	1.05e-12
ADS38928.1	N/A	1.10e-12
ABH75779.1	N/A	1.12e-12
AAE68757.1	N/A	1.14e-12
ABH66171.1	N/A	1.15e-12
AAR66477.1	N/A	1.17e-12
AAO31123.1	N/A	1.17e-12
CAD28186.1	N/A	1.18e-12
AAO99063.1	N/A	1.19e-12
ABH66174.1	N/A	1.21e-12
AKX31090.1	N/A	1.23e-12
ADI53421.1	N/A	1.24e-12
AAB80615.1	N/A	1.26e-12
ABE20992.1	N/A	1.27e-12
AAB11095.1	N/A	1.29e-12
ABN29248.1	N/A	1.30e-12
AKX79620.1	N/A	1.31e-12
AKX79620.1	N/A	2.60e-06
AAW99692.1	N/A	1.36e-12
ABE20991.1	N/A	1.39e-12
AVB90420.1	N/A	1.39e-12
AOC22922.1	N/A	1.44e-12
AAO95093.1	N/A	1.47e-12
ATK87348.1	N/A	1.53e-12
AUE80995.1	N/A	1.54e-12
ABZ32915.1	N/A	1.60e-12
AUE82118.1	N/A	1.69e-12
AAR66482.1	N/A	1.69e-12
ADI53416.1	N/A	1.73e-12
AAO99062.1	N/A	1.75e-12
AFK97651.1	N/A	1.76e-12
AAA95714.1	N/A	1.78e-12
ABE14800.1	N/A	1.92e-12
AAW10838.1	N/A	2.02e-12
AAQ47193.1	N/A	2.08e-12
AJL29376.1	N/A	2.11e-12
ABJ42824.1	N/A	2.14e-12
AYH61457.1	N/A	2.14e-12
AAX04516.1	N/A	2.29e-12
AAX04511.1	N/A	2.32e-12
ACC03253.1	N/A	2.32e-12
AAW10767.1	N/A	2.35e-12
ATL07956.1	N/A	2.41e-12
ADS38927.1	N/A	2.42e-12
ADS38927.1	N/A	5.52e-09
AME80571.1	N/A	2.56e-12
ACS10699.1	N/A	2.66e-12
ACS10699.1	N/A	1.33e-05
AAC20050.1	N/A	2.68e-12
ADL73019.1	N/A	2.68e-12
ADL73019.1	N/A	1.29e-05
AAB56841.1	N/A	2.69e-12
AAW10765.1	N/A	2.71e-12
AAR64250.1	N/A	2.75e-12
AAR64246.1	N/A	2.91e-12
ACC03254.1	N/A	3.03e-12
AAB77946.1	N/A	3.05e-12
AAR66476.1	N/A	3.07e-12
AAE49020.1	N/A	3.20e-12
ADS38920.1	N/A	3.21e-12
AAN20116.1	N/A	3.31e-12
AAM56669.1	N/A	3.47e-12
AAS37617.1	N/A	3.48e-12
ADS38917.1	N/A	3.48e-12
AAR64252.1	N/A	3.48e-12
AAE49019.1	N/A	3.50e-12
AAW99691.1	N/A	3.60e-12
AEX19735.1	N/A	3.61e-12
AAE86872.1	N/A	3.62e-12
AEX19736.1	N/A	3.65e-12
AAE80975.1	N/A	3.67e-12
AFQ88355.1	N/A	3.77e-12
AAE56971.1	N/A	3.88e-12
AAS22741.1	N/A	3.89e-12
ADM03716.1	N/A	3.91e-12
AJL29377.1	N/A	3.98e-12
AAW10842.1	N/A	4.12e-12
ABN29302.1	N/A	4.25e-12
CAD20552.1	N/A	4.66e-12
ACQ18392.1	N/A	4.99e-12
AKX79283.1	N/A	5.04e-12
AFK97650.1	N/A	5.08e-12
AAB11076.1	N/A	5.17e-12
AKX79397.1	N/A	5.33e-12
AAW10768.1	N/A	5.36e-12
AYH61458.1	N/A	5.37e-12
AAE21143.1	N/A	5.46e-12
AEX19733.1	N/A	5.66e-12
ACC03256.1	N/A	5.78e-12
ADS38922.1	N/A	5.81e-12
AAC91564.1	N/A	5.82e-12
AEX19734.1	N/A	5.82e-12
AKX79630.1	N/A	6.34e-12
AJO32764.1	N/A	6.40e-12
AAB15794.1	N/A	6.79e-12
AKX79778.1	N/A	6.98e-12
AAB78701.1	N/A	7.00e-12
ABI07245.1	N/A	7.04e-12
ABZ31158.1	N/A	7.06e-12
AAA75664.1	N/A	7.15e-12
ATK87349.1	N/A	7.36e-12
AAB11094.1	N/A	7.42e-12
AAW10766.1	N/A	7.79e-12
AKX79295.1	N/A	7.99e-12
AKX79295.1	N/A	3.94e-05
AAC89508.1	N/A	8.31e-12
AAB54704.1	N/A	8.70e-12
AKX79664.1	N/A	8.94e-12
ABJ42825.1	N/A	9.81e-12
ACC29787.1	N/A	1.00e-11
AJN70161.1	N/A	1.01e-11
ATK99520.1	N/A	1.02e-11
AAP64850.1	N/A	1.05e-11
AAE68752.1	N/A	1.10e-11
AAP64852.1	N/A	1.11e-11
AHD71412.1	N/A	1.12e-11
AKX79626.1	N/A	1.12e-11
AKX79567.1	N/A	1.13e-11
ADC20569.1	N/A	1.18e-11
AGN05812.1	N/A	1.21e-11
ADS88058.1	N/A	1.24e-11
AAP64854.1	N/A	1.25e-11
AAR64251.1	N/A	1.36e-11
AAE80974.1	N/A	1.38e-11
ATK99320.1	N/A	1.47e-11
AKX79319.1	N/A	1.48e-11
AAM56668.1	N/A	1.55e-11
AAT23217.1	N/A	1.56e-11
ACE46339.1	N/A	1.58e-11
ATJ63803.1	N/A	1.60e-11
AAA71024.1	N/A	1.61e-11
AAQ78980.1	N/A	1.62e-11
AAQ78980.1	N/A	1.10e-05
AAR66511.1	N/A	1.70e-11
AAO96287.1	N/A	1.85e-11
AAP64816.1	N/A	1.87e-11
AAP64842.1	N/A	1.87e-11
ABW53208.1	N/A	1.95e-11
AAN20118.1	N/A	1.97e-11
AAE61988.1	N/A	2.00e-11
ADA41417.1	N/A	2.01e-11
ADA06529.1	N/A	2.04e-11
AAR66512.1	N/A	2.04e-11
AAE15298.1	N/A	2.11e-11
AAN95231.1	N/A	2.14e-11
AAP64820.1	N/A	2.16e-11
ABW65079.1	N/A	2.20e-11
AKX79385.1	N/A	2.20e-11
AAW10326.1	N/A	2.21e-11
AKX79619.1	N/A	2.23e-11
AKX79619.1	N/A	1.15e-05
AAW10780.1	N/A	2.25e-11
AAW10780.1	N/A	1.01e-05
ABZ32834.1	N/A	2.30e-11
ABH99710.1	N/A	2.30e-11
AAE87935.1	N/A	2.33e-11
AAR66480.1	N/A	2.35e-11
AAY08067.1	N/A	2.39e-11
AAO96296.1	N/A	2.41e-11
AAW10841.1	N/A	2.44e-11
ABH99711.1	N/A	2.47e-11
AKX79375.1	N/A	2.51e-11
AUE82116.1	N/A	2.52e-11
ABH99709.1	N/A	2.53e-11
AAE36274.1	N/A	2.63e-11
AKX79696.1	N/A	2.69e-11
AAP64860.1	N/A	2.69e-11
AAO96295.1	N/A	2.84e-11
ABP07731.1	N/A	2.92e-11
AAE03539.1	N/A	2.95e-11
AQN59629.1	N/A	3.01e-11
ACK31704.1	N/A	3.03e-11
AAS22742.1	N/A	3.04e-11
AAO96294.1	N/A	3.11e-11
ABJ30024.1	N/A	3.19e-11
ABJ30022.1	N/A	3.23e-11
AKX79206.1	N/A	3.31e-11
ABU26769.1	N/A	3.31e-11
CCA64008.1	N/A	3.33e-11
AAW10840.1	N/A	3.33e-11
AEX19711.1	N/A	3.35e-11
ADF20580.1	N/A	3.44e-11
ADF20581.1	N/A	3.51e-11
ADF20578.1	N/A	3.58e-11
AAE70088.1	N/A	3.63e-11
ABJ30025.1	N/A	3.68e-11
AAR67195.1	N/A	3.73e-11
AAP64826.1	N/A	3.74e-11
AAN97566.1	N/A	3.78e-11
AME80576.1	N/A	3.85e-11
ACW55990.1	N/A	3.86e-11
AAE75785.1	N/A	3.94e-11
ACJ97651.1	N/A	3.95e-11
AAE95835.1	N/A	4.00e-11
AAC20049.1	N/A	4.19e-11
AME80572.1	N/A	4.23e-11
ACW55984.1	N/A	4.27e-11
ACW55983.1	N/A	4.39e-11
AAO96288.1	N/A	4.40e-11
AAO96290.1	N/A	4.50e-11
AAR64249.1	N/A	4.53e-11
AAO96298.1	N/A	4.57e-11
AAW10784.1	N/A	4.62e-11
ACW56003.1	N/A	4.65e-11
AAB74870.1	N/A	4.66e-11
ACW55993.1	N/A	4.67e-11
AVA51211.1	N/A	4.70e-11
AVX67803.1	N/A	4.71e-11
QCB11932.1	N/A	4.77e-11
AAO96289.1	N/A	4.91e-11
ACW55988.1	N/A	5.11e-11
AGN05810.1	N/A	5.15e-11
ABE24587.1	N/A	5.25e-11
AAW10816.1	N/A	5.30e-11
ATK87355.1	N/A	5.31e-11
AAN20117.1	N/A	5.37e-11
ACK31708.1	N/A	5.41e-11
AAB11082.1	N/A	5.47e-11
AGU04649.1	N/A	5.54e-11
AAB78702.1	N/A	5.59e-11
ATK87354.1	N/A	5.62e-11
AEP49912.1	N/A	5.64e-11
QKP69279.1	N/A	5.86e-11
QHZ84220.1	N/A	5.93e-11
AUE82117.1	N/A	5.97e-11
AAE47991.1	N/A	6.00e-11
AAE75784.1	N/A	6.00e-11
ACW55987.1	N/A	6.17e-11
ACW55986.1	N/A	6.18e-11
ABZ33075.1	N/A	6.31e-11
AKX79262.1	N/A	6.73e-11
ADS38939.1	N/A	6.76e-11
ATK87353.1	N/A	6.99e-11
QKP69245.1	N/A	6.99e-11
AUF11987.1	N/A	7.01e-11
ABJ30023.1	N/A	7.03e-11
AJN70186.1	N/A	7.28e-11
ADF20579.1	N/A	7.36e-11
ACW55985.1	N/A	7.47e-11
ATK87352.1	N/A	7.48e-11
AKX79660.1	N/A	7.49e-11
AAE68753.1	N/A	7.63e-11
ADA41416.1	N/A	7.67e-11
AKX79339.1	N/A	7.67e-11
ACW55991.1	N/A	7.93e-11
AAY77228.1	N/A	8.15e-11
AAQ37898.1	N/A	8.66e-11
AAB12606.1	N/A	8.91e-11
AAE32349.1	N/A	9.07e-11
AAN96745.1	N/A	9.31e-11
ABI05747.1	N/A	9.39e-11
AAY77243.1	N/A	9.52e-11
ADA49595.1	N/A	9.84e-11
ATL08436.1	N/A	1.01e-10
AAB44814.1	N/A	1.01e-10
AAE36282.1	N/A	1.03e-10
ADC20568.1	N/A	1.05e-10
ACC29791.1	N/A	1.07e-10
ADA49594.1	N/A	1.08e-10
ACW55992.1	N/A	1.09e-10
AAT23220.1	N/A	1.09e-10
AAW10325.1	N/A	1.10e-10
ACW56004.1	N/A	1.11e-10
ACW56001.1	N/A	1.11e-10
AAO96286.1	N/A	1.11e-10
ABZ32848.1	N/A	1.12e-10
CAF86570.1	N/A	1.13e-10
ABN29299.1	N/A	1.15e-10
AAB11138.1	N/A	1.15e-10
AHE20047.1	N/A	1.16e-10
CAD69475.1	N/A	1.16e-10
AAR78366.1	N/A	1.17e-10
ACC29758.1	N/A	1.17e-10
ACC29758.1	N/A	5.61e-08
AAB14684.1	N/A	1.18e-10
ACC29790.1	N/A	1.20e-10
AGN05808.1	N/A	1.21e-10
AAC87328.1	N/A	1.21e-10
AAW10813.1	N/A	1.24e-10
AAW10813.1	N/A	2.34e-07
AVB90365.1	N/A	1.25e-10
AVB90365.1	N/A	5.61e-08
AGN05814.1	N/A	1.25e-10
AAE56977.1	N/A	1.25e-10
AAO96297.1	N/A	1.28e-10
AAW10826.1	N/A	1.29e-10
ACW56002.1	N/A	1.30e-10
AAV20707.1	N/A	1.32e-10
ACE46355.1	N/A	1.32e-10
ADS38924.1	N/A	1.35e-10
AAE49219.1	N/A	1.36e-10
AAE80946.1	N/A	1.38e-10
AAE50219.1	N/A	1.41e-10
CBJ06633.1	N/A	1.49e-10
CBJ06633.1	N/A	1.05e-07
ACP57169.1	N/A	1.49e-10
AAC89509.1	N/A	1.51e-10
AKX79758.1	N/A	1.53e-10
ACK31706.1	N/A	1.55e-10
ATL07940.1	N/A	1.65e-10
QBC78241.1	N/A	1.66e-10
AKX79776.1	N/A	1.68e-10
AKX79487.1	N/A	1.77e-10
AAW99681.1	N/A	1.78e-10
AAW10797.1	N/A	1.80e-10
ABW53209.1	N/A	1.81e-10
CAD79724.1	N/A	1.87e-10
AGN58045.1	N/A	1.88e-10
AAY77247.1	N/A	1.90e-10
AGN05819.1	N/A	1.91e-10
AHD77729.1	N/A	1.92e-10
AAE24495.1	N/A	1.93e-10
ADC20433.1	N/A	1.96e-10
AAR66479.1	N/A	1.98e-10
ACP57170.1	N/A	2.03e-10
AAQ32103.1	N/A	2.03e-10
ABW45101.1	N/A	2.24e-10
AJO32763.1	N/A	2.31e-10
AKX79543.1	N/A	2.37e-10
AMF32843.1	N/A	2.44e-10
AAE56975.1	N/A	2.49e-10
AAE24084.1	N/A	2.55e-10
AED82169.1	N/A	2.56e-10
ABW45098.1	N/A	2.57e-10
AEC33407.1	N/A	2.59e-10
AED45353.1	N/A	2.72e-10
AKX79172.1	N/A	2.76e-10
AKX79281.1	N/A	2.82e-10
AKX79646.1	N/A	2.92e-10
AAE86436.1	N/A	2.95e-10
ARH80636.1	N/A	3.06e-10
AUF10588.1	N/A	3.08e-10
AAP00791.1	N/A	3.09e-10
AAE61984.1	N/A	3.14e-10
ABU26770.1	N/A	3.14e-10
AAE80945.1	N/A	3.18e-10
ATL07973.1	N/A	3.21e-10
ACC29759.1	N/A	3.30e-10
ACC29759.1	N/A	5.81e-08
AAB12767.1	N/A	3.40e-10
AAB14683.1	N/A	3.43e-10
AJO32762.1	N/A	3.45e-10
AKX79425.1	N/A	3.55e-10
ABW61203.1	N/A	3.58e-10
AGN05813.1	N/A	3.59e-10
AAP64828.1	N/A	3.66e-10
AAP64863.1	N/A	3.94e-10
ATL08016.1	N/A	4.00e-10
AKX79687.1	N/A	4.18e-10
ATK99124.1	N/A	4.21e-10
AKX79890.1	N/A	4.22e-10
AAE81202.1	N/A	4.24e-10
AAE50260.1	N/A	4.28e-10
AAR66483.1	N/A	4.29e-10
ACK31705.1	N/A	4.30e-10
AAE61989.1	N/A	4.37e-10
ABT13183.1	N/A	4.39e-10
AKX79285.1	N/A	4.48e-10
AKX79379.1	N/A	4.52e-10
ATL07931.1	N/A	4.55e-10
AAR76558.1	N/A	4.60e-10
AGN58128.1	N/A	4.65e-10
AAM60136.1	N/A	4.74e-10
AEQ43226.1	N/A	4.76e-10
QCB84839.1	N/A	4.82e-10
AQN18801.1	N/A	4.92e-10
AAE16335.1	N/A	4.96e-10
ABZ33082.1	N/A	5.11e-10
QKP69280.1	N/A	5.25e-10
ABH81887.1	N/A	5.31e-10
AGN05811.1	N/A	5.37e-10
AJN70144.1	N/A	5.38e-10
ATL08354.1	N/A	5.50e-10
AAC87326.1	N/A	5.56e-10
AAC87327.1	N/A	5.63e-10
ABZ32555.1	N/A	5.69e-10
AAE56967.1	N/A	5.80e-10
ABT13180.1	N/A	5.91e-10
ABI12379.1	N/A	5.92e-10
AAV19028.1	N/A	5.97e-10
AAE46647.1	N/A	5.99e-10
AAE38413.1	N/A	6.14e-10
ABW60956.1	N/A	6.16e-10
AKX79820.1	N/A	6.20e-10
AAE56974.1	N/A	6.22e-10
AAN90018.1	N/A	6.31e-10
ACQ18436.1	N/A	6.40e-10
AKX79403.1	N/A	6.46e-10
AKX79403.1	N/A	2.53e-08
AAE02558.1	N/A	6.49e-10
ABZ32772.1	N/A	6.51e-10
AAP01708.1	N/A	6.51e-10
AAB16169.1	N/A	6.51e-10
AHD72681.1	N/A	6.57e-10
ABH81899.1	N/A	6.86e-10
AKX79305.1	N/A	7.07e-10
QKP69254.1	N/A	7.16e-10
AAB11120.1	N/A	7.38e-10
AAC87330.1	N/A	7.54e-10
AFG81234.1	N/A	8.25e-10
ACM81893.1	N/A	8.39e-10
ACC29786.1	N/A	8.55e-10
ACM81616.1	N/A	8.75e-10
AOC24124.1	N/A	8.77e-10
AKX79309.1	N/A	9.16e-10
AEJ67270.1	N/A	9.23e-10
AFG81235.1	N/A	9.25e-10
AAA70477.1	N/A	9.29e-10
AAA70477.1	N/A	2.03e-08
ADC20438.1	N/A	9.95e-10
ABP28892.1	N/A	1.01e-09
AAA70476.1	N/A	1.06e-09
AAA70476.1	N/A	2.00e-08
ABH81897.1	N/A	1.10e-09
CAD79740.1	N/A	1.10e-09
ACQ18410.1	N/A	1.14e-09
AAN95196.1	N/A	1.26e-09
AKX79622.1	N/A	1.30e-09
AAB56112.1	N/A	1.31e-09
AAW10848.1	N/A	1.32e-09
QKP69246.1	N/A	1.32e-09
CAD13087.1	N/A	1.33e-09
ABW45113.1	N/A	1.45e-09
ABT13177.1	N/A	1.45e-09
AMH90625.1	N/A	1.45e-09
ATK99392.1	N/A	1.45e-09
AAY11210.1	N/A	1.48e-09
AAQ53806.1	N/A	1.48e-09
AAY77238.1	N/A	1.64e-09
AAN90020.1	N/A	1.74e-09
AAN97563.1	N/A	1.77e-09
AAB11114.1	N/A	1.80e-09
AQN59628.1	N/A	1.87e-09
AAB78703.1	N/A	1.89e-09
ABJ47813.1	N/A	1.91e-09
AAW10819.1	N/A	1.99e-09
ABW45097.1	N/A	2.00e-09
AAV19029.1	N/A	2.04e-09
AKX91220.1	N/A	2.06e-09
ABH75783.1	N/A	2.07e-09
ABH75781.1	N/A	2.09e-09
AAE50258.1	N/A	2.10e-09
AAY77246.1	N/A	2.10e-09
AAE61257.1	N/A	2.12e-09
AAE46646.1	N/A	2.12e-09
CAD13088.1	N/A	2.13e-09
ABA07294.1	N/A	2.14e-09
ACM85432.1	N/A	2.20e-09
ACC29785.1	N/A	2.33e-09
ADS38926.1	N/A	2.36e-09
ATK99150.1	N/A	2.39e-09
AAE56966.1	N/A	2.41e-09
ADS38929.1	N/A	2.47e-09
QCA56696.1	N/A	2.47e-09
CAD79719.1	N/A	2.48e-09
AED45549.1	N/A	2.54e-09
ABE17668.1	N/A	2.55e-09
CAD82894.1	N/A	2.56e-09
AKX79198.1	N/A	2.56e-09
AAB11135.1	N/A	2.57e-09
AAE64153.1	N/A	2.65e-09
AJM97045.1	N/A	2.67e-09
AFL45510.1	N/A	2.70e-09
AJL22097.1	N/A	2.73e-09
AGN58044.1	N/A	2.77e-09
AAR66467.1	N/A	2.78e-09
ATL08360.1	N/A	2.82e-09
AKX79296.1	N/A	3.00e-09
ABJ42821.1	N/A	3.21e-09
AAN95194.1	N/A	3.22e-09
AAM57771.1	N/A	3.26e-09
AFG93850.1	N/A	3.33e-09
AKX79740.1	N/A	3.40e-09
AKX91221.1	N/A	3.48e-09
AKX79337.1	N/A	3.53e-09
AAR66465.1	N/A	3.63e-09
AFG93852.1	N/A	3.69e-09
AAA71265.1	N/A	3.72e-09
AAA71265.1	N/A	2.10e-08
AAE50228.1	N/A	3.77e-09
AAE50259.1	N/A	3.79e-09
AAN95195.1	N/A	3.80e-09
ATL08063.1	N/A	3.81e-09
ABH71889.1	N/A	3.97e-09
AAE03540.1	N/A	3.97e-09
AAQ27078.1	N/A	4.05e-09
AAP00867.1	N/A	4.05e-09
ACS02898.1	N/A	4.09e-09
ATL08064.1	N/A	4.10e-09
AVB90413.1	N/A	4.11e-09
AAE80976.1	N/A	4.14e-09
AAE62737.1	N/A	4.32e-09
AAR66464.1	N/A	4.34e-09
AKX79677.1	N/A	4.38e-09
ACC29760.1	N/A	4.40e-09
ABJ42822.1	N/A	4.43e-09
CAH05359.1	N/A	4.54e-09
AHH79414.1	N/A	4.65e-09
QDB16550.1	N/A	4.67e-09
AED76241.1	N/A	4.84e-09
AKX79600.1	N/A	4.85e-09
AAR66466.1	N/A	4.95e-09
CAH05360.1	N/A	5.04e-09
ABP25968.1	N/A	5.15e-09
AAW10833.1	N/A	5.16e-09
AAE56968.1	N/A	5.31e-09
AAE75786.1	N/A	5.46e-09
AAC86094.1	N/A	5.52e-09
ABL30351.1	N/A	5.79e-09
AAY77257.1	N/A	5.95e-09
AAW10803.1	N/A	6.01e-09
AAW10839.1	N/A	6.30e-09
AAB11112.1	N/A	6.56e-09
QDB16546.1	N/A	6.81e-09
AKX31092.1	N/A	6.82e-09
ACC03265.1	N/A	7.37e-09
ACC19116.1	N/A	7.67e-09
ACC29762.1	N/A	7.70e-09
ADM03685.1	N/A	7.73e-09
AAW10815.1	N/A	7.79e-09
AKX79297.1	N/A	7.80e-09
AAB45516.1	N/A	7.86e-09
AAP64949.1	N/A	7.89e-09
ACW56000.1	N/A	7.92e-09
AVY89384.1	N/A	8.17e-09
AAB11134.1	N/A	8.18e-09
AAS37616.1	N/A	8.33e-09
ACC29761.1	N/A	8.51e-09
QDB16575.1	N/A	8.74e-09
AAY77258.1	N/A	8.78e-09
QDB16567.1	N/A	8.90e-09
AAA94959.1	N/A	8.97e-09
AFG93851.1	N/A	9.20e-09
AAE16336.1	N/A	9.60e-09
CAD62066.1	N/A	9.80e-09
AAE73294.1	N/A	9.92e-09
AAE73655.1	N/A	1.00e-08
ACC03266.1	N/A	1.03e-08
AAN19586.1	N/A	1.07e-08
AVB90310.1	N/A	1.08e-08
ADR96967.1	N/A	1.11e-08
AHD78362.1	N/A	1.12e-08
QDB16548.1	N/A	1.14e-08
QDB16554.1	N/A	1.15e-08
AAS37622.1	N/A	1.17e-08
CAF86389.1	N/A	1.19e-08
AED45548.1	N/A	1.20e-08
ATK99513.1	N/A	1.23e-08
AAY77244.1	N/A	1.25e-08
ACS02894.1	N/A	1.26e-08
AEU85200.1	N/A	1.27e-08
QDB16569.1	N/A	1.27e-08
AAW10810.1	N/A	1.32e-08
AAP00868.1	N/A	1.32e-08
AKX79496.1	N/A	1.34e-08
ABN29305.1	N/A	1.36e-08
AAC20046.1	N/A	1.37e-08
AAE50242.1	N/A	1.38e-08
ABH73529.1	N/A	1.38e-08
ACC03268.1	N/A	1.38e-08
ATL08368.1	N/A	1.39e-08
AVA49795.1	N/A	1.39e-08
ADC22802.1	N/A	1.39e-08
ADC22800.1	N/A	1.40e-08
ABH73532.1	N/A	1.41e-08
AAS37632.1	N/A	1.41e-08
AKX79323.1	N/A	1.42e-08
QDB16577.1	N/A	1.45e-08
AAP64945.1	N/A	1.45e-08
AAB43125.1	N/A	1.49e-08
AAP00869.1	N/A	1.49e-08
AAW10823.1	N/A	1.50e-08
AAY11208.1	N/A	1.52e-08
ATL08359.1	N/A	1.54e-08
ACC03258.1	N/A	1.54e-08
ACS02933.1	N/A	1.55e-08
ADS78955.1	N/A	1.56e-08
AAP00793.1	N/A	1.60e-08
QDB16564.1	N/A	1.62e-08
AAE50285.1	N/A	1.62e-08
QDB16566.1	N/A	1.63e-08
QDB16555.1	N/A	1.63e-08
AAE21142.1	N/A	1.65e-08
ACP57125.1	N/A	1.65e-08
ABJ42048.1	N/A	1.68e-08
QDB16560.1	N/A	1.70e-08
ACJ97647.1	N/A	1.70e-08
AED65793.1	N/A	1.71e-08
AAB14139.1	N/A	1.74e-08
QDB16576.1	N/A	1.76e-08
ACP56885.1	N/A	1.77e-08
ABZ32774.1	N/A	1.79e-08
AAP64801.1	N/A	1.80e-08
AKX79644.1	N/A	1.81e-08
AAE56969.1	N/A	1.84e-08
ACM82363.1	N/A	1.84e-08
AAQ46965.1	N/A	1.86e-08
AAQ31800.1	N/A	1.98e-08
QDB16579.1	N/A	2.02e-08
ABZ31149.1	N/A	2.04e-08
QDB16581.1	N/A	2.04e-08
AAC89511.1	N/A	2.09e-08
QDB16553.1	N/A	2.12e-08
QDB16556.1	N/A	2.13e-08
QDB16558.1	N/A	2.13e-08
QDB16549.1	N/A	2.17e-08
ABN29303.1	N/A	2.18e-08
ACH26230.1	N/A	2.24e-08
AKX79678.1	N/A	2.25e-08
AKX79399.1	N/A	2.27e-08
AKX79481.1	N/A	2.39e-08
AVY89389.1	N/A	2.43e-08
ACC03260.1	N/A	2.47e-08
AVY89388.1	N/A	2.51e-08
AFO06859.1	N/A	2.53e-08
AKX91219.1	N/A	2.55e-08
ADC20443.1	N/A	2.57e-08
AVY89387.1	N/A	2.64e-08
QDB16557.1	N/A	2.66e-08
AAC87365.1	N/A	2.67e-08
QDB16571.1	N/A	2.71e-08
AJN70176.1	N/A	2.74e-08
AUE82110.1	N/A	2.76e-08
QDB16568.1	N/A	2.76e-08
AKX91223.1	N/A	2.78e-08
AAN88896.1	N/A	2.81e-08
CAD20551.1	N/A	2.82e-08
QDB16559.1	N/A	2.92e-08
QDB16562.1	N/A	2.92e-08
ABZ63393.1	N/A	2.98e-08
ABJ42975.1	N/A	3.01e-08
QDB16547.1	N/A	3.14e-08
QFP23385.1	N/A	3.23e-08
QDB16580.1	N/A	3.23e-08
AEH98558.1	N/A	3.24e-08
AKX79129.1	N/A	3.31e-08
QDB16561.1	N/A	3.41e-08
ABJ42974.1	N/A	3.45e-08
ADC20432.1	N/A	3.49e-08
AAW10828.1	N/A	3.54e-08
ABU39379.1	N/A	3.59e-08
AKX79378.1	N/A	3.64e-08
AHD80161.1	N/A	3.72e-08
AJN45570.1	N/A	3.80e-08
QDB16572.1	N/A	4.02e-08
CAE83499.1	N/A	4.07e-08
ABZ63406.1	N/A	4.08e-08
AAE62630.1	N/A	4.11e-08
AFX01584.1	N/A	4.21e-08
ACC03262.1	N/A	4.22e-08
ABN29793.1	N/A	4.29e-08
CAD32672.1	N/A	4.32e-08
AHE23001.1	N/A	4.32e-08
AAP64835.1	N/A	4.40e-08
CAE83504.1	N/A	4.48e-08
ATL08027.1	N/A	4.50e-08
AAE86435.1	N/A	4.52e-08
AHD80163.1	N/A	4.52e-08
AAT15088.1	N/A	4.53e-08
ABZ63391.1	N/A	4.55e-08
AAE72277.1	N/A	4.56e-08
ABZ32863.1	N/A	4.58e-08
AAE42678.1	N/A	4.79e-08
QDB16574.1	N/A	4.84e-08
AAE62631.1	N/A	4.91e-08
QDB16563.1	N/A	4.93e-08
AAB11077.1	N/A	4.97e-08
AAE62629.1	N/A	5.02e-08
AAE62628.1	N/A	5.05e-08
AHD80158.1	N/A	5.09e-08
AAC87331.1	N/A	5.09e-08
AAB11105.1	N/A	5.13e-08
CAE83500.1	N/A	5.14e-08
AKX79748.1	N/A	5.15e-08
AAS37621.1	N/A	5.18e-08
AAS37620.1	N/A	5.22e-08
AHD80157.1	N/A	5.26e-08
ADS78956.1	N/A	5.29e-08
AAS37629.1	N/A	5.32e-08
AAS37627.1	N/A	5.42e-08
AKX79741.1	N/A	5.48e-08
AAS37619.1	N/A	5.72e-08
ABJ42979.1	N/A	5.88e-08
AKX79423.1	N/A	6.03e-08
ATK17938.1	N/A	6.05e-08
ATL08068.1	N/A	6.06e-08
ABH73531.1	N/A	6.06e-08
AAE49222.1	N/A	6.16e-08
ACK31707.1	N/A	6.22e-08
AAB11106.1	N/A	6.29e-08
QDB16573.1	N/A	6.73e-08
AAE10367.1	N/A	6.75e-08
AAW10799.1	N/A	6.76e-08
ABZ32826.1	N/A	6.82e-08
AOC24886.1	N/A	6.88e-08
ACC03264.1	N/A	6.94e-08
AAY77259.1	N/A	6.99e-08
AED76869.1	N/A	6.99e-08
QDB16570.1	N/A	7.04e-08
AVX67804.1	N/A	7.06e-08
AAT18074.1	N/A	7.06e-08
AAB78609.1	N/A	7.33e-08
ABN29304.1	N/A	7.42e-08
AAC30039.1	N/A	7.47e-08
ABZ63400.1	N/A	7.49e-08
ACR85436.1	N/A	7.51e-08
AJN45568.1	N/A	7.56e-08
AKX79612.1	N/A	7.65e-08
AAV00397.1	N/A	7.76e-08
ABW65083.1	N/A	7.82e-08
ABJ42977.1	N/A	7.88e-08
AAY77240.1	N/A	7.94e-08
ADS38931.1	N/A	7.94e-08
ABZ19679.1	N/A	7.99e-08
ABI01336.1	N/A	8.03e-08
AGA49970.1	N/A	8.23e-08
AAB43124.1	N/A	8.34e-08
ABZ19680.1	N/A	8.44e-08
AAA76160.1	N/A	8.48e-08
AAN95216.1	N/A	8.48e-08
ATK99665.1	N/A	8.52e-08
AAA94967.1	N/A	8.64e-08
AAR60536.1	N/A	8.73e-08
AAB11091.1	N/A	8.86e-08
AGA49971.1	N/A	8.86e-08
ABJ42976.1	N/A	8.94e-08
AHD80156.1	N/A	9.03e-08
ABN40990.1	N/A	9.05e-08
ACK29605.1	N/A	9.07e-08
ABZ32862.1	N/A	9.53e-08
QDB16551.1	N/A	9.62e-08
AAW99683.1	N/A	1.03e-07
AAW99682.1	N/A	1.04e-07
ACR85438.1	N/A	1.06e-07
AED46011.1	N/A	1.06e-07
AAR75213.1	N/A	1.06e-07
AAB43123.1	N/A	1.08e-07
CAD26779.1	N/A	1.15e-07
AAP64866.1	N/A	1.16e-07
ABL56068.1	N/A	1.18e-07
AKX79641.1	N/A	1.21e-07
AAE65959.1	N/A	1.25e-07
ABI01333.1	N/A	1.26e-07
AAB11121.1	N/A	1.28e-07
AAU98835.1	N/A	1.28e-07
ABZ63397.1	N/A	1.28e-07
ABJ28945.1	N/A	1.29e-07
AAS37626.1	N/A	1.31e-07
AGA49969.1	N/A	1.33e-07
AOC24438.1	N/A	1.33e-07
ABW65080.1	N/A	1.34e-07
AAR66513.1	N/A	1.34e-07
ABZ63398.1	N/A	1.36e-07
ABE24591.1	N/A	1.37e-07
AAC89664.1	N/A	1.37e-07
ABZ63399.1	N/A	1.38e-07
ABU39398.1	N/A	1.38e-07
AAN23370.1	N/A	1.38e-07
AKX79419.1	N/A	1.39e-07
CAC07399.1	N/A	1.43e-07
QDB16552.1	N/A	1.46e-07
CAC07400.1	N/A	1.47e-07
ADS49394.1	N/A	1.49e-07
QDB16578.1	N/A	1.49e-07
AME80579.1	N/A	1.50e-07
ADS38918.1	N/A	1.58e-07
QKO97806.1	N/A	1.63e-07
AJL29375.1	N/A	1.64e-07
AAQ81191.1	N/A	1.65e-07
ABH94599.1	N/A	1.70e-07
ACH09742.1	N/A	1.71e-07
AAY08096.1	N/A	1.72e-07
AAY08096.1	N/A	4.14e-07
AAE68754.1	N/A	1.79e-07
AGN58042.1	N/A	1.79e-07
AHD77585.1	N/A	1.80e-07
AAE47536.1	N/A	1.81e-07
AKX79734.1	N/A	1.82e-07
AAE36375.1	N/A	1.83e-07
AJL29373.1	N/A	1.91e-07
ABS90817.1	N/A	1.92e-07
AAN99760.1	N/A	1.94e-07
AAE36382.1	N/A	1.95e-07
AAO30906.1	N/A	1.96e-07
AAE25350.1	N/A	2.00e-07
ABZ31338.1	N/A	2.01e-07
AAB44806.1	N/A	2.04e-07
ACP56980.1	N/A	2.05e-07
ATL07950.1	N/A	2.10e-07
AEP50943.1	N/A	2.14e-07
CBJ06605.1	N/A	2.18e-07
AHE02724.1	N/A	2.19e-07
AAP64839.1	N/A	2.20e-07
ABH94609.1	N/A	2.23e-07
AAS37623.1	N/A	2.25e-07
ABU39293.1	N/A	2.33e-07
AAW10847.1	N/A	2.35e-07
AJN45572.1	N/A	2.35e-07
AAN88864.1	N/A	2.37e-07
ABL13924.1	N/A	2.37e-07
ADS77752.1	N/A	2.38e-07
AAQ81192.1	N/A	2.40e-07
ABL56062.1	N/A	2.45e-07
AAR66481.1	N/A	2.47e-07
AAE25058.1	N/A	2.74e-07
AAB11070.1	N/A	2.74e-07
AJL29374.1	N/A	2.75e-07
CBJ06603.1	N/A	2.76e-07
AAN88865.1	N/A	2.79e-07
AAP64831.1	N/A	2.82e-07
AKX79355.1	N/A	2.82e-07
AAV99370.1	N/A	2.91e-07
AAR66470.1	N/A	2.98e-07
AAB11136.1	N/A	3.01e-07
AAY11209.1	N/A	3.01e-07
AAS37633.1	N/A	3.11e-07
AUF09786.1	N/A	3.22e-07
AGO77662.1	N/A	3.39e-07
ADC20435.1	N/A	3.64e-07
AEF78471.1	N/A	3.66e-07
CBJ06604.1	N/A	3.74e-07
ABL56061.1	N/A	3.86e-07
AEP50944.1	N/A	3.90e-07
ABP12357.1	N/A	3.91e-07
AAA94957.1	N/A	3.93e-07
AAA94957.1	N/A	1.34e-05
AOC24437.1	N/A	3.98e-07
CBJ06602.1	N/A	4.02e-07
AAB15795.1	N/A	4.03e-07
ABZ63405.1	N/A	4.16e-07
AAN88866.1	N/A	4.23e-07
ABZ63401.1	N/A	4.24e-07
ABZ63390.1	N/A	4.27e-07
ABZ63403.1	N/A	4.31e-07
ABZ63402.1	N/A	4.32e-07
AKX79411.1	N/A	4.35e-07
AAB11073.1	N/A	4.39e-07
ABU39377.1	N/A	4.43e-07
ATK99578.1	N/A	4.48e-07
AKX79703.1	N/A	4.52e-07
ATK99199.1	N/A	4.56e-07
ADA31832.1	N/A	4.76e-07
AKX79439.1	N/A	4.80e-07
AVY29664.1	N/A	4.90e-07
AAW10829.1	N/A	4.93e-07
AHE18068.1	N/A	5.07e-07
AAB44815.1	N/A	5.44e-07
CAC07398.1	N/A	5.64e-07
AAE74681.1	N/A	5.68e-07
ADA49954.1	N/A	5.73e-07
QHY21772.1	N/A	5.81e-07
AAP64807.1	N/A	6.01e-07
AKX79371.1	N/A	6.33e-07
ABH94600.1	N/A	6.74e-07
ABN37832.1	N/A	6.76e-07
ABZ32501.1	N/A	6.76e-07
AAP64837.1	N/A	6.85e-07
AAN27277.1	N/A	6.89e-07
ABZ32945.1	N/A	6.89e-07
ACS10641.1	N/A	7.06e-07
ACP56741.1	N/A	7.13e-07
AAW10824.1	N/A	7.18e-07
AAE91742.1	N/A	7.23e-07
AJN67969.1	N/A	7.31e-07
AHE01895.1	N/A	7.51e-07
ABT04034.1	N/A	7.52e-07
ABZ62152.1	N/A	7.58e-07
AAC20048.1	N/A	7.95e-07
ABS92956.1	N/A	7.98e-07
AAP64803.1	N/A	8.00e-07
AAB75420.1	N/A	8.06e-07
AAY77255.1	N/A	8.10e-07
ADL73017.1	N/A	8.22e-07
AAB56843.1	N/A	8.58e-07
AAB11109.1	N/A	8.58e-07
ABH94605.1	N/A	8.61e-07
AKX79228.1	N/A	8.82e-07
AMF32839.1	N/A	8.83e-07
AAB78151.1	N/A	8.91e-07
ABC14231.1	N/A	9.20e-07
AAW99836.1	N/A	9.41e-07
ACC03167.1	N/A	9.81e-07
ABP12363.1	N/A	1.01e-06
AAC20275.1	N/A	1.01e-06
ACM85725.1	N/A	1.05e-06
AAW10837.1	N/A	1.10e-06
AAS37628.1	N/A	1.11e-06
ATK99517.1	N/A	1.15e-06
AHD76701.1	N/A	1.18e-06
AKX79279.1	N/A	1.19e-06
AAE06251.1	N/A	1.21e-06
AAQ25068.1	N/A	1.24e-06
AEV07482.1	N/A	1.26e-06
AAT18073.1	N/A	1.27e-06
AAR66473.1	N/A	1.35e-06
AOK97608.1	N/A	1.36e-06
CAA02381.1	N/A	1.41e-06
ABU39381.1	N/A	1.45e-06
ABJ42988.1	N/A	1.45e-06
AJM50679.1	N/A	1.47e-06
AKX79618.1	N/A	1.50e-06
AAW10783.1	N/A	1.53e-06
ABL13925.1	N/A	1.54e-06
AAN97564.1	N/A	1.55e-06
ABZ19688.1	N/A	1.58e-06
ACC29777.1	N/A	1.60e-06
ACC29778.1	N/A	1.60e-06
AED45699.1	N/A	1.61e-06
AME80578.1	N/A	1.61e-06
ABZ33006.1	N/A	1.64e-06
AAE25349.1	N/A	1.65e-06
AAP02232.1	N/A	1.68e-06
AAB56840.1	N/A	1.70e-06
AEU86588.1	N/A	1.73e-06
AAB11075.1	N/A	1.73e-06
ABL56059.1	N/A	1.75e-06
AAA95155.1	N/A	1.77e-06
ABS90815.1	N/A	1.84e-06
ATL08385.1	N/A	1.86e-06
AAE16338.1	N/A	1.88e-06
ACR85437.1	N/A	1.93e-06
ATL08338.1	N/A	1.93e-06
CAD79926.1	N/A	1.94e-06
AED49091.1	N/A	2.00e-06
CDM22049.1	N/A	2.03e-06
AKX79131.1	N/A	2.08e-06
AAW10854.1	N/A	2.11e-06
AAA71729.1	N/A	2.11e-06
ABL13917.1	N/A	2.12e-06
AAE36420.1	N/A	2.14e-06
AAE52667.1	N/A	2.15e-06
AAE74682.1	N/A	2.19e-06
ADS38945.1	N/A	2.21e-06
AAR78376.1	N/A	2.25e-06
ABZ19681.1	N/A	2.30e-06
AAC87370.1	N/A	2.32e-06
ABN37833.1	N/A	2.34e-06
ABN29792.1	N/A	2.40e-06
AAR66471.1	N/A	2.40e-06
AAN99224.1	N/A	2.44e-06
ATK99441.1	N/A	2.45e-06
AAE73559.1	N/A	2.66e-06
ABL13908.1	N/A	2.68e-06
ABH71887.1	N/A	2.72e-06
AAE30717.1	N/A	2.83e-06
AAP64802.1	N/A	2.86e-06
AAY77256.1	N/A	2.88e-06
CAD82891.1	N/A	2.93e-06
AAW10834.1	N/A	3.01e-06
ABH81896.1	N/A	3.01e-06
ABH81898.1	N/A	3.04e-06
AAB56661.1	N/A	3.08e-06
ATK99622.1	N/A	3.16e-06
AHE02637.1	N/A	3.23e-06
ABU39380.1	N/A	3.23e-06
ABP07732.1	N/A	3.29e-06
AAE73291.1	N/A	3.29e-06
AAE12243.1	N/A	3.30e-06
AAE30715.1	N/A	3.35e-06
ABS99635.1	N/A	3.49e-06
AAN99761.1	N/A	3.50e-06
AAE37702.1	N/A	3.50e-06
AAQ31799.1	N/A	3.50e-06
AGN05816.1	N/A	3.54e-06
AAR66468.1	N/A	3.60e-06
AAE51663.1	N/A	3.62e-06
AAP02233.1	N/A	3.64e-06
AKX79415.1	N/A	3.78e-06
AAN99759.1	N/A	3.80e-06
ABZ63404.1	N/A	3.87e-06
ABU39376.1	N/A	3.87e-06
AAQ53811.1	N/A	3.91e-06
AAB12768.1	N/A	3.92e-06
AAB44805.1	N/A	4.07e-06
ATL08577.1	N/A	4.11e-06
AAN99223.1	N/A	4.12e-06
AAB11088.1	N/A	4.12e-06
AUE82111.1	N/A	4.14e-06
ACK31709.1	N/A	4.27e-06
AAW10835.1	N/A	4.44e-06
ABN36000.1	N/A	4.45e-06
ABS90808.1	N/A	4.45e-06
ABP07730.1	N/A	4.58e-06
AAU98839.1	N/A	4.59e-06
ABE15801.1	N/A	4.61e-06
ABP05311.1	N/A	4.75e-06
AAE24398.1	N/A	4.78e-06
AAE39277.1	N/A	4.81e-06
CAD82890.1	N/A	4.84e-06
ACR90426.1	N/A	4.89e-06
ABP05294.1	N/A	4.97e-06
AAE50277.1	N/A	5.04e-06
AAE30716.1	N/A	5.20e-06
ABS90818.1	N/A	5.21e-06
AAE50238.1	N/A	5.43e-06
AOK98828.1	N/A	5.44e-06
ABJ42990.1	N/A	5.46e-06
AAC01181.1	N/A	5.53e-06
ADS38941.1	N/A	5.64e-06
AAB56660.1	N/A	5.67e-06
AJL27788.1	N/A	6.11e-06
AAN88901.1	N/A	6.21e-06
ABZ32159.1	N/A	6.32e-06
AAW10827.1	N/A	6.33e-06
ABH94601.1	N/A	6.41e-06
AKX79642.1	N/A	6.62e-06
AAP64864.1	N/A	6.81e-06
CCA64013.1	N/A	7.08e-06
AAE16133.1	N/A	7.19e-06
AAE50220.1	N/A	7.21e-06
CAA02441.1	N/A	7.32e-06
AAP64836.1	N/A	7.44e-06
AAP02234.1	N/A	8.00e-06
ABZ32810.1	N/A	8.16e-06
AOC26661.1	N/A	8.27e-06
AAE02555.1	N/A	8.29e-06
AKX79686.1	N/A	8.37e-06
ABS90801.1	N/A	8.45e-06
AAQ31797.1	N/A	8.48e-06
AKX79377.1	N/A	8.50e-06
AJN70142.1	N/A	8.52e-06
AAV26649.1	N/A	8.70e-06
AAE70081.1	N/A	8.79e-06
CAD79715.1	N/A	8.94e-06
ABZ19682.1	N/A	9.30e-06
AKX79624.1	N/A	9.67e-06
AKX79624.1	N/A	3.43e-05
CAO02242.1	N/A	9.68e-06
AAW00494.1	N/A	1.00e-05
ABP15806.1	N/A	1.00e-05
AFG93856.1	N/A	1.01e-05
AEU84048.1	N/A	1.06e-05
ATL08380.1	N/A	1.06e-05
AAE50274.1	N/A	1.08e-05
ACS10644.1	N/A	1.11e-05
ATK99107.1	N/A	1.11e-05
AJO32754.1	N/A	1.12e-05
ACM97256.1	N/A	1.15e-05
AAQ31798.1	N/A	1.20e-05
AAE16337.1	N/A	1.20e-05
AAW10818.1	N/A	1.22e-05
CAD69272.1	N/A	1.22e-05
ACJ97646.1	N/A	1.24e-05
AAE50236.1	N/A	1.31e-05
AAW12624.1	N/A	1.32e-05
ACE36064.1	N/A	1.33e-05
AAP64829.1	N/A	1.34e-05
AAE06342.1	N/A	1.35e-05
AFG93855.1	N/A	1.37e-05
ABJ42989.1	N/A	1.42e-05
AAE32942.1	N/A	1.43e-05
AOK98830.1	N/A	1.43e-05
ABL16192.1	N/A	1.46e-05
ADS45726.1	N/A	1.46e-05
AAU98838.1	N/A	1.50e-05
AAN99230.1	N/A	1.50e-05
AAE50234.1	N/A	1.57e-05
AAE70079.1	N/A	1.60e-05
AEU77436.1	N/A	1.63e-05
AKX79855.1	N/A	1.66e-05
CAD69261.1	N/A	1.67e-05
AJM06739.1	N/A	1.69e-05
AEU92148.1	N/A	1.72e-05
AED04661.1	N/A	1.75e-05
ADS78959.1	N/A	1.75e-05
ATK99497.1	N/A	1.77e-05
AAN99762.1	N/A	1.78e-05
AFQ76432.1	N/A	1.79e-05
ACQ18371.1	N/A	1.85e-05
ATK99410.1	N/A	2.07e-05
AKX79361.1	N/A	2.09e-05
AAN97565.1	N/A	2.11e-05
ABZ31088.1	N/A	2.17e-05
AAP64843.1	N/A	2.30e-05
AAE50217.1	N/A	2.33e-05
AFQ76431.1	N/A	2.36e-05
AKX79581.1	N/A	2.36e-05
ABJ18221.1	N/A	2.42e-05
AAQ53808.1	N/A	2.44e-05
ABH65482.1	N/A	2.45e-05
ACC29788.1	N/A	2.46e-05
AAW10802.1	N/A	2.51e-05
CBJ06632.1	N/A	2.53e-05
ABJ42067.1	N/A	2.55e-05
ABZ32910.1	N/A	2.57e-05
QHY86820.1	N/A	2.58e-05
AAR66469.1	N/A	2.60e-05
ABE20995.1	N/A	2.69e-05
ABS92955.1	N/A	2.74e-05
AAQ47194.1	N/A	2.77e-05
ADS78963.1	N/A	2.81e-05
ABE20996.1	N/A	2.83e-05
ABN26472.1	N/A	2.87e-05
ACE36073.1	N/A	2.92e-05
ATK99435.1	N/A	2.93e-05
AFX01390.1	N/A	3.14e-05
ABZ32670.1	N/A	3.14e-05
ACS02899.1	N/A	3.15e-05
AAE50231.1	N/A	3.37e-05
AEF78257.1	N/A	3.39e-05
QHZ75259.1	N/A	3.40e-05
ABH65481.1	N/A	3.40e-05
CAD88096.1	N/A	3.61e-05
ATK99402.1	N/A	3.61e-05
ACC29789.1	N/A	3.84e-05
CBJ06631.1	N/A	4.03e-05
ABL16092.1	N/A	4.28e-05
AAY77234.1	N/A	4.32e-05
AKX79359.1	N/A	4.41e-05
AAE74685.1	N/A	4.44e-05
ATL07968.1	N/A	4.46e-05
ABP12376.1	N/A	4.69e-05
AAE38050.1	N/A	4.90e-05
AAW12625.1	N/A	4.90e-05
ADT53116.1	N/A	4.91e-05
ATK99188.1	N/A	4.94e-05
ATL08371.1	N/A	4.94e-05
