SBP56639.1	N/A	3.33e-69
JAR50433.1	N/A	5.29e-68
SBP59874.1	N/A	2.65e-63
SBR08306.1	N/A	3.68e-55
SBP45098.1	N/A	6.31e-55
SBP48421.1	N/A	1.14e-54
MOS16298.1	N/A	8.81e-52
JAN55116.1	N/A	4.98e-47
JAK80944.1	N/A	9.27e-47
MOS16714.1	N/A	1.05e-44
JAR19746.1	N/A	1.49e-44
JAR69803.1	N/A	1.60e-44
JAQ59849.1	N/A	1.92e-44
JAQ68656.1	N/A	2.13e-44
JAM81442.1	N/A	4.21e-44
JAR75737.1	N/A	1.42e-43
JAN78261.1	N/A	1.63e-43
JAQ57895.1	N/A	8.32e-43
SBQ90499.1	N/A	9.01e-43
JAR19745.1	N/A	1.22e-42
SBR48231.1	N/A	2.42e-42
HDA47995.1	N/A	3.15e-42
SBS42146.1	N/A	2.73e-41
JAV99628.1	N/A	3.05e-41
JAR85840.1	N/A	3.70e-41
SBP02319.1	N/A	4.44e-41
JAR78542.1	N/A	1.23e-40
JAR74781.1	N/A	2.49e-40
SBR48427.1	N/A	2.64e-40
HCZ76028.1	N/A	3.54e-40
JAL58138.1	N/A	3.85e-40
SBS42614.1	N/A	4.51e-40
SBR72480.1	N/A	5.25e-40
JAQ25965.1	N/A	6.96e-40
SBR45648.1	N/A	8.20e-40
SBP57860.1	N/A	2.70e-39
SBR55865.1	N/A	4.00e-39
SBS44971.1	N/A	5.40e-39
SBQ63459.1	N/A	6.46e-39
SBP18719.1	N/A	7.28e-39
JAQ89326.1	N/A	7.74e-38
MBY04491.1	N/A	1.44e-37
SBQ85946.1	N/A	6.39e-37
SBP09586.1	N/A	1.31e-36
SBP48703.1	N/A	3.11e-36
SBP76486.1	N/A	5.01e-36
SBP54092.1	N/A	5.06e-36
SBR48819.1	N/A	7.60e-36
AFM43710.1	N/A	8.18e-36
SBR05708.1	N/A	1.14e-35
SBQ56083.1	N/A	1.26e-35
SBP19876.1	N/A	1.47e-35
AFM75824.1	N/A	1.89e-35
SBR43870.1	N/A	2.01e-35
AFM43712.1	N/A	2.25e-35
SBR96488.1	N/A	4.50e-35
SBP58898.1	N/A	1.49e-34
AFE71204.1	N/A	2.13e-34
MBY30570.1	N/A	2.27e-34
JAC15687.1	N/A	2.61e-34
AFP07039.1	N/A	3.17e-34
SBS43728.1	N/A	3.34e-34
SBS09692.1	N/A	3.76e-34
JAA08345.1	N/A	3.76e-34
MOS14528.1	N/A	8.94e-34
JAB24935.1	N/A	1.54e-33
MBY78844.1	N/A	7.31e-33
JAR66174.1	N/A	8.88e-33
HCZ74993.1	N/A	1.35e-32
MBW16784.1	N/A	1.38e-32
SBP43195.1	N/A	1.64e-32
JAG63746.1	N/A	2.60e-32
AFM43711.1	N/A	4.51e-32
JAI59574.1	N/A	1.10e-31
JAJ11613.1	N/A	1.11e-31
JAQ76281.1	N/A	1.20e-31
JAQ76281.1	N/A	1.95e-07
JAM86303.1	N/A	1.36e-31
JAL72624.1	N/A	2.46e-31
JAN69476.1	N/A	2.90e-31
SBS47974.1	N/A	3.20e-31
SBQ61405.1	N/A	3.48e-31
JAJ74107.1	N/A	4.31e-31
JAQ99853.1	N/A	4.45e-31
AFM75825.1	N/A	5.49e-31
JAL00943.1	N/A	5.68e-31
JAR80542.1	N/A	9.01e-31
JAQ26548.1	N/A	1.20e-30
JAL19993.1	N/A	1.56e-30
JAL83968.1	N/A	1.70e-30
JAW06057.1	N/A	1.95e-30
SBP39322.1	N/A	2.09e-30
SBP78340.1	N/A	2.47e-30
JAK21232.1	N/A	2.62e-30
JAR84058.1	N/A	2.87e-30
JAN75210.1	N/A	5.32e-30
JAM94099.1	N/A	5.32e-30
SBP81901.1	N/A	6.73e-30
JAR75719.1	N/A	2.07e-29
JAS20427.1	N/A	3.35e-29
SBQ51727.1	N/A	5.64e-29
JAN71070.1	N/A	2.40e-28
JAK30271.1	N/A	3.01e-28
JAM53755.1	N/A	3.04e-28
JAL74713.1	N/A	3.08e-28
JAJ53571.1	N/A	3.24e-28
SBS57368.1	N/A	3.59e-28
SBR90502.1	N/A	3.97e-28
JAM83545.1	N/A	7.12e-28
JAM83149.1	N/A	7.43e-28
JAR45428.1	N/A	9.55e-28
JAM02013.1	N/A	1.10e-27
JAR45430.1	N/A	1.12e-27
JAL96456.1	N/A	1.15e-27
JAN66929.1	N/A	1.15e-27
SBP28903.1	N/A	1.18e-27
JAR45431.1	N/A	1.18e-27
JAK69104.1	N/A	1.27e-27
JAR45429.1	N/A	1.38e-27
JAK79099.1	N/A	1.41e-27
JAK94546.1	N/A	1.43e-27
JAM22114.1	N/A	1.44e-27
JAM45598.1	N/A	1.44e-27
JAM02016.1	N/A	1.59e-27
JAK59004.1	N/A	1.95e-27
JAL99112.1	N/A	1.96e-27
JAK80040.1	N/A	2.04e-27
JAN18937.1	N/A	2.06e-27
JAM91983.1	N/A	2.18e-27
JAK81555.1	N/A	2.37e-27
JAN33073.1	N/A	2.41e-27
SBS48935.1	N/A	2.41e-27
JAL96502.1	N/A	2.44e-27
JAL99113.1	N/A	2.55e-27
JAJ48301.1	N/A	2.58e-27
JAM04872.1	N/A	2.60e-27
JAL19125.1	N/A	2.89e-27
JAL41132.1	N/A	3.11e-27
JAK96953.1	N/A	3.23e-27
JAK79097.1	N/A	3.65e-27
JAN30481.1	N/A	4.20e-27
JAJ08459.1	N/A	4.32e-27
JAR79968.1	N/A	4.44e-27
JAK40072.1	N/A	5.18e-27
JAM02014.1	N/A	5.23e-27
JAJ49162.1	N/A	5.42e-27
JAK79098.1	N/A	5.47e-27
JAL30538.1	N/A	5.63e-27
JAL84907.1	N/A	5.75e-27
JAL82809.1	N/A	5.81e-27
JAK19572.1	N/A	5.81e-27
JAM43306.1	N/A	7.25e-27
JAJ49159.1	N/A	7.46e-27
JAM19527.1	N/A	7.69e-27
JAL15935.1	N/A	7.95e-27
JAL15934.1	N/A	8.19e-27
JAL41176.1	N/A	8.92e-27
JAL49734.1	N/A	9.13e-27
JAL57183.1	N/A	9.76e-27
JAN53204.1	N/A	9.96e-27
JAL13332.1	N/A	1.04e-26
JAJ49161.1	N/A	1.06e-26
JAM36147.1	N/A	1.09e-26
JAJ48300.1	N/A	1.11e-26
JAL30536.1	N/A	1.13e-26
JAK99850.1	N/A	1.21e-26
MBW55671.1	N/A	1.31e-26
JAJ49160.1	N/A	1.42e-26
JAM27058.1	N/A	1.91e-26
JAL15930.1	N/A	2.06e-26
JAI57196.1	N/A	2.35e-26
JAN77298.1	N/A	2.41e-26
JAN62060.1	N/A	2.60e-26
JAN21733.1	N/A	2.69e-26
JAK84650.1	N/A	2.77e-26
JAK96952.1	N/A	2.88e-26
JAI96661.1	N/A	3.14e-26
SBP50041.1	N/A	3.31e-26
JAL70028.1	N/A	3.37e-26
JAL84908.1	N/A	3.59e-26
JAL43186.1	N/A	4.54e-26
JAN51780.1	N/A	6.00e-26
JAA92594.1	N/A	6.09e-26
JAM65504.1	N/A	6.16e-26
SBQ89366.1	N/A	6.87e-26
JAL33923.1	N/A	7.32e-26
JAK37763.1	N/A	7.64e-26
JAJ37954.1	N/A	7.73e-26
JAQ69592.1	N/A	8.20e-26
JAN47732.1	N/A	8.44e-26
JAK29918.1	N/A	8.78e-26
JAN56157.1	N/A	9.39e-26
JAN50805.1	N/A	1.02e-25
JAC00790.1	N/A	1.05e-25
MBW21003.1	N/A	1.27e-25
JAR48421.1	N/A	1.45e-25
JAB01301.1	N/A	1.71e-25
JAR81055.1	N/A	1.83e-25
JAM68504.1	N/A	1.86e-25
JAM22053.1	N/A	2.03e-25
JAK41029.1	N/A	2.06e-25
SBR42733.1	N/A	2.18e-25
JAR81056.1	N/A	2.19e-25
JAM22054.1	N/A	2.30e-25
JAJ57114.1	N/A	2.39e-25
JAL07990.1	N/A	2.51e-25
JAI76445.1	N/A	2.56e-25
JAN56155.1	N/A	2.68e-25
JAK89746.1	N/A	2.92e-25
JAK70695.1	N/A	3.05e-25
MBW55669.1	N/A	3.12e-25
JAJ07314.1	N/A	3.23e-25
JAI59576.1	N/A	3.50e-25
MBW68602.1	N/A	3.58e-25
JAN23877.1	N/A	3.67e-25
SBP02967.1	N/A	3.92e-25
JAL77161.1	N/A	4.03e-25
SBQ98945.1	N/A	4.07e-25
JAM03714.1	N/A	4.13e-25
JAM92199.1	N/A	4.14e-25
JAA98494.1	N/A	4.21e-25
MBW55670.1	N/A	4.27e-25
JAR72590.1	N/A	4.35e-25
SBP42303.1	N/A	4.70e-25
JAI86207.1	N/A	4.93e-25
JAK16691.1	N/A	5.35e-25
JAK73728.1	N/A	5.55e-25
JAM78403.1	N/A	5.62e-25
JAL54072.1	N/A	5.95e-25
JAK74269.1	N/A	6.13e-25
JAK09824.1	N/A	6.18e-25
JAR48423.1	N/A	6.37e-25
JAN45867.1	N/A	6.42e-25
JAM10069.1	N/A	6.69e-25
JAK25109.1	N/A	7.09e-25
JAK91191.1	N/A	7.53e-25
JAK27463.1	N/A	7.54e-25
JAL43182.1	N/A	7.63e-25
JAK30270.1	N/A	7.81e-25
JAJ52712.1	N/A	7.81e-25
JAK01383.1	N/A	8.36e-25
MBW21010.1	N/A	8.42e-25
JAK16466.1	N/A	8.44e-25
MBW70498.1	N/A	8.64e-25
JAJ81404.1	N/A	8.76e-25
JAK72046.1	N/A	9.02e-25
JAC03980.1	N/A	9.93e-25
JAR48426.1	N/A	1.05e-24
JAK32820.1	N/A	1.09e-24
MBW33959.1	N/A	1.11e-24
JAK45561.1	N/A	1.28e-24
JAL37181.1	N/A	1.45e-24
JAK67853.1	N/A	1.50e-24
JAJ00968.1	N/A	1.60e-24
JAM86001.1	N/A	1.67e-24
JAK72051.1	N/A	1.78e-24
JAK95615.1	N/A	1.86e-24
JAM65169.1	N/A	1.87e-24
JAN52672.1	N/A	2.01e-24
JAK78463.1	N/A	2.14e-24
JAN55519.1	N/A	2.19e-24
JAD12545.1	N/A	2.23e-24
JAM98097.1	N/A	2.23e-24
MBW34161.1	N/A	2.25e-24
JAL38480.1	N/A	2.42e-24
JAK70694.1	N/A	2.50e-24
JAD07330.1	N/A	2.51e-24
JAM77711.1	N/A	2.55e-24
JAB00544.1	N/A	2.82e-24
JAL58049.1	N/A	2.84e-24
JAN34981.1	N/A	2.92e-24
JAN30991.1	N/A	3.04e-24
JAL37180.1	N/A	3.12e-24
JAK38892.1	N/A	3.42e-24
JAN30665.1	N/A	3.82e-24
JAK73500.1	N/A	3.93e-24
JAM38155.1	N/A	4.03e-24
JAN52673.1	N/A	4.03e-24
SBP45186.1	N/A	4.09e-24
SBQ52259.1	N/A	4.21e-24
JAN56461.1	N/A	4.55e-24
JAN18000.1	N/A	4.61e-24
SBQ33110.1	N/A	4.67e-24
JAN74204.1	N/A	4.70e-24
JAN30832.1	N/A	4.83e-24
JAM57600.1	N/A	4.93e-24
JAN83162.1	N/A	5.08e-24
JAN32984.1	N/A	5.22e-24
JAC58189.1	N/A	5.42e-24
JAN32985.1	N/A	5.45e-24
JAL44398.1	N/A	5.65e-24
JAK48863.1	N/A	5.83e-24
JAL27598.1	N/A	5.92e-24
JAN18007.1	N/A	6.16e-24
JAL60348.1	N/A	6.80e-24
JAL29535.1	N/A	7.01e-24
JAK61858.1	N/A	7.23e-24
JAK74278.1	N/A	7.31e-24
JAI43425.1	N/A	7.33e-24
JAL44399.1	N/A	7.35e-24
JAI85661.1	N/A	7.43e-24
JAK72910.1	N/A	7.53e-24
JAJ37808.1	N/A	7.96e-24
JAL14498.1	N/A	8.26e-24
JAN18001.1	N/A	8.38e-24
JAL58047.1	N/A	8.44e-24
JAM08521.1	N/A	8.58e-24
JAJ52774.1	N/A	8.76e-24
JAK85705.1	N/A	9.01e-24
JAL09638.1	N/A	9.24e-24
JAN18005.1	N/A	9.61e-24
JAK72105.1	N/A	9.61e-24
JAK60449.1	N/A	9.70e-24
JAB57557.1	N/A	9.81e-24
JAN52669.1	N/A	9.88e-24
JAM15560.1	N/A	9.94e-24
JAM76304.1	N/A	1.01e-23
JAN93094.1	N/A	1.03e-23
JAJ62407.1	N/A	1.04e-23
JAN34983.1	N/A	1.07e-23
JAI69883.1	N/A	1.07e-23
JAN10726.1	N/A	1.11e-23
JAJ24460.1	N/A	1.17e-23
JAM51701.1	N/A	1.17e-23
JAJ28668.1	N/A	1.19e-23
MBW33964.1	N/A	1.19e-23
JAN34982.1	N/A	1.19e-23
JAJ80056.1	N/A	1.23e-23
JAL44401.1	N/A	1.24e-23
JAI83060.1	N/A	1.24e-23
HDB23524.1	N/A	1.27e-23
JAK76168.1	N/A	1.27e-23
JAK98222.1	N/A	1.40e-23
JAK78464.1	N/A	1.41e-23
JAL27600.1	N/A	1.41e-23
JAK95618.1	N/A	1.45e-23
JAL52168.1	N/A	1.48e-23
JAM31304.1	N/A	1.50e-23
JAM19007.1	N/A	1.51e-23
JAI72735.1	N/A	1.53e-23
JAL80679.1	N/A	1.57e-23
SBQ52625.1	N/A	1.58e-23
JAN37539.1	N/A	1.61e-23
JAI91663.1	N/A	1.64e-23
SBP18585.1	N/A	1.66e-23
JAL58048.1	N/A	1.66e-23
JAL60352.1	N/A	1.68e-23
SBR30450.1	N/A	1.68e-23
JAL40031.1	N/A	1.72e-23
JAK57981.1	N/A	1.73e-23
JAN48379.1	N/A	1.76e-23
JAM53000.1	N/A	1.77e-23
JAJ03111.1	N/A	1.82e-23
JAN32215.1	N/A	1.82e-23
JAL26577.1	N/A	1.86e-23
JAL36147.1	N/A	1.89e-23
JAJ37809.1	N/A	1.90e-23
JAL20890.1	N/A	1.91e-23
JAK78465.1	N/A	1.91e-23
JAK85440.1	N/A	1.96e-23
JAL52568.1	N/A	2.04e-23
JAJ24459.1	N/A	2.04e-23
JAK89863.1	N/A	2.06e-23
JAL60351.1	N/A	2.16e-23
JAK76167.1	N/A	2.17e-23
JAM51809.1	N/A	2.20e-23
JAK91355.1	N/A	2.24e-23
MBY33097.1	N/A	2.28e-23
JAL10204.1	N/A	2.31e-23
JAL58091.1	N/A	2.37e-23
JAM58867.1	N/A	2.41e-23
JAK89862.1	N/A	2.45e-23
JAL89174.1	N/A	2.47e-23
JAK19235.1	N/A	2.48e-23
JAK95619.1	N/A	2.48e-23
JAJ41227.1	N/A	2.48e-23
JAK74270.1	N/A	2.48e-23
JAJ47355.1	N/A	2.51e-23
JAN32981.1	N/A	2.54e-23
JAJ37810.1	N/A	2.61e-23
JAL55726.1	N/A	2.67e-23
JAN55520.1	N/A	2.69e-23
JAK55461.1	N/A	2.70e-23
JAB36611.1	N/A	2.70e-23
JAK56086.1	N/A	2.74e-23
JAM09605.1	N/A	2.75e-23
JAJ03113.1	N/A	2.79e-23
JAL27599.1	N/A	2.79e-23
JAL73615.1	N/A	2.81e-23
JAJ53460.1	N/A	2.84e-23
JAL23488.1	N/A	2.90e-23
JAK33972.1	N/A	2.90e-23
JAL71178.1	N/A	3.01e-23
JAN32986.1	N/A	3.11e-23
JAK38893.1	N/A	3.11e-23
JAN37538.1	N/A	3.14e-23
JAN57799.1	N/A	3.16e-23
JAK46958.1	N/A	3.21e-23
JAM75667.1	N/A	3.24e-23
JAN15854.1	N/A	3.26e-23
JAM03123.1	N/A	3.30e-23
JAJ68321.1	N/A	3.32e-23
JAL14497.1	N/A	3.38e-23
JAN34984.1	N/A	3.39e-23
JAK00065.1	N/A	3.44e-23
JAJ04109.1	N/A	3.56e-23
JAN15853.1	N/A	3.56e-23
JAJ39057.1	N/A	3.75e-23
JAM87448.1	N/A	3.88e-23
JAN66072.1	N/A	3.97e-23
JAL94809.1	N/A	3.97e-23
JAL70908.1	N/A	4.07e-23
JAN15855.1	N/A	4.27e-23
JAJ04108.1	N/A	4.36e-23
JAN88371.1	N/A	4.39e-23
JAN47363.1	N/A	4.52e-23
JAK01561.1	N/A	4.53e-23
JAK91712.1	N/A	4.54e-23
JAK54484.1	N/A	4.68e-23
JAL12159.1	N/A	4.71e-23
JAJ39543.1	N/A	4.71e-23
JAK91711.1	N/A	4.75e-23
JAN76461.1	N/A	4.91e-23
JAK19232.1	N/A	4.91e-23
JAL07112.1	N/A	4.92e-23
JAK76165.1	N/A	4.95e-23
JAO99224.1	N/A	5.10e-23
JAN35320.1	N/A	5.12e-23
JAL77653.1	N/A	5.15e-23
JAN30831.1	N/A	5.21e-23
SBP36176.1	N/A	5.30e-23
JAJ25557.1	N/A	5.33e-23
JAN29732.1	N/A	5.38e-23
JAK93163.1	N/A	5.41e-23
MBY73150.1	N/A	5.42e-23
JAJ52726.1	N/A	5.47e-23
JAK10971.1	N/A	5.51e-23
JAK09579.1	N/A	5.56e-23
JAK99149.1	N/A	5.72e-23
JAK22568.1	N/A	5.72e-23
JAL91555.1	N/A	5.75e-23
JAB25148.1	N/A	5.81e-23
JAK40073.1	N/A	5.87e-23
JAJ52727.1	N/A	5.88e-23
JAK67711.1	N/A	5.92e-23
JAM09606.1	N/A	6.07e-23
JAM00971.1	N/A	6.18e-23
JAK76166.1	N/A	6.26e-23
JAK46957.1	N/A	6.30e-23
JAK73501.1	N/A	6.56e-23
JAL05755.1	N/A	7.01e-23
JAJ98214.1	N/A	7.23e-23
JAL05754.1	N/A	7.34e-23
JAK91710.1	N/A	7.72e-23
JAN13960.1	N/A	7.77e-23
JAK15363.1	N/A	7.94e-23
JAN29731.1	N/A	7.98e-23
JAN84718.1	N/A	8.03e-23
JAN37533.1	N/A	8.08e-23
JAM54209.1	N/A	8.13e-23
JAK21429.1	N/A	8.13e-23
JAN31238.1	N/A	8.23e-23
JAM43926.1	N/A	8.28e-23
JAL27605.1	N/A	8.55e-23
JAJ31035.1	N/A	8.73e-23
JAK72816.1	N/A	8.89e-23
JAM12163.1	N/A	8.92e-23
MBY06813.1	N/A	9.01e-23
AFP60345.1	N/A	9.05e-23
JAI98714.1	N/A	9.40e-23
JAK47158.1	N/A	9.41e-23
JAJ18738.1	N/A	9.51e-23
JAK33971.1	N/A	9.73e-23
JAL29546.1	N/A	9.78e-23
JAK18717.1	N/A	9.80e-23
JAL14505.1	N/A	9.89e-23
MBY20807.1	N/A	1.02e-22
JAK76164.1	N/A	1.03e-22
JAM56146.1	N/A	1.04e-22
JAN52668.1	N/A	1.06e-22
JAJ81592.1	N/A	1.07e-22
JAK19237.1	N/A	1.09e-22
JAK19236.1	N/A	1.10e-22
JAK98217.1	N/A	1.12e-22
JAK19234.1	N/A	1.13e-22
JAN45272.1	N/A	1.13e-22
MBY83018.1	N/A	1.16e-22
JAK98218.1	N/A	1.16e-22
JAN55522.1	N/A	1.16e-22
JAL48586.1	N/A	1.17e-22
JAI97187.1	N/A	1.20e-22
JAK18716.1	N/A	1.20e-22
JAL55996.1	N/A	1.22e-22
JAK35119.1	N/A	1.22e-22
JAK56082.1	N/A	1.23e-22
JAK72815.1	N/A	1.24e-22
JAL56002.1	N/A	1.25e-22
JAK15540.1	N/A	1.26e-22
JAL54300.1	N/A	1.31e-22
JAN52670.1	N/A	1.34e-22
JAL54301.1	N/A	1.35e-22
JAN45271.1	N/A	1.35e-22
JAL58092.1	N/A	1.36e-22
JAL56873.1	N/A	1.39e-22
JAL60349.1	N/A	1.43e-22
SBR90915.1	N/A	1.47e-22
JAL10205.1	N/A	1.54e-22
JAL07113.1	N/A	1.56e-22
JAL14496.1	N/A	1.58e-22
JAK54482.1	N/A	1.59e-22
JAL14500.1	N/A	1.62e-22
JAK36833.1	N/A	1.62e-22
JAK15175.1	N/A	1.64e-22
JAK83095.1	N/A	1.66e-22
JAJ04740.1	N/A	1.67e-22
JAI94930.1	N/A	1.70e-22
JAN49688.1	N/A	1.72e-22
JAJ57260.1	N/A	1.73e-22
JAM21288.1	N/A	1.74e-22
SBR29851.1	N/A	1.74e-22
JAK36831.1	N/A	1.74e-22
JAR75706.1	N/A	1.78e-22
JAB57387.1	N/A	1.80e-22
JAJ04739.1	N/A	1.80e-22
JAL82286.1	N/A	1.83e-22
JAO99223.1	N/A	1.92e-22
JAM01084.1	N/A	1.94e-22
AFP59838.1	N/A	1.94e-22
JAL29545.1	N/A	1.95e-22
JAL80682.1	N/A	1.99e-22
JAM59805.1	N/A	2.00e-22
JAN20754.1	N/A	2.01e-22
JAM59806.1	N/A	2.02e-22
JAL14501.1	N/A	2.02e-22
JAN48378.1	N/A	2.08e-22
JAJ06636.1	N/A	2.09e-22
JAJ31036.1	N/A	2.12e-22
JAK21430.1	N/A	2.30e-22
JAN48377.1	N/A	2.31e-22
ADD20084.1	N/A	2.34e-22
JAI94931.1	N/A	2.35e-22
JAN37534.1	N/A	2.36e-22
JAM00973.1	N/A	2.38e-22
JAL14499.1	N/A	2.38e-22
JAJ16786.1	N/A	2.43e-22
JAL80680.1	N/A	2.45e-22
JAL38431.1	N/A	2.46e-22
JAL25653.1	N/A	2.57e-22
JAL29544.1	N/A	2.61e-22
JAJ18792.1	N/A	2.64e-22
JAL46543.1	N/A	2.66e-22
JAJ31037.1	N/A	2.74e-22
JAN49689.1	N/A	2.75e-22
JAL29547.1	N/A	2.82e-22
JAK54485.1	N/A	2.97e-22
JAJ12764.1	N/A	2.99e-22
JAK54483.1	N/A	2.99e-22
JAK96352.1	N/A	3.17e-22
JAN49263.1	N/A	3.42e-22
JAN20747.1	N/A	3.73e-22
JAG75321.1	N/A	3.82e-22
JAR82907.1	N/A	4.05e-22
JAJ28027.1	N/A	4.10e-22
JAN93241.1	N/A	4.16e-22
JAK90208.1	N/A	4.18e-22
JAM52999.1	N/A	4.22e-22
JAJ28028.1	N/A	4.33e-22
JAL23960.1	N/A	4.51e-22
JAN64792.1	N/A	4.53e-22
JAL92173.1	N/A	4.67e-22
JAL82285.1	N/A	4.73e-22
JAL10208.1	N/A	4.75e-22
JAI83530.1	N/A	4.88e-22
JAN92961.1	N/A	4.89e-22
JAK36258.1	N/A	4.98e-22
JAM40633.1	N/A	5.07e-22
JAK12733.1	N/A	5.09e-22
JAM64720.1	N/A	5.25e-22
SBP76887.1	N/A	5.60e-22
JAK10970.1	N/A	5.68e-22
JAK70113.1	N/A	6.12e-22
JAM16837.1	N/A	6.13e-22
SBP06641.1	N/A	6.59e-22
JAL54302.1	N/A	6.66e-22
JAI84772.1	N/A	6.81e-22
JAL08505.1	N/A	6.92e-22
JAK36830.1	N/A	6.94e-22
JAM35470.1	N/A	7.24e-22
JAM15785.1	N/A	7.32e-22
JAL92865.1	N/A	7.54e-22
JAN15954.1	N/A	7.75e-22
JAL08504.1	N/A	8.18e-22
JAO32832.1	N/A	8.23e-22
JAN58431.1	N/A	8.55e-22
JAN07555.1	N/A	8.66e-22
JAR34304.1	N/A	8.91e-22
JAM00972.1	N/A	9.06e-22
JAR53933.1	N/A	9.17e-22
JAL74871.1	N/A	9.42e-22
JAI85881.1	N/A	1.05e-21
JAJ62840.1	N/A	1.09e-21
JAK51557.1	N/A	1.13e-21
JAK21444.1	N/A	1.20e-21
JAK12732.1	N/A	1.25e-21
JAL60289.1	N/A	1.27e-21
JAM07679.1	N/A	1.30e-21
JAN72268.1	N/A	1.35e-21
JAM07680.1	N/A	1.42e-21
JAR28520.1	N/A	1.42e-21
JAK33232.1	N/A	1.45e-21
JAL02807.1	N/A	1.45e-21
JAK34383.1	N/A	1.48e-21
JAJ19710.1	N/A	1.48e-21
JAJ14611.1	N/A	1.49e-21
JAK91286.1	N/A	1.51e-21
JAN20748.1	N/A	1.58e-21
JAL10207.1	N/A	1.66e-21
JAK36832.1	N/A	1.73e-21
JAJ52760.1	N/A	1.86e-21
JAJ16785.1	N/A	1.93e-21
JAL42199.1	N/A	2.03e-21
HDB64818.1	N/A	2.12e-21
JAR67027.1	N/A	2.15e-21
JAM40627.1	N/A	2.24e-21
CDG67423.1	N/A	2.29e-21
JAV30905.1	N/A	2.32e-21
SBR85479.1	N/A	2.43e-21
JAL38588.1	N/A	2.58e-21
JAL74020.1	N/A	2.59e-21
JAR70852.1	N/A	2.63e-21
JAL27606.1	N/A	2.74e-21
JAO58407.1	N/A	2.83e-21
JAL70159.1	N/A	2.88e-21
HDA49190.1	N/A	2.95e-21
JAN55518.1	N/A	3.04e-21
JAB57952.1	N/A	3.07e-21
HDB64823.1	N/A	3.18e-21
JAT39539.1	N/A	3.20e-21
JAD01743.1	N/A	3.43e-21
CDG72124.1	N/A	3.58e-21
JAN20753.1	N/A	3.71e-21
JAN45868.1	N/A	3.94e-21
JAL92867.1	N/A	4.02e-21
JAM43924.1	N/A	4.11e-21
JAL40397.1	N/A	4.32e-21
JAN11010.1	N/A	4.33e-21
JAN34976.1	N/A	4.39e-21
JAM43923.1	N/A	4.44e-21
JAN57365.1	N/A	4.68e-21
JAJ52728.1	N/A	4.90e-21
JAN18938.1	N/A	4.91e-21
JAM98846.1	N/A	5.07e-21
JAJ16787.1	N/A	5.27e-21
JAK24121.1	N/A	5.32e-21
JAV31036.1	N/A	5.32e-21
JAJ83132.1	N/A	5.35e-21
JAL84180.1	N/A	5.50e-21
HDB64819.1	N/A	5.51e-21
JAJ18737.1	N/A	5.54e-21
JAN18934.1	N/A	5.54e-21
JAK54479.1	N/A	5.82e-21
CDW40350.1	N/A	5.98e-21
JAN55521.1	N/A	6.01e-21
JAM52315.1	N/A	6.16e-21
JAM23532.1	N/A	6.41e-21
JAJ29329.1	N/A	6.51e-21
JAL82287.1	N/A	6.53e-21
HDB66377.1	N/A	6.67e-21
HDB62770.1	N/A	6.99e-21
JAL14504.1	N/A	7.06e-21
JAL07989.1	N/A	7.06e-21
JAL80681.1	N/A	7.17e-21
SBP21394.1	N/A	7.20e-21
HDB64824.1	N/A	7.34e-21
HDB64814.1	N/A	7.46e-21
JAJ31038.1	N/A	7.66e-21
AHH38320.1	N/A	7.71e-21
JAR48422.1	N/A	7.77e-21
JAK90207.1	N/A	8.01e-21
JAL54292.1	N/A	8.03e-21
HDB62778.1	N/A	8.18e-21
JAM29400.1	N/A	8.33e-21
JAK93417.1	N/A	8.56e-21
HCZ80659.1	N/A	9.25e-21
JAK67852.1	N/A	9.38e-21
HDB63644.1	N/A	9.59e-21
HDB62764.1	N/A	9.59e-21
HDB63635.1	N/A	9.68e-21
HDB68731.1	N/A	9.77e-21
JAJ46850.1	N/A	1.00e-20
JAJ07311.1	N/A	1.01e-20
JAK88861.1	N/A	1.02e-20
JAJ12261.1	N/A	1.03e-20
JAK36835.1	N/A	1.05e-20
JAR72899.1	N/A	1.06e-20
JAN18933.1	N/A	1.07e-20
JAL66035.1	N/A	1.07e-20
JAV30906.1	N/A	1.08e-20
JAJ52758.1	N/A	1.11e-20
JAV06622.1	N/A	1.12e-20
JAN75169.1	N/A	1.13e-20
JAN45268.1	N/A	1.15e-20
HDB62772.1	N/A	1.16e-20
HDB66379.1	N/A	1.16e-20
HDC64719.1	N/A	1.18e-20
JAK03282.1	N/A	1.20e-20
HDB66370.1	N/A	1.23e-20
JAG40794.1	N/A	1.23e-20
HDC63811.1	N/A	1.23e-20
JAJ03112.1	N/A	1.24e-20
JAV06637.1	N/A	1.26e-20
JAL27602.1	N/A	1.27e-20
HDB66374.1	N/A	1.28e-20
JAM01083.1	N/A	1.35e-20
JAM65650.1	N/A	1.37e-20
JAN12402.1	N/A	1.38e-20
JAJ45075.1	N/A	1.39e-20
HDB61411.1	N/A	1.44e-20
HDB61418.1	N/A	1.48e-20
JAN11009.1	N/A	1.48e-20
JAM15743.1	N/A	1.52e-20
HDB66372.1	N/A	1.58e-20
HDB62762.1	N/A	1.58e-20
SBP74534.1	N/A	1.59e-20
HDB63637.1	N/A	1.70e-20
JAL84232.1	N/A	1.73e-20
HDB64815.1	N/A	1.75e-20
AFP61493.1	N/A	1.75e-20
HDC64711.1	N/A	1.75e-20
HDB64816.1	N/A	1.76e-20
JAL08043.1	N/A	1.80e-20
MBY24923.1	N/A	1.85e-20
JAJ30611.1	N/A	1.88e-20
JAM43929.1	N/A	1.92e-20
JAL34280.1	N/A	1.94e-20
JAL82284.1	N/A	1.99e-20
JAV31037.1	N/A	2.04e-20
JAL93857.1	N/A	2.05e-20
HDB62768.1	N/A	2.08e-20
HDB63626.1	N/A	2.09e-20
HDC64721.1	N/A	2.14e-20
HDC64717.1	N/A	2.16e-20
HDB66378.1	N/A	2.16e-20
JAM01080.1	N/A	2.16e-20
HDB62766.1	N/A	2.17e-20
HDB63636.1	N/A	2.19e-20
JAS20512.1	N/A	2.22e-20
HDB63646.1	N/A	2.22e-20
JAL98171.1	N/A	2.22e-20
JAL84231.1	N/A	2.24e-20
HDC64716.1	N/A	2.25e-20
JAK74277.1	N/A	2.28e-20
HDB63645.1	N/A	2.34e-20
JAN51423.1	N/A	2.39e-20
HDB62756.1	N/A	2.40e-20
HDB64821.1	N/A	2.45e-20
HDB62776.1	N/A	2.49e-20
JAJ06588.1	N/A	2.49e-20
JAK19233.1	N/A	2.50e-20
HDC63812.1	N/A	2.53e-20
HDB66376.1	N/A	2.60e-20
HDC64720.1	N/A	2.64e-20
HDB62774.1	N/A	2.74e-20
JAK35970.1	N/A	2.78e-20
HDB63633.1	N/A	2.85e-20
HDB61413.1	N/A	2.86e-20
JAK66206.1	N/A	2.95e-20
HDB63642.1	N/A	3.10e-20
HDB63628.1	N/A	3.18e-20
HDB64294.1	N/A	3.27e-20
JAN18006.1	N/A	3.31e-20
HDB64820.1	N/A	3.35e-20
JAL38853.1	N/A	3.35e-20
HDC65079.1	N/A	3.40e-20
JAM08640.1	N/A	3.41e-20
HDC64713.1	N/A	3.46e-20
JAJ52761.1	N/A	3.50e-20
HDB62760.1	N/A	3.53e-20
JAL29548.1	N/A	3.56e-20
JAN20752.1	N/A	3.62e-20
HDB66373.1	N/A	3.73e-20
HDC64712.1	N/A	3.74e-20
HDC63813.1	N/A	3.76e-20
HDC62840.1	N/A	3.80e-20
JAL77111.1	N/A	3.86e-20
AHH39082.1	N/A	4.03e-20
JAN20751.1	N/A	4.18e-20
JAL08502.1	N/A	4.20e-20
JAJ10861.1	N/A	4.20e-20
JAG50721.1	N/A	4.21e-20
CCP73259.1	N/A	4.26e-20
HDC62836.1	N/A	4.31e-20
JAM06507.1	N/A	4.42e-20
HDB64825.1	N/A	4.57e-20
HDC63815.1	N/A	4.62e-20
JAJ33338.1	N/A	4.71e-20
JAL13485.1	N/A	4.75e-20
HDC63816.1	N/A	4.78e-20
HDB66375.1	N/A	4.84e-20
HDB64817.1	N/A	4.85e-20
JAN37766.1	N/A	4.96e-20
HDB63627.1	N/A	5.03e-20
SBP11492.1	N/A	5.16e-20
JAN65315.1	N/A	5.24e-20
HDC63809.1	N/A	5.26e-20
HDB62758.1	N/A	5.37e-20
JAN22165.1	N/A	5.56e-20
JAI27933.1	N/A	5.62e-20
HDC65289.1	N/A	5.68e-20
LAB67474.1	N/A	5.86e-20
HDB63624.1	N/A	6.02e-20
JAL43671.1	N/A	6.03e-20
HDB61414.1	N/A	6.08e-20
HDC64714.1	N/A	6.23e-20
JAL92866.1	N/A	6.39e-20
HDB61407.1	N/A	6.45e-20
HDB63632.1	N/A	6.71e-20
JAN36181.1	N/A	6.76e-20
JAM01081.1	N/A	6.98e-20
HDB63634.1	N/A	6.99e-20
LAA07962.1	N/A	7.02e-20
JAR75773.1	N/A	7.04e-20
JAL29534.1	N/A	7.12e-20
HDC64718.1	N/A	7.16e-20
HDB68732.1	N/A	7.30e-20
JAL98172.1	N/A	7.37e-20
JAN36177.1	N/A	7.42e-20
CCP78437.1	N/A	7.55e-20
HDB62769.1	N/A	7.57e-20
JAN64911.1	N/A	7.72e-20
HDB62777.1	N/A	7.86e-20
HDB64295.1	N/A	7.89e-20
HDC65080.1	N/A	7.96e-20
HDB63641.1	N/A	8.08e-20
HDB63591.1	N/A	8.17e-20
HDB64822.1	N/A	8.19e-20
JAN36178.1	N/A	8.24e-20
HDB63643.1	N/A	8.26e-20
HDB63640.1	N/A	8.55e-20
JAN65314.1	N/A	8.66e-20
HDB66371.1	N/A	8.77e-20
HDC62837.1	N/A	8.83e-20
JAJ22189.1	N/A	9.11e-20
JAG40793.1	N/A	9.32e-20
HDC65287.1	N/A	9.41e-20
JAJ52703.1	N/A	1.01e-19
SBS49666.1	N/A	1.02e-19
JAN22166.1	N/A	1.02e-19
JAK38894.1	N/A	1.04e-19
HDB61416.1	N/A	1.05e-19
HDB63623.1	N/A	1.05e-19
HDB63649.1	N/A	1.06e-19
HDC63810.1	N/A	1.06e-19
JAJ83084.1	N/A	1.06e-19
JAK73499.1	N/A	1.06e-19
HDB62761.1	N/A	1.07e-19
HDB64301.1	N/A	1.09e-19
JAM43305.1	N/A	1.09e-19
HDB63589.1	N/A	1.13e-19
HDB69895.1	N/A	1.15e-19
JAM99642.1	N/A	1.15e-19
NBJ61860.1	N/A	1.22e-19
HDC64710.1	N/A	1.22e-19
JAM46519.1	N/A	1.30e-19
SBR72280.1	N/A	1.31e-19
JAJ11706.1	N/A	1.33e-19
HDB61409.1	N/A	1.35e-19
JAM44658.1	N/A	1.36e-19
HDC70918.1	N/A	1.38e-19
JAL11588.1	N/A	1.40e-19
JAJ08463.1	N/A	1.41e-19
SBP49411.1	N/A	1.41e-19
JAL13486.1	N/A	1.42e-19
JAK70112.1	N/A	1.43e-19
MBW15542.1	N/A	1.44e-19
JAM01085.1	N/A	1.46e-19
JAJ27614.1	N/A	1.48e-19
HDB63625.1	N/A	1.52e-19
JAK84010.1	N/A	1.53e-19
JAK00519.1	N/A	1.55e-19
HDB63631.1	N/A	1.57e-19
HDB64305.1	N/A	1.58e-19
JAI96162.1	N/A	1.60e-19
JAN78671.1	N/A	1.62e-19
MBW15218.1	N/A	1.70e-19
JAJ46854.1	N/A	1.72e-19
JAL51641.1	N/A	1.74e-19
JAN42807.1	N/A	1.80e-19
JAJ09304.1	N/A	1.86e-19
JAI30384.1	N/A	1.89e-19
JAN15858.1	N/A	1.89e-19
JAL47578.1	N/A	1.91e-19
HDB64299.1	N/A	2.04e-19
JAK35107.1	N/A	2.10e-19
JAJ46853.1	N/A	2.10e-19
JAJ67422.1	N/A	2.17e-19
LAA07964.1	N/A	2.25e-19
JAJ60801.1	N/A	2.25e-19
JAL96757.1	N/A	2.33e-19
HDC65077.1	N/A	2.35e-19
SBR68614.1	N/A	2.38e-19
JAJ52706.1	N/A	2.42e-19
JAN86703.1	N/A	2.44e-19
JAR68856.1	N/A	2.49e-19
HDC65078.1	N/A	2.65e-19
JAI68768.1	N/A	2.71e-19
JAQ49601.1	N/A	2.83e-19
CDW48803.1	N/A	3.19e-19
JAJ68173.1	N/A	3.25e-19
JAN47364.1	N/A	3.37e-19
JAK78948.1	N/A	3.38e-19
JAM67547.1	N/A	3.42e-19
HDC65068.1	N/A	3.43e-19
JAN86704.1	N/A	3.47e-19
JAN67924.1	N/A	3.47e-19
JAJ28810.1	N/A	3.49e-19
JAM68749.1	N/A	3.55e-19
JAC51040.1	N/A	3.72e-19
HDB64303.1	N/A	3.73e-19
JAM91650.1	N/A	3.92e-19
JAI59577.1	N/A	4.03e-19
HDC62839.1	N/A	4.23e-19
JAR77431.1	N/A	4.35e-19
JAL62785.1	N/A	4.56e-19
HDB64714.1	N/A	4.57e-19
JAM55048.1	N/A	4.65e-19
JAM58881.1	N/A	4.67e-19
JAN31237.1	N/A	4.96e-19
JAJ23481.1	N/A	5.10e-19
HDC62835.1	N/A	5.12e-19
HDC65553.1	N/A	5.39e-19
JAM55009.1	N/A	5.63e-19
HDB63590.1	N/A	5.86e-19
JAQ40076.1	N/A	5.88e-19
JAM60905.1	N/A	6.28e-19
JAG09689.1	N/A	6.53e-19
JAM30662.1	N/A	6.56e-19
HDA51800.1	N/A	6.91e-19
JAN37043.1	N/A	7.30e-19
HDB63585.1	N/A	7.52e-19
JAN00545.1	N/A	8.03e-19
JAJ52707.1	N/A	8.07e-19
AFP03346.1	N/A	8.09e-19
JAK26479.1	N/A	8.59e-19
HDB65251.1	N/A	8.59e-19
JAI68769.1	N/A	9.00e-19
HDC62852.1	N/A	9.04e-19
MBW11881.1	N/A	9.46e-19
JAM01082.1	N/A	1.05e-18
HDC62846.1	N/A	1.05e-18
JAL78825.1	N/A	1.06e-18
JAN63009.1	N/A	1.08e-18
JAJ26883.1	N/A	1.08e-18
JAR40177.1	N/A	1.09e-18
JAJ96925.1	N/A	1.13e-18
JAK22765.1	N/A	1.13e-18
MOY45431.1	N/A	1.13e-18
HDB63588.1	N/A	1.14e-18
JAM18043.1	N/A	1.24e-18
JAO38469.1	N/A	1.25e-18
JAM88803.1	N/A	1.29e-18
JAN72760.1	N/A	1.30e-18
JAJ13717.1	N/A	1.33e-18
JAC06024.1	N/A	1.35e-18
HDC64319.1	N/A	1.42e-18
JAN72516.1	N/A	1.47e-18
HDB73223.1	N/A	1.47e-18
JAJ26882.1	N/A	1.52e-18
HDC32928.1	N/A	1.54e-18
HDC63853.1	N/A	1.62e-18
HDC62849.1	N/A	1.65e-18
HDC64323.1	N/A	1.74e-18
HDB62726.1	N/A	1.74e-18
HDB63583.1	N/A	1.79e-18
JAL11538.1	N/A	1.87e-18
JAN04839.1	N/A	1.87e-18
JAJ52759.1	N/A	1.92e-18
SBP50096.1	N/A	2.04e-18
CDW45760.1	N/A	2.05e-18
JAM69554.1	N/A	2.05e-18
HDC65552.1	N/A	2.09e-18
HDC62853.1	N/A	2.14e-18
HDB63586.1	N/A	2.17e-18
JAV30594.1	N/A	2.18e-18
JAJ70351.1	N/A	2.24e-18
JAK26480.1	N/A	2.87e-18
HDC64320.1	N/A	2.92e-18
HDC64317.1	N/A	3.03e-18
HDC63855.1	N/A	3.17e-18
HDC63854.1	N/A	3.20e-18
HDC62838.1	N/A	3.20e-18
JAJ64946.1	N/A	3.24e-18
JAL86679.1	N/A	3.27e-18
JAW10971.1	N/A	3.28e-18
JAL31281.1	N/A	3.32e-18
HDC62834.1	N/A	3.33e-18
HDC62850.1	N/A	3.35e-18
HDB65246.1	N/A	3.39e-18
JAJ57164.1	N/A	3.48e-18
MBY74321.1	N/A	3.59e-18
HDC64324.1	N/A	3.67e-18
HDB65249.1	N/A	3.68e-18
HDC62844.1	N/A	3.71e-18
HDC64321.1	N/A	3.74e-18
SBS05216.1	N/A	3.89e-18
JAN18008.1	N/A	4.12e-18
HDB61496.1	N/A	4.14e-18
JAM19686.1	N/A	4.20e-18
JAM23531.1	N/A	4.75e-18
HDB67714.1	N/A	5.30e-18
JAI91462.1	N/A	5.35e-18
HDB61492.1	N/A	5.41e-18
HDB61493.1	N/A	6.04e-18
JAL22185.1	N/A	6.36e-18
HDC63856.1	N/A	6.44e-18
JAL80447.1	N/A	6.98e-18
JAG71747.1	N/A	7.24e-18
SBP08352.1	N/A	7.93e-18
JAJ69517.1	N/A	7.98e-18
JAJ41107.1	N/A	8.13e-18
HDB61497.1	N/A	8.41e-18
SBP24472.1	N/A	8.53e-18
SBQ51539.1	N/A	8.61e-18
CDW39655.1	N/A	8.72e-18
JAG75061.1	N/A	8.77e-18
HDB63584.1	N/A	8.80e-18
JAK60212.1	N/A	9.11e-18
HDB62725.1	N/A	9.22e-18
JAN06388.1	N/A	9.43e-18
HDC63852.1	N/A	9.48e-18
HDC65551.1	N/A	9.48e-18
HDC62845.1	N/A	9.48e-18
JAN25147.1	N/A	9.89e-18
JAJ52702.1	N/A	1.00e-17
JAL84715.1	N/A	1.03e-17
HDB67718.1	N/A	1.05e-17
HDB67716.1	N/A	1.10e-17
HDC65067.1	N/A	1.11e-17
HDB67719.1	N/A	1.11e-17
HDB67720.1	N/A	1.12e-17
SBR87581.1	N/A	1.13e-17
SBP12009.1	N/A	1.16e-17
HDB61494.1	N/A	1.17e-17
HDC62851.1	N/A	1.21e-17
JAM48543.1	N/A	1.22e-17
HDB67715.1	N/A	1.22e-17
JAN80010.1	N/A	1.24e-17
JAV30907.1	N/A	1.26e-17
HDB65244.1	N/A	1.33e-17
JAL96758.1	N/A	1.43e-17
JAM27909.1	N/A	1.55e-17
JAK87373.1	N/A	1.61e-17
JAL90265.1	N/A	1.65e-17
HDC62843.1	N/A	1.71e-17
HCZ86391.1	N/A	1.88e-17
JAM80992.1	N/A	1.95e-17
HDC62848.1	N/A	2.01e-17
HDC64318.1	N/A	2.03e-17
JAI93335.1	N/A	2.10e-17
JAM44657.1	N/A	2.12e-17
HDC64322.1	N/A	2.13e-17
JAK22764.1	N/A	2.17e-17
HDB74364.1	N/A	2.19e-17
SBP32588.1	N/A	2.21e-17
HDC63849.1	N/A	2.23e-17
HDB64174.1	N/A	2.42e-17
JAT36067.1	N/A	2.45e-17
HDB62723.1	N/A	2.65e-17
JAG36235.1	N/A	2.73e-17
JAL93581.1	N/A	2.82e-17
JAJ13910.1	N/A	3.04e-17
JAI93336.1	N/A	3.04e-17
CDW38630.1	N/A	3.49e-17
HDB64715.1	N/A	3.83e-17
HDC63850.1	N/A	4.01e-17
JAK38263.1	N/A	4.09e-17
JAT37998.1	N/A	4.24e-17
HDB67717.1	N/A	4.63e-17
JAK78462.1	N/A	4.65e-17
JAN53508.1	N/A	4.86e-17
SBP16091.1	N/A	4.89e-17
JAM99740.1	N/A	4.90e-17
SBP42192.1	N/A	5.32e-17
JAN32980.1	N/A	5.45e-17
HDB61495.1	N/A	5.57e-17
JAO51209.1	N/A	6.25e-17
JAN55526.1	N/A	6.72e-17
JAM59544.1	N/A	6.78e-17
MXU95173.1	N/A	6.84e-17
JAW00863.1	N/A	7.06e-17
JAL77511.1	N/A	7.12e-17
JAI84531.1	N/A	7.50e-17
HDB61491.1	N/A	7.83e-17
JAS42007.1	N/A	7.84e-17
JAN44534.1	N/A	7.94e-17
SBR06041.1	N/A	7.96e-17
SBQ61256.1	N/A	8.09e-17
JAK41409.1	N/A	8.11e-17
JAI84533.1	N/A	8.45e-17
JAM27910.1	N/A	8.64e-17
JAI84532.1	N/A	9.17e-17
JAK30472.1	N/A	9.98e-17
JAM48597.1	N/A	1.02e-16
HDC63851.1	N/A	1.07e-16
JAJ33712.1	N/A	1.09e-16
JAN63115.1	N/A	1.13e-16
JAR48425.1	N/A	1.32e-16
AFP08959.1	N/A	1.40e-16
HDC63848.1	N/A	1.46e-16
HDC62847.1	N/A	1.47e-16
HDC62842.1	N/A	1.49e-16
JAK81556.1	N/A	1.52e-16
JAQ98063.1	N/A	1.58e-16
JAI84535.1	N/A	1.59e-16
JAJ89570.1	N/A	1.68e-16
JAK36474.1	N/A	1.69e-16
JAL00235.1	N/A	1.79e-16
JAN32427.1	N/A	1.95e-16
MBY26703.1	N/A	2.01e-16
SBQ82257.1	N/A	2.11e-16
JAK15174.1	N/A	2.13e-16
JAM82655.1	N/A	2.42e-16
SBQ49423.1	N/A	2.64e-16
MOS19237.1	N/A	2.86e-16
JAJ31208.1	N/A	2.86e-16
JAO93037.1	N/A	3.21e-16
JAJ75370.1	N/A	3.54e-16
AEY58196.1	N/A	3.61e-16
JAS39439.1	N/A	4.07e-16
JAN28436.1	N/A	4.17e-16
JAS44559.1	N/A	4.26e-16
JAG79452.1	N/A	4.30e-16
JAK16273.1	N/A	4.38e-16
JAS54789.1	N/A	4.79e-16
JAL17236.1	N/A	5.26e-16
SBQ72852.1	N/A	5.29e-16
JAJ47662.1	N/A	5.49e-16
JAJ55410.1	N/A	5.85e-16
JAL36258.1	N/A	6.14e-16
JAJ02178.1	N/A	6.28e-16
JAK44105.1	N/A	6.32e-16
MBW66364.1	N/A	6.46e-16
JAN57173.1	N/A	6.72e-16
JAK46951.1	N/A	6.94e-16
JAN82040.1	N/A	9.32e-16
MBW14918.1	N/A	1.06e-15
JAR11893.1	N/A	1.07e-15
JAJ42165.1	N/A	1.13e-15
JAA98843.1	N/A	1.15e-15
JAO79896.1	N/A	1.20e-15
MBW24803.1	N/A	1.42e-15
JAK26422.1	N/A	1.50e-15
JAK25373.1	N/A	1.52e-15
JAK26423.1	N/A	1.66e-15
JAG79904.1	N/A	1.69e-15
JAM75107.1	N/A	1.72e-15
JAI93334.1	N/A	1.84e-15
JAI73871.1	N/A	2.01e-15
JAJ13006.1	N/A	2.10e-15
JAL47589.1	N/A	2.26e-15
JAO87607.1	N/A	2.29e-15
JAL92864.1	N/A	2.43e-15
JAK26421.1	N/A	2.46e-15
JAM32883.1	N/A	2.54e-15
JAT99189.1	N/A	2.62e-15
JAQ41277.1	N/A	2.86e-15
JAN47417.1	N/A	2.89e-15
JAM63547.1	N/A	2.94e-15
JAR85751.1	N/A	3.00e-15
JAO87608.1	N/A	3.03e-15
AHH38144.1	N/A	3.20e-15
MBW68737.1	N/A	3.47e-15
JAI84534.1	N/A	3.48e-15
JAJ51706.1	N/A	3.55e-15
JAJ03065.1	N/A	3.58e-15
JAJ62962.1	N/A	3.67e-15
JAK25375.1	N/A	3.89e-15
SBP79062.1	N/A	4.12e-15
JAI94929.1	N/A	4.19e-15
HDA51136.1	N/A	4.60e-15
JAT37308.1	N/A	4.80e-15
AHH40630.1	N/A	5.02e-15
JAI93390.1	N/A	5.12e-15
JAS22051.1	N/A	5.14e-15
JAK27668.1	N/A	5.38e-15
JAK25374.1	N/A	5.56e-15
JAM18132.1	N/A	5.56e-15
JAJ21809.1	N/A	5.70e-15
JAK27670.1	N/A	5.81e-15
JAM93797.1	N/A	6.65e-15
CEK53058.1	N/A	6.80e-15
JAS79665.1	N/A	7.25e-15
JAL82283.1	N/A	7.35e-15
JAT38467.1	N/A	8.27e-15
JAL76886.1	N/A	8.32e-15
SBP64410.1	N/A	8.65e-15
SBP04289.1	N/A	8.71e-15
SBP62961.1	N/A	8.96e-15
JAQ98947.1	N/A	9.21e-15
JAK27669.1	N/A	9.75e-15
SBP21909.1	N/A	1.15e-14
JAK04280.1	N/A	1.26e-14
JAN28435.1	N/A	1.26e-14
JAJ51764.1	N/A	1.26e-14
JAD03297.1	N/A	1.29e-14
JAO03327.1	N/A	1.30e-14
HDB73902.1	N/A	1.37e-14
MBW42950.1	N/A	1.37e-14
JAM65805.1	N/A	1.38e-14
JAT06339.1	N/A	1.46e-14
JAQ80314.1	N/A	1.54e-14
JAN65657.1	N/A	1.56e-14
MBY23440.1	N/A	1.72e-14
JAK92950.1	N/A	1.85e-14
MOS14933.1	N/A	1.94e-14
JAJ75168.1	N/A	2.32e-14
JAI50335.1	N/A	2.45e-14
JAL23908.1	N/A	2.56e-14
JAN07656.1	N/A	2.59e-14
JAQ16510.1	N/A	3.02e-14
JAM65804.1	N/A	3.56e-14
JAP97579.1	N/A	3.78e-14
SBQ57163.1	N/A	3.90e-14
JAK88564.1	N/A	3.94e-14
JAQ45934.1	N/A	4.15e-14
JAC04214.1	N/A	4.33e-14
JAC47857.1	N/A	4.41e-14
JAN60630.1	N/A	5.25e-14
MOS18872.1	N/A	6.11e-14
MOS13827.1	N/A	6.12e-14
JAJ02228.1	N/A	6.57e-14
JAM21711.1	N/A	7.43e-14
JAS11175.1	N/A	7.71e-14
JAQ39883.1	N/A	9.36e-14
JAS52135.1	N/A	9.75e-14
SBS46466.1	N/A	9.78e-14
JAN53407.1	N/A	1.01e-13
JAV30491.1	N/A	1.02e-13
JAL58043.1	N/A	1.04e-13
JAN56359.1	N/A	1.05e-13
MBY75083.1	N/A	1.08e-13
HDC69721.1	N/A	1.32e-13
JAL09446.1	N/A	1.41e-13
JAJ56956.1	N/A	1.45e-13
CDW23194.1	N/A	1.47e-13
JAN45267.1	N/A	1.48e-13
HCZ77214.1	N/A	1.51e-13
HDB61648.1	N/A	1.52e-13
HCZ80846.1	N/A	1.53e-13
JAK81505.1	N/A	1.83e-13
SBP44049.1	N/A	1.85e-13
JAN62822.1	N/A	2.28e-13
JAK57975.1	N/A	2.74e-13
HDB68663.1	N/A	2.77e-13
JAL65016.1	N/A	2.82e-13
SBP59344.1	N/A	2.88e-13
JAR85488.1	N/A	2.93e-13
SBP52160.1	N/A	3.01e-13
SBP18472.1	N/A	3.10e-13
SBR02860.1	N/A	3.16e-13
HDA90973.1	N/A	3.61e-13
MBW16815.1	N/A	3.86e-13
JAJ27505.1	N/A	4.16e-13
JAJ01105.1	N/A	4.45e-13
JAL39525.1	N/A	4.76e-13
SBQ52537.1	N/A	4.78e-13
SBP16131.1	N/A	5.31e-13
JAM10608.1	N/A	5.54e-13
JAJ69516.1	N/A	5.62e-13
JAK38888.1	N/A	5.86e-13
JAL42200.1	N/A	5.99e-13
JAA93013.1	N/A	6.04e-13
JAC15131.1	N/A	6.14e-13
JAL10206.1	N/A	6.26e-13
JAM60514.1	N/A	6.32e-13
JAN28432.1	N/A	6.36e-13
JAK66205.1	N/A	6.53e-13
SBS19225.1	N/A	6.53e-13
JAJ71264.1	N/A	6.69e-13
JAN81778.1	N/A	6.87e-13
JAN36420.1	N/A	6.99e-13
JAK61857.1	N/A	7.28e-13
JAL29364.1	N/A	7.95e-13
JAA03363.1	N/A	8.03e-13
CDW21666.1	N/A	8.56e-13
AFP10374.1	N/A	8.65e-13
MBW13337.1	N/A	8.94e-13
JAL38849.1	N/A	9.17e-13
JAK47157.1	N/A	9.42e-13
JAB26719.1	N/A	9.98e-13
JAK63153.1	N/A	1.02e-12
HDA58073.1	N/A	1.03e-12
JAN10727.1	N/A	1.03e-12
JAM42133.1	N/A	1.03e-12
JAJ71263.1	N/A	1.03e-12
HCZ89033.1	N/A	1.07e-12
HDC65288.1	N/A	1.10e-12
JAB05283.1	N/A	1.11e-12
JAN62155.1	N/A	1.11e-12
AER99323.1	N/A	1.11e-12
AFJ70340.1	N/A	1.13e-12
JAM96248.1	N/A	1.18e-12
JAN04838.1	N/A	1.20e-12
JAJ52709.1	N/A	1.28e-12
JAM08522.1	N/A	1.30e-12
JAK81959.1	N/A	1.30e-12
HDC01211.1	N/A	1.36e-12
HDA82053.1	N/A	1.44e-12
HDA91480.1	N/A	1.45e-12
MBY20309.1	N/A	1.45e-12
JAA92964.1	N/A	1.50e-12
AEY61192.1	N/A	1.50e-12
JAL36308.1	N/A	1.52e-12
JAO32833.1	N/A	1.56e-12
JAJ52705.1	N/A	1.65e-12
JAV06616.1	N/A	1.74e-12
HCZ89114.1	N/A	1.77e-12
JAV06687.1	N/A	1.78e-12
JAB00954.1	N/A	1.81e-12
JAB89624.1	N/A	1.88e-12
JAN26885.1	N/A	1.93e-12
JAQ42019.1	N/A	1.98e-12
JAL52569.1	N/A	2.03e-12
HDC39969.1	N/A	2.04e-12
JAM07678.1	N/A	2.08e-12
HDC42504.1	N/A	2.13e-12
SBQ73301.1	N/A	2.23e-12
MOS16332.1	N/A	2.41e-12
SBP19893.1	N/A	2.42e-12
JAJ70154.1	N/A	2.45e-12
JAL44397.1	N/A	2.59e-12
JAR62785.1	N/A	2.65e-12
JAL94988.1	N/A	2.66e-12
JAL17730.1	N/A	2.85e-12
JAR82962.1	N/A	2.88e-12
JAL20047.1	N/A	2.90e-12
JAI81929.1	N/A	2.95e-12
JAL91554.1	N/A	2.98e-12
JAL14495.1	N/A	3.06e-12
JAJ81591.1	N/A	3.20e-12
JAN40335.1	N/A	3.27e-12
JAR00200.1	N/A	3.28e-12
JAR00200.1	N/A	1.20e-09
JAR37833.1	N/A	3.31e-12
JAN28194.1	N/A	3.55e-12
JAR74794.1	N/A	3.67e-12
JAR68379.1	N/A	3.98e-12
JAK47372.1	N/A	4.23e-12
CDW23193.1	N/A	4.38e-12
JAR34343.1	N/A	4.39e-12
MBY81253.1	N/A	4.44e-12
AFE68441.1	N/A	4.54e-12
SBR04314.1	N/A	4.66e-12
JAL40088.1	N/A	5.24e-12
SBP47973.1	N/A	5.48e-12
JAN81477.1	N/A	5.89e-12
JAM32789.1	N/A	5.91e-12
MBY73820.1	N/A	6.45e-12
JAC04103.1	N/A	6.63e-12
JAR45427.1	N/A	6.88e-12
HDA55003.1	N/A	6.93e-12
JAM78405.1	N/A	7.27e-12
SNX37469.1	N/A	7.45e-12
JAR34344.1	N/A	7.55e-12
JAK88854.1	N/A	7.63e-12
CCP82651.1	N/A	8.37e-12
JAR34346.1	N/A	8.38e-12
JAR34345.1	N/A	8.69e-12
JAI85882.1	N/A	8.90e-12
JAP99012.1	N/A	9.16e-12
JAN97418.1	N/A	9.27e-12
HDC12848.1	N/A	1.01e-11
JAR68773.1	N/A	1.03e-11
MBY08568.1	N/A	1.11e-11
JAQ44823.1	N/A	1.20e-11
SBQ97958.1	N/A	1.20e-11
JAN41158.1	N/A	1.26e-11
JAG03726.1	N/A	1.27e-11
JAN83363.1	N/A	1.54e-11
JAT88500.1	N/A	1.55e-11
JAN18391.1	N/A	1.55e-11
JAA74417.1	N/A	1.57e-11
JAN06383.1	N/A	1.62e-11
HDA78711.1	N/A	1.71e-11
MBW17489.1	N/A	1.82e-11
JAQ35591.1	N/A	1.85e-11
JAB97624.1	N/A	1.98e-11
SBP62105.1	N/A	2.07e-11
JAR34342.1	N/A	2.12e-11
JAM82648.1	N/A	2.15e-11
SBS06969.1	N/A	2.17e-11
JAM80162.1	N/A	2.23e-11
JAC59317.1	N/A	2.26e-11
JAK64452.1	N/A	2.32e-11
JAJ19711.1	N/A	2.32e-11
JAC16708.1	N/A	2.37e-11
JAJ64152.1	N/A	2.55e-11
MBY80350.1	N/A	2.75e-11
MBY75002.1	N/A	2.76e-11
SBR84981.1	N/A	2.79e-11
CCP80453.1	N/A	2.86e-11
JAI73657.1	N/A	3.02e-11
JAN51006.1	N/A	3.03e-11
SBR50002.1	N/A	3.03e-11
SBR81371.1	N/A	3.03e-11
MOS24969.1	N/A	3.62e-11
MBY17770.1	N/A	4.06e-11
JAV06715.1	N/A	4.13e-11
SBP65950.1	N/A	4.14e-11
JAV30458.1	N/A	4.18e-11
JAS66265.1	N/A	4.19e-11
JAQ78274.1	N/A	4.23e-11
JAI63616.1	N/A	4.26e-11
JAN03391.1	N/A	4.39e-11
JAJ52708.1	N/A	4.44e-11
JAV30012.1	N/A	4.45e-11
JAI19884.1	N/A	4.46e-11
JAL75672.1	N/A	4.83e-11
JAC99878.1	N/A	4.97e-11
JAD06162.1	N/A	5.11e-11
JAR60860.1	N/A	5.41e-11
JAK77256.1	N/A	5.48e-11
HDB70828.1	N/A	5.57e-11
JAN13961.1	N/A	5.95e-11
JAC47856.1	N/A	6.08e-11
JAR81482.1	N/A	6.17e-11
JAL74195.1	N/A	6.42e-11
SBR40454.1	N/A	6.89e-11
JAK05120.1	N/A	7.13e-11
JAO93765.1	N/A	7.51e-11
SBS09225.1	N/A	7.77e-11
SBS12417.1	N/A	7.86e-11
JAB97623.1	N/A	8.05e-11
JAK63001.1	N/A	8.39e-11
JAA78430.1	N/A	8.51e-11
MOS19138.1	N/A	8.78e-11
JAC12301.1	N/A	8.79e-11
JAT08337.1	N/A	8.82e-11
JAR85991.1	N/A	9.02e-11
JAQ82262.1	N/A	9.30e-11
SBP62836.1	N/A	9.44e-11
JAO05021.1	N/A	9.63e-11
JAL26938.1	N/A	9.90e-11
SBQ98857.1	N/A	1.00e-10
JAQ73772.1	N/A	1.02e-10
JAL70278.1	N/A	1.02e-10
MAA41210.1	N/A	1.03e-10
JAJ77748.1	N/A	1.06e-10
MBY30710.1	N/A	1.07e-10
JAV29955.1	N/A	1.10e-10
JAK43285.1	N/A	1.12e-10
JAL07490.1	N/A	1.14e-10
JAN30666.1	N/A	1.15e-10
HDB75446.1	N/A	1.15e-10
JAJ68504.1	N/A	1.16e-10
JAK16467.1	N/A	1.20e-10
JAV30467.1	N/A	1.25e-10
JAN83616.1	N/A	1.26e-10
JAC44122.1	N/A	1.29e-10
JAJ75171.1	N/A	1.33e-10
JAJ28759.1	N/A	1.36e-10
SBP11040.1	N/A	1.42e-10
SBS41413.1	N/A	1.48e-10
JAV30189.1	N/A	1.50e-10
JAM77958.1	N/A	1.57e-10
JAG65756.1	N/A	1.57e-10
JAA99658.1	N/A	1.60e-10
JAJ52704.1	N/A	1.64e-10
SBP01414.1	N/A	1.65e-10
JAR49723.1	N/A	1.68e-10
SBQ55969.1	N/A	1.78e-10
SBR57879.1	N/A	1.80e-10
SBP44518.1	N/A	1.83e-10
JAQ60563.1	N/A	1.83e-10
JAL40087.1	N/A	1.84e-10
SBQ34827.1	N/A	1.89e-10
JAJ64852.1	N/A	1.92e-10
JAD11040.1	N/A	2.02e-10
SBP52027.1	N/A	2.03e-10
JAV52395.1	N/A	2.10e-10
JAG03839.1	N/A	2.17e-10
JAV52394.1	N/A	2.21e-10
SBS14412.1	N/A	2.22e-10
JAQ70295.1	N/A	2.46e-10
JAM64591.1	N/A	2.55e-10
HCZ74555.1	N/A	2.70e-10
HDA47229.1	N/A	2.89e-10
SBP82593.1	N/A	2.98e-10
SBP44990.1	N/A	3.05e-10
JAI59581.1	N/A	3.12e-10
SBQ57781.1	N/A	3.14e-10
JAJ33043.1	N/A	3.27e-10
SBP63439.1	N/A	3.29e-10
MOS20260.1	N/A	3.55e-10
JAM43688.1	N/A	3.59e-10
JAN95991.1	N/A	3.69e-10
AHH40085.1	N/A	3.98e-10
SBP60454.1	N/A	4.07e-10
JAN41107.1	N/A	4.18e-10
SBP63958.1	N/A	4.41e-10
HDB72845.1	N/A	4.55e-10
JAQ77980.1	N/A	4.55e-10
JAV30186.1	N/A	4.68e-10
JAO85817.1	N/A	4.82e-10
AES05908.1	N/A	4.86e-10
JAM53150.1	N/A	4.93e-10
JAN11525.1	N/A	4.96e-10
JAI36611.1	N/A	5.15e-10
JAC01768.1	N/A	5.19e-10
JAR74776.1	N/A	5.30e-10
JAL02903.1	N/A	5.61e-10
JAC41486.1	N/A	5.68e-10
SBR20288.1	N/A	5.70e-10
SBR96532.1	N/A	5.82e-10
JAN77814.1	N/A	5.84e-10
SBR56714.1	N/A	5.93e-10
JAB31086.1	N/A	5.96e-10
JAV30119.1	N/A	6.06e-10
SBQ62812.1	N/A	6.09e-10
JAC04215.1	N/A	6.15e-10
SBP82249.1	N/A	6.38e-10
JAS26316.1	N/A	6.39e-10
JAP58756.1	N/A	6.45e-10
SBP08961.1	N/A	6.62e-10
LAC41074.1	N/A	6.72e-10
SBS18971.1	N/A	6.80e-10
MBY04201.1	N/A	7.00e-10
SBP42007.1	N/A	7.13e-10
JAJ26463.1	N/A	7.17e-10
JAL26929.1	N/A	7.25e-10
SBP14335.1	N/A	7.27e-10
SBP58580.1	N/A	7.40e-10
SBQ66421.1	N/A	7.45e-10
JAJ24609.1	N/A	7.60e-10
JAO19075.1	N/A	8.04e-10
JAL83844.1	N/A	8.30e-10
AFJ70506.1	N/A	8.43e-10
MBY72660.1	N/A	8.52e-10
JAM92150.1	N/A	8.57e-10
JAS34543.1	N/A	8.64e-10
JAJ54865.1	N/A	8.65e-10
JAJ90225.1	N/A	8.70e-10
SBR73153.1	N/A	8.83e-10
JAL04052.1	N/A	9.23e-10
JAI63615.1	N/A	9.27e-10
JAL33088.1	N/A	9.39e-10
SBQ33452.1	N/A	9.41e-10
JAI85784.1	N/A	9.68e-10
SBP62225.1	N/A	9.73e-10
JAN68825.1	N/A	9.87e-10
HDB70827.1	N/A	1.01e-09
HDB72995.1	N/A	1.02e-09
SBP04834.1	N/A	1.08e-09
MBY87036.1	N/A	1.11e-09
JAM42129.1	N/A	1.11e-09
JAJ36205.1	N/A	1.16e-09
JAR68425.1	N/A	1.16e-09
HDC63942.1	N/A	1.18e-09
SBP16234.1	N/A	1.18e-09
JAV36860.1	N/A	1.19e-09
JAM86655.1	N/A	1.21e-09
JAW11719.1	N/A	1.22e-09
JAL37599.1	N/A	1.23e-09
SBP44163.1	N/A	1.27e-09
HDB73224.1	N/A	1.28e-09
JAN32987.1	N/A	1.34e-09
JAK34239.1	N/A	1.36e-09
JAK35336.1	N/A	1.36e-09
MBY12234.1	N/A	1.39e-09
JAS30844.1	N/A	1.39e-09
JAV30132.1	N/A	1.39e-09
JAM42131.1	N/A	1.42e-09
SBQ91352.1	N/A	1.43e-09
SBP84414.1	N/A	1.43e-09
AHH38087.1	N/A	1.46e-09
JAO85816.1	N/A	1.52e-09
JAL93616.1	N/A	1.57e-09
JAJ25602.1	N/A	1.58e-09
SBP45430.1	N/A	1.61e-09
LAB30437.1	N/A	1.62e-09
JAM42130.1	N/A	1.62e-09
MOS12705.1	N/A	1.66e-09
JAB97683.1	N/A	1.69e-09
JAD00131.1	N/A	1.73e-09
AHH38367.1	N/A	1.73e-09
JAN83336.1	N/A	1.76e-09
SBR53839.1	N/A	1.77e-09
HDB74108.1	N/A	1.80e-09
JAL06911.1	N/A	1.89e-09
JAJ27933.1	N/A	1.95e-09
SBQ65705.1	N/A	1.95e-09
JAS28171.1	N/A	1.99e-09
JAC59320.1	N/A	2.08e-09
JAJ46856.1	N/A	2.11e-09
JAB18447.1	N/A	2.18e-09
JAO85815.1	N/A	2.19e-09
SBR57044.1	N/A	2.22e-09
JAL22751.1	N/A	2.23e-09
SBR95654.1	N/A	2.24e-09
JAG71682.1	N/A	2.30e-09
SBQ95323.1	N/A	2.30e-09
JAK90011.1	N/A	2.37e-09
JAL27408.1	N/A	2.38e-09
JAS43161.1	N/A	2.42e-09
JAJ46855.1	N/A	2.42e-09
SBP43647.1	N/A	2.44e-09
JAM08730.1	N/A	2.52e-09
JAJ53378.1	N/A	2.53e-09
JAK36367.1	N/A	2.55e-09
CCP79190.1	N/A	2.61e-09
JAG79956.1	N/A	2.66e-09
JAM47260.1	N/A	2.80e-09
SBS45848.1	N/A	2.87e-09
SBS14998.1	N/A	2.90e-09
JAV06613.1	N/A	3.01e-09
JAS08840.1	N/A	3.04e-09
JAN75262.1	N/A	3.05e-09
JAK51609.1	N/A	3.09e-09
AFP62859.1	N/A	3.22e-09
JAN15471.1	N/A	3.22e-09
HDB28270.1	N/A	3.27e-09
JAQ98362.1	N/A	3.29e-09
MOS21096.1	N/A	3.54e-09
AFP00411.1	N/A	3.69e-09
HCZ79039.1	N/A	3.74e-09
JAS10073.1	N/A	3.80e-09
JAQ33809.1	N/A	3.89e-09
JAM41990.1	N/A	3.89e-09
JAO03619.1	N/A	3.91e-09
JAG82274.1	N/A	4.00e-09
MBY04147.1	N/A	4.17e-09
JAC97366.1	N/A	4.41e-09
JAK84947.1	N/A	4.60e-09
MOS20070.1	N/A	4.61e-09
AFE78450.1	N/A	4.78e-09
JAN82539.1	N/A	4.93e-09
MBY12049.1	N/A	5.06e-09
JAB05614.1	N/A	5.13e-09
JAB99527.1	N/A	5.14e-09
MBY79299.1	N/A	5.30e-09
JAV34976.1	N/A	5.38e-09
JAV06630.1	N/A	5.59e-09
JAN95273.1	N/A	5.71e-09
JAG78599.1	N/A	5.88e-09
JAR11381.1	N/A	5.93e-09
JAC00469.1	N/A	6.11e-09
JAO96207.1	N/A	6.17e-09
JAJ58007.1	N/A	6.31e-09
SBS56227.1	N/A	6.75e-09
MBW14112.1	N/A	6.93e-09
JAB91607.1	N/A	7.00e-09
JAL41133.1	N/A	7.16e-09
JAQ51415.1	N/A	7.23e-09
JAS08666.1	N/A	7.45e-09
AHH39611.1	N/A	7.65e-09
JAL08079.1	N/A	7.71e-09
JAF98772.1	N/A	7.88e-09
JAK88491.1	N/A	7.93e-09
JAO99941.1	N/A	8.04e-09
JAQ79229.1	N/A	8.11e-09
HCZ81068.1	N/A	8.54e-09
JAI70969.1	N/A	8.68e-09
JAO01627.1	N/A	8.75e-09
JAC59322.1	N/A	8.87e-09
JAV06614.1	N/A	9.40e-09
MBY16428.1	N/A	9.48e-09
JAS16114.1	N/A	1.01e-08
JAB19728.1	N/A	1.04e-08
JAT13927.1	N/A	1.04e-08
JAR81152.1	N/A	1.05e-08
JAD12469.1	N/A	1.05e-08
JAM53665.1	N/A	1.06e-08
JAW05674.1	N/A	1.07e-08
JAD12326.1	N/A	1.07e-08
JAS67540.1	N/A	1.09e-08
JAQ42583.1	N/A	1.10e-08
JAB19591.1	N/A	1.12e-08
JAD12558.1	N/A	1.12e-08
HDA47972.1	N/A	1.13e-08
JAK01873.1	N/A	1.13e-08
SBP74070.1	N/A	1.14e-08
HCZ84288.1	N/A	1.15e-08
JAG73807.1	N/A	1.17e-08
JAN97243.1	N/A	1.24e-08
JAQ88988.1	N/A	1.24e-08
JAS76363.1	N/A	1.29e-08
HDA49590.1	N/A	1.31e-08
HDA51255.1	N/A	1.32e-08
JAL30537.1	N/A	1.33e-08
JAQ42449.1	N/A	1.34e-08
JAA01296.1	N/A	1.36e-08
JAQ71824.1	N/A	1.38e-08
JAI66271.1	N/A	1.38e-08
HCZ80843.1	N/A	1.43e-08
JAA13963.1	N/A	1.43e-08
JAF98777.1	N/A	1.48e-08
JAG56980.1	N/A	1.49e-08
MBY83219.1	N/A	1.50e-08
JAK24066.1	N/A	1.51e-08
JAS47349.1	N/A	1.51e-08
MAA27118.1	N/A	1.51e-08
JAG03273.1	N/A	1.53e-08
JAL51405.1	N/A	1.60e-08
JAN71960.1	N/A	1.62e-08
CCP87245.1	N/A	1.64e-08
JAL87631.1	N/A	1.64e-08
JAK03476.1	N/A	1.69e-08
JAM36471.1	N/A	1.70e-08
JAS35755.1	N/A	1.70e-08
JAV69110.1	N/A	1.77e-08
MDE48989.1	N/A	1.81e-08
JAK00372.1	N/A	1.81e-08
HDA83168.1	N/A	1.82e-08
JAN66519.1	N/A	1.86e-08
SBQ56326.1	N/A	1.89e-08
JAJ39308.1	N/A	1.89e-08
MOS16971.1	N/A	1.95e-08
JAT00137.1	N/A	1.96e-08
MDE45505.1	N/A	1.97e-08
JAI19659.1	N/A	2.00e-08
JAJ38462.1	N/A	2.00e-08
SBR41930.1	N/A	2.01e-08
HCZ81601.1	N/A	2.06e-08
JAK19199.1	N/A	2.08e-08
JAJ08458.1	N/A	2.08e-08
JAK47661.1	N/A	2.11e-08
JAJ08464.1	N/A	2.15e-08
JAI36795.1	N/A	2.31e-08
MOS18716.1	N/A	2.37e-08
SBQ47826.1	N/A	2.39e-08
MBY75825.1	N/A	2.40e-08
JAM77007.1	N/A	2.43e-08
MBY15495.1	N/A	2.44e-08
JAJ73703.1	N/A	2.45e-08
JAS29332.1	N/A	2.48e-08
JAC16177.1	N/A	2.51e-08
MBW14850.1	N/A	2.59e-08
MBW16349.1	N/A	2.60e-08
SBR08979.1	N/A	2.63e-08
JAC42311.1	N/A	2.66e-08
SBR82560.1	N/A	2.67e-08
JAV34980.1	N/A	2.86e-08
JAR80791.1	N/A	2.94e-08
JAN25318.1	N/A	2.97e-08
JAF98773.1	N/A	2.99e-08
JAC05553.1	N/A	2.99e-08
JAR70729.1	N/A	3.01e-08
JAS78316.1	N/A	3.06e-08
JAM12256.1	N/A	3.08e-08
JAN47594.1	N/A	3.14e-08
SBQ62160.1	N/A	3.17e-08
JAM60745.1	N/A	3.19e-08
JAL25362.1	N/A	3.22e-08
JAC55033.1	N/A	3.24e-08
SBS51212.1	N/A	3.24e-08
SBP14125.1	N/A	3.27e-08
JAB99823.1	N/A	3.29e-08
MBY25256.1	N/A	3.29e-08
JAK64915.1	N/A	3.69e-08
SBR46441.1	N/A	3.88e-08
JAP70038.1	N/A	4.06e-08
JAL58042.1	N/A	4.13e-08
JAM53572.1	N/A	4.20e-08
JAA62947.1	N/A	4.25e-08
JAQ24905.1	N/A	4.26e-08
SBP52041.1	N/A	4.36e-08
HCZ74647.1	N/A	4.44e-08
HDA50358.1	N/A	4.51e-08
JAN96036.1	N/A	4.54e-08
JAQ03471.1	N/A	4.55e-08
NBJ59646.1	N/A	4.56e-08
JAN17489.1	N/A	4.57e-08
AFH30485.1	N/A	4.76e-08
MBY14393.1	N/A	4.77e-08
JAL44442.1	N/A	4.80e-08
JAT21439.1	N/A	4.81e-08
MOS17866.1	N/A	4.81e-08
SBP80755.1	N/A	4.81e-08
JAR73232.1	N/A	4.94e-08
JAO90722.1	N/A	4.96e-08
JAJ83083.1	N/A	5.06e-08
SBQ51839.1	N/A	5.11e-08
JAR22761.1	N/A	5.13e-08
SBP55463.1	N/A	5.16e-08
SBR43869.1	N/A	5.24e-08
JAM32867.1	N/A	5.27e-08
MBY75305.1	N/A	5.33e-08
SBP04188.1	N/A	5.35e-08
JAK93096.1	N/A	5.40e-08
JAP64472.1	N/A	5.42e-08
AES03357.1	N/A	5.45e-08
HDC22368.1	N/A	5.46e-08
JAT00622.1	N/A	5.69e-08
JAL49788.1	N/A	5.70e-08
JAR25534.1	N/A	5.72e-08
CCP72260.1	N/A	5.79e-08
JAT33217.1	N/A	6.31e-08
JAP98104.1	N/A	6.43e-08
HCZ80792.1	N/A	6.45e-08
HDA58072.1	N/A	6.46e-08
JAK07575.1	N/A	6.53e-08
MBY29875.1	N/A	6.57e-08
JAB13581.1	N/A	6.61e-08
SBP67315.1	N/A	6.68e-08
JAB03720.1	N/A	6.82e-08
JAM55813.1	N/A	6.83e-08
JAQ14963.1	N/A	6.99e-08
JAC57004.1	N/A	7.05e-08
JAO94806.1	N/A	7.22e-08
JAN03632.1	N/A	7.35e-08
JAP80296.1	N/A	7.74e-08
AEQ17804.1	N/A	7.75e-08
MOS17958.1	N/A	7.80e-08
JAG26230.1	N/A	7.93e-08
HCZ91067.1	N/A	7.94e-08
SBP45342.1	N/A	8.04e-08
JAG37572.1	N/A	8.06e-08
JAI49463.1	N/A	8.12e-08
JAJ59479.1	N/A	8.27e-08
JAA62960.1	N/A	8.42e-08
MBX96308.1	N/A	8.42e-08
SBS18068.1	N/A	8.66e-08
SBP20921.1	N/A	8.76e-08
JAK53515.1	N/A	8.88e-08
JAJ73652.1	N/A	8.94e-08
JAR72181.1	N/A	8.95e-08
JAP01984.1	N/A	9.04e-08
JAT93661.1	N/A	9.09e-08
JAO23839.1	N/A	9.10e-08
MBW17876.1	N/A	9.22e-08
JAO02904.1	N/A	9.26e-08
JAK93097.1	N/A	9.44e-08
JAS05707.1	N/A	9.67e-08
SBR85617.1	N/A	9.76e-08
JAN59320.1	N/A	9.89e-08
SBP40581.1	N/A	9.92e-08
MOS14411.1	N/A	1.00e-07
AFP12982.1	N/A	1.00e-07
JAK50915.1	N/A	1.00e-07
JAJ56160.1	N/A	1.01e-07
JAJ65310.1	N/A	1.04e-07
NBJ58315.1	N/A	1.04e-07
JAV65880.1	N/A	1.07e-07
JAK52168.1	N/A	1.11e-07
SBP43732.1	N/A	1.18e-07
JAO02644.1	N/A	1.19e-07
JAB91227.1	N/A	1.20e-07
JAM06432.1	N/A	1.22e-07
JAO98042.1	N/A	1.23e-07
SBR58281.1	N/A	1.25e-07
JAN85927.1	N/A	1.27e-07
SBQ97605.1	N/A	1.30e-07
SBR75977.1	N/A	1.32e-07
JAR87907.1	N/A	1.32e-07
JAV06617.1	N/A	1.32e-07
JAR75981.1	N/A	1.33e-07
MBY79937.1	N/A	1.34e-07
HDB44672.1	N/A	1.35e-07
JAL20197.1	N/A	1.36e-07
JAQ54769.1	N/A	1.36e-07
JAS36937.1	N/A	1.36e-07
JAV06627.1	N/A	1.36e-07
JAJ09903.1	N/A	1.38e-07
JAN79433.1	N/A	1.43e-07
JAN13999.1	N/A	1.44e-07
JAV34440.1	N/A	1.46e-07
CDW18859.1	N/A	1.48e-07
JAV46837.1	N/A	1.49e-07
JAM06431.1	N/A	1.51e-07
HDB26809.1	N/A	1.52e-07
HDB55795.1	N/A	1.53e-07
JAN28243.1	N/A	1.53e-07
SBQ64746.1	N/A	1.54e-07
SBQ80219.1	N/A	1.55e-07
HDB33137.1	N/A	1.55e-07
HDB51554.1	N/A	1.57e-07
AHH39891.1	N/A	1.58e-07
JAN11085.1	N/A	1.59e-07
JAS35066.1	N/A	1.59e-07
SBP07461.1	N/A	1.60e-07
JAN28242.1	N/A	1.62e-07
SBQ53595.1	N/A	1.62e-07
JAL54344.1	N/A	1.64e-07
HDC40555.1	N/A	1.65e-07
AHH37375.1	N/A	1.67e-07
JAO01766.1	N/A	1.78e-07
JAR67441.1	N/A	1.83e-07
JAL90679.1	N/A	1.84e-07
JAN90265.1	N/A	1.84e-07
JAL91883.1	N/A	1.85e-07
JAL89326.1	N/A	1.85e-07
SBP73891.1	N/A	1.87e-07
SBQ55880.1	N/A	1.89e-07
AFP62392.1	N/A	1.93e-07
JAQ44537.1	N/A	1.95e-07
MOS17642.1	N/A	2.00e-07
JAK33183.1	N/A	2.03e-07
HCZ86615.1	N/A	2.03e-07
JAR85556.1	N/A	2.05e-07
SBS09842.1	N/A	2.07e-07
MOS20869.1	N/A	2.07e-07
MBY13230.1	N/A	2.08e-07
HDB29001.1	N/A	2.10e-07
JAQ17510.1	N/A	2.12e-07
JAQ36031.1	N/A	2.13e-07
JAK95419.1	N/A	2.17e-07
HDB40541.1	N/A	2.17e-07
JAK33184.1	N/A	2.23e-07
JAS29901.1	N/A	2.24e-07
JAK90756.1	N/A	2.25e-07
JAN66783.1	N/A	2.28e-07
JAL80633.1	N/A	2.29e-07
JAK08738.1	N/A	2.32e-07
JAR69760.1	N/A	2.38e-07
JAL21446.1	N/A	2.43e-07
JAC02577.1	N/A	2.44e-07
JAM57233.1	N/A	2.45e-07
JAN52272.1	N/A	2.47e-07
JAN59319.1	N/A	2.49e-07
JAI92130.1	N/A	2.51e-07
JAK16647.1	N/A	2.52e-07
MBY17891.1	N/A	2.52e-07
JAQ37290.1	N/A	2.58e-07
JAC51803.1	N/A	2.59e-07
JAI97240.1	N/A	2.65e-07
JAM06427.1	N/A	2.66e-07
JAV52401.1	N/A	2.67e-07
JAI92129.1	N/A	2.70e-07
JAO03005.1	N/A	2.71e-07
AFE66205.1	N/A	2.74e-07
JAG31130.1	N/A	2.78e-07
JAM33223.1	N/A	2.79e-07
JAJ82536.1	N/A	2.79e-07
JAM58908.1	N/A	2.80e-07
JAL36393.1	N/A	2.81e-07
JAQ73142.1	N/A	2.86e-07
SBS11701.1	N/A	2.89e-07
JAD01894.1	N/A	2.89e-07
JAL36394.1	N/A	2.90e-07
JAI27639.1	N/A	2.91e-07
JAK55859.1	N/A	2.91e-07
JAJ21026.1	N/A	2.93e-07
JAM23584.1	N/A	2.94e-07
JAC39471.1	N/A	2.96e-07
JAI85880.1	N/A	2.97e-07
AFE74962.1	N/A	3.04e-07
JAL27403.1	N/A	3.07e-07
JAM69043.1	N/A	3.15e-07
SBP17498.1	N/A	3.16e-07
MBW67770.1	N/A	3.16e-07
JAL30516.1	N/A	3.21e-07
JAI50577.1	N/A	3.23e-07
JAK56083.1	N/A	3.29e-07
JAA53527.1	N/A	3.32e-07
JAJ46439.1	N/A	3.32e-07
JAM36731.1	N/A	3.34e-07
JAJ46440.1	N/A	3.36e-07
JAK98976.1	N/A	3.39e-07
MOS17815.1	N/A	3.40e-07
JAJ01415.1	N/A	3.41e-07
JAN15951.1	N/A	3.43e-07
JAL67812.1	N/A	3.47e-07
JAN94411.1	N/A	3.47e-07
SBP09273.1	N/A	3.48e-07
MBW13797.1	N/A	3.51e-07
JAK71151.1	N/A	3.52e-07
HDB70574.1	N/A	3.59e-07
MBY25980.1	N/A	3.61e-07
JAL91545.1	N/A	3.62e-07
SBP17639.1	N/A	3.63e-07
JAG82968.1	N/A	3.68e-07
JAJ22277.1	N/A	3.70e-07
JAJ62862.1	N/A	3.73e-07
JAK03701.1	N/A	3.79e-07
JAK03702.1	N/A	3.82e-07
SBP45006.1	N/A	3.84e-07
SBR77023.1	N/A	3.84e-07
JAK98977.1	N/A	3.85e-07
JAK44946.1	N/A	3.85e-07
SBQ52455.1	N/A	3.87e-07
JAK48044.1	N/A	3.99e-07
JAB95869.1	N/A	3.99e-07
JAK33250.1	N/A	3.99e-07
JAK90530.1	N/A	4.00e-07
SBS42950.1	N/A	4.01e-07
JAK46394.1	N/A	4.02e-07
JAK46393.1	N/A	4.02e-07
JAO94804.1	N/A	4.02e-07
JAN29634.1	N/A	4.02e-07
JAM09241.1	N/A	4.03e-07
HDA54736.1	N/A	4.09e-07
SBR57283.1	N/A	4.09e-07
JAK48045.1	N/A	4.09e-07
JAK44945.1	N/A	4.09e-07
JAK82283.1	N/A	4.12e-07
JAM59010.1	N/A	4.18e-07
SBR41207.1	N/A	4.23e-07
JAL91546.1	N/A	4.27e-07
JAL77132.1	N/A	4.29e-07
JAJ61018.1	N/A	4.35e-07
JAS39444.1	N/A	4.35e-07
JAM82261.1	N/A	4.36e-07
JAK71152.1	N/A	4.37e-07
AHH38640.1	N/A	4.39e-07
JAK10192.1	N/A	4.41e-07
JAI82063.1	N/A	4.45e-07
HDC53269.1	N/A	4.52e-07
SBR03453.1	N/A	4.53e-07
MBW66226.1	N/A	4.57e-07
JAJ22986.1	N/A	4.57e-07
JAL51404.1	N/A	4.62e-07
HDC12483.1	N/A	4.62e-07
JAJ32980.1	N/A	4.71e-07
JAN87768.1	N/A	4.77e-07
SBP40888.1	N/A	4.79e-07
JAN29635.1	N/A	4.79e-07
HDA99800.1	N/A	4.79e-07
JAG77605.1	N/A	4.80e-07
JAJ18791.1	N/A	4.85e-07
JAI86316.1	N/A	4.94e-07
JAJ77365.1	N/A	5.03e-07
JAL52845.1	N/A	5.03e-07
JAM53754.1	N/A	5.03e-07
JAJ20341.1	N/A	5.05e-07
SBR06358.1	N/A	5.06e-07
MBW14700.1	N/A	5.06e-07
MBW69440.1	N/A	5.06e-07
JAJ24972.1	N/A	5.07e-07
JAL66698.1	N/A	5.09e-07
HDA50707.1	N/A	5.10e-07
SBQ45286.1	N/A	5.13e-07
MBY83837.1	N/A	5.17e-07
JAN43475.1	N/A	5.26e-07
MBX92091.1	N/A	5.29e-07
JAS12641.1	N/A	5.31e-07
SBP76719.1	N/A	5.40e-07
JAL80799.1	N/A	5.40e-07
NBJ57821.1	N/A	5.42e-07
JAK54431.1	N/A	5.45e-07
JAM30564.1	N/A	5.49e-07
JAB73895.1	N/A	5.50e-07
JAJ03726.1	N/A	5.51e-07
SBP63982.1	N/A	5.51e-07
JAI95725.1	N/A	5.60e-07
JAM33123.1	N/A	5.60e-07
JAJ22187.1	N/A	5.65e-07
JAK20232.1	N/A	5.65e-07
SBQ65642.1	N/A	5.66e-07
JAN48742.1	N/A	5.70e-07
SBP24362.1	N/A	5.70e-07
JAV33314.1	N/A	5.73e-07
CEK66180.1	N/A	5.77e-07
JAL53040.1	N/A	5.85e-07
JAK18234.1	N/A	5.85e-07
JAN14799.1	N/A	5.85e-07
JAK76537.1	N/A	5.89e-07
SBR46266.1	N/A	5.93e-07
JAN48743.1	N/A	6.01e-07
AFE79830.1	N/A	6.07e-07
JAC58469.1	N/A	6.10e-07
SBP28266.1	N/A	6.10e-07
MBW16274.1	N/A	6.11e-07
JAQ69010.1	N/A	6.13e-07
SBP75113.1	N/A	6.18e-07
JAG77606.1	N/A	6.20e-07
MBY09253.1	N/A	6.21e-07
JAK25902.1	N/A	6.22e-07
AHH38970.1	N/A	6.26e-07
SBP43247.1	N/A	6.29e-07
JAJ18790.1	N/A	6.33e-07
MBY06772.1	N/A	6.36e-07
JAK98975.1	N/A	6.38e-07
SBP57042.1	N/A	6.39e-07
JAK36885.1	N/A	6.41e-07
JAC19983.1	N/A	6.51e-07
JAN56459.1	N/A	6.56e-07
JAN62154.1	N/A	6.58e-07
JAJ24973.1	N/A	6.61e-07
JAM94864.1	N/A	6.62e-07
SBP52165.1	N/A	6.70e-07
SBP67232.1	N/A	6.70e-07
AFE67967.1	N/A	6.71e-07
JAK29240.1	N/A	6.71e-07
HCZ92842.1	N/A	6.72e-07
JAB07562.1	N/A	6.72e-07
JAI82571.1	N/A	6.72e-07
MBW54916.1	N/A	6.72e-07
MBW66444.1	N/A	6.73e-07
JAK47772.1	N/A	6.73e-07
JAB30647.1	N/A	6.77e-07
JAL02802.1	N/A	6.78e-07
JAL89765.1	N/A	6.78e-07
HDB42719.1	N/A	6.80e-07
JAK47773.1	N/A	6.81e-07
JAK22478.1	N/A	6.84e-07
JAQ24250.1	N/A	6.94e-07
HCZ91732.1	N/A	6.94e-07
JAR66544.1	N/A	6.95e-07
JAJ26514.1	N/A	6.97e-07
JAS92603.1	N/A	6.98e-07
JAV82148.1	N/A	7.00e-07
JAI19881.1	N/A	7.03e-07
JAM38569.1	N/A	7.05e-07
JAJ14228.1	N/A	7.05e-07
JAB89795.1	N/A	7.09e-07
LAA44411.1	N/A	7.22e-07
SBR87323.1	N/A	7.24e-07
SBR02886.1	N/A	7.32e-07
MBW54917.1	N/A	7.34e-07
JAL51638.1	N/A	7.36e-07
JAN08583.1	N/A	7.50e-07
JAM57516.1	N/A	7.56e-07
MOS19879.1	N/A	7.59e-07
HDC67391.1	N/A	7.64e-07
JAK81151.1	N/A	7.70e-07
SBR83072.1	N/A	7.70e-07
JAJ44325.1	N/A	7.82e-07
AFJ70395.1	N/A	7.85e-07
JAR17197.1	N/A	7.85e-07
MBY20487.1	N/A	7.88e-07
SBQ51051.1	N/A	7.88e-07
JAL81943.1	N/A	7.90e-07
JAK98008.1	N/A	7.97e-07
JAB30646.1	N/A	8.23e-07
SBR57251.1	N/A	8.26e-07
JAV95367.1	N/A	8.31e-07
JAK79566.1	N/A	8.31e-07
SBP49391.1	N/A	8.38e-07
MOS20645.1	N/A	8.40e-07
JAN62153.1	N/A	8.43e-07
JAM33122.1	N/A	8.60e-07
HDB13920.1	N/A	8.66e-07
MBY85437.1	N/A	8.66e-07
JAQ83880.1	N/A	8.71e-07
JAK33089.1	N/A	8.78e-07
JAK47771.1	N/A	8.83e-07
JAO94805.1	N/A	8.96e-07
SBR05895.1	N/A	8.98e-07
JAL27968.1	N/A	8.98e-07
ADY46141.1	N/A	8.99e-07
JAT18453.1	N/A	9.02e-07
HDA93779.1	N/A	9.07e-07
JAL78720.1	N/A	9.16e-07
SBP14408.1	N/A	9.29e-07
SBP16423.1	N/A	9.35e-07
SBR61250.1	N/A	9.38e-07
JAC44120.1	N/A	9.41e-07
JAR81230.1	N/A	9.42e-07
SBQ54343.1	N/A	9.42e-07
JAR69893.1	N/A	9.50e-07
JAK62119.1	N/A	9.51e-07
SBP19705.1	N/A	9.70e-07
SBP04288.1	N/A	9.73e-07
JAK58805.1	N/A	9.81e-07
HDB82869.1	N/A	9.84e-07
MBW35307.1	N/A	9.84e-07
SBS19474.1	N/A	9.85e-07
JAL12207.1	N/A	9.86e-07
JAB91246.1	N/A	9.92e-07
HDB30562.1	N/A	9.92e-07
JAI59458.1	N/A	9.93e-07
CDG71456.1	N/A	1.00e-06
SBP55073.1	N/A	1.00e-06
JAR47629.1	N/A	1.03e-06
SBP27320.1	N/A	1.04e-06
JAT20486.1	N/A	1.05e-06
MDE49018.1	N/A	1.06e-06
JAK68603.1	N/A	1.06e-06
JAD07974.1	N/A	1.06e-06
JAI22630.1	N/A	1.07e-06
JAK08626.1	N/A	1.08e-06
JAB69419.1	N/A	1.09e-06
SBR99089.1	N/A	1.13e-06
JAI23169.1	N/A	1.13e-06
JAL32087.1	N/A	1.14e-06
JAW11505.1	N/A	1.18e-06
SBP18445.1	N/A	1.18e-06
JAR66877.1	N/A	1.19e-06
SBR35732.1	N/A	1.20e-06
MBY06896.1	N/A	1.22e-06
JAN09975.1	N/A	1.22e-06
JAC16275.1	N/A	1.25e-06
JAK26672.1	N/A	1.27e-06
SBP53344.1	N/A	1.27e-06
JAS87547.1	N/A	1.29e-06
SBR86241.1	N/A	1.29e-06
HDB47173.1	N/A	1.33e-06
JAQ69379.1	N/A	1.36e-06
MDE49237.1	N/A	1.36e-06
SBQ55920.1	N/A	1.41e-06
JAL27967.1	N/A	1.46e-06
SBS01119.1	N/A	1.47e-06
JAL02648.1	N/A	1.48e-06
SBR41055.1	N/A	1.49e-06
JAR63632.1	N/A	1.49e-06
JAQ54033.1	N/A	1.49e-06
JAL82961.1	N/A	1.52e-06
MBW67831.1	N/A	1.54e-06
JAQ41429.1	N/A	1.54e-06
JAL64835.1	N/A	1.58e-06
JAQ97976.1	N/A	1.59e-06
JAO59308.1	N/A	1.59e-06
MBW66445.1	N/A	1.61e-06
JAR71557.1	N/A	1.65e-06
MOS18939.1	N/A	1.66e-06
JAQ73712.1	N/A	1.66e-06
JAM15784.1	N/A	1.68e-06
SBS06762.1	N/A	1.74e-06
JAO93465.1	N/A	1.74e-06
JAN25138.1	N/A	1.75e-06
JAK53082.1	N/A	1.76e-06
JAB21394.1	N/A	1.76e-06
MBW54595.1	N/A	1.83e-06
JAD01489.1	N/A	1.84e-06
JAR68683.1	N/A	1.85e-06
MDE47436.1	N/A	1.85e-06
JAM39386.1	N/A	1.86e-06
SBR32636.1	N/A	1.87e-06
JAT29447.1	N/A	1.88e-06
JAM31536.1	N/A	1.89e-06
SBQ52758.1	N/A	1.91e-06
JAK48755.1	N/A	1.91e-06
SBQ58214.1	N/A	1.92e-06
JAQ79156.1	N/A	1.92e-06
CCP77674.1	N/A	1.94e-06
JAP69991.1	N/A	1.95e-06
JAQ41638.1	N/A	1.97e-06
SBQ95497.1	N/A	2.01e-06
SBR41600.1	N/A	2.07e-06
SBR67401.1	N/A	2.08e-06
HCZ77183.1	N/A	2.08e-06
JAC16120.1	N/A	2.08e-06
JAM84906.1	N/A	2.15e-06
JAB21395.1	N/A	2.15e-06
SBP48232.1	N/A	2.20e-06
SBS18063.1	N/A	2.20e-06
JAK21431.1	N/A	2.23e-06
MOY40146.1	N/A	2.24e-06
JAG84498.1	N/A	2.30e-06
JAR74414.1	N/A	2.30e-06
JAD03528.1	N/A	2.34e-06
JAL29077.1	N/A	2.34e-06
JAK62114.1	N/A	2.35e-06
SBQ56009.1	N/A	2.36e-06
MOS13216.1	N/A	2.36e-06
HDC48552.1	N/A	2.37e-06
SBP45895.1	N/A	2.44e-06
SBP14098.1	N/A	2.45e-06
AEY57937.1	N/A	2.46e-06
MBY79754.1	N/A	2.48e-06
JAP84627.1	N/A	2.48e-06
JAI29738.1	N/A	2.50e-06
JAR82245.1	N/A	2.54e-06
AEO33479.1	N/A	2.56e-06
MBW55633.1	N/A	2.61e-06
JAJ78223.1	N/A	2.64e-06
JAR90568.1	N/A	2.64e-06
SBR40332.1	N/A	2.64e-06
JAR75777.1	N/A	2.67e-06
JAC51563.1	N/A	2.67e-06
SBP21612.1	N/A	2.68e-06
JAR90617.1	N/A	2.68e-06
JAR48424.1	N/A	2.69e-06
MBW35313.1	N/A	2.72e-06
JAT99848.1	N/A	2.73e-06
JAK38889.1	N/A	2.74e-06
JAQ82396.1	N/A	2.75e-06
JAI92038.1	N/A	2.76e-06
JAN27967.1	N/A	2.76e-06
JAG79040.1	N/A	2.89e-06
JAC06104.1	N/A	2.91e-06
MBW14241.1	N/A	2.99e-06
JAR86133.1	N/A	2.99e-06
HDB75497.1	N/A	3.01e-06
SBR92754.1	N/A	3.01e-06
HDB02962.1	N/A	3.01e-06
JAK25635.1	N/A	3.03e-06
JAL02408.1	N/A	3.04e-06
JAM43283.1	N/A	3.08e-06
JAC35255.1	N/A	3.09e-06
JAT89025.1	N/A	3.13e-06
SBP03571.1	N/A	3.15e-06
JAI87572.1	N/A	3.26e-06
JAQ82142.1	N/A	3.28e-06
SBP21916.1	N/A	3.30e-06
MBY05581.1	N/A	3.32e-06
JAQ96829.1	N/A	3.32e-06
JAI81635.1	N/A	3.34e-06
JAO59520.1	N/A	3.46e-06
SBQ66378.1	N/A	3.46e-06
SBP24994.1	N/A	3.51e-06
JAK51780.1	N/A	3.52e-06
JAO19073.1	N/A	3.58e-06
CDG71361.1	N/A	3.58e-06
JAN37739.1	N/A	3.60e-06
JAR73015.1	N/A	3.61e-06
JAQ72122.1	N/A	3.64e-06
JAR89690.1	N/A	3.65e-06
HCZ87344.1	N/A	3.70e-06
JAJ95502.1	N/A	3.73e-06
JAK91423.1	N/A	3.78e-06
SBP51404.1	N/A	3.81e-06
MBY73807.1	N/A	3.84e-06
JAJ69768.1	N/A	3.89e-06
JAK11692.1	N/A	3.91e-06
JAL51436.1	N/A	3.93e-06
JAM18232.1	N/A	3.95e-06
MOS20171.1	N/A	3.96e-06
JAQ72948.1	N/A	4.03e-06
SBR06999.1	N/A	4.04e-06
JAL32010.1	N/A	4.06e-06
SBQ48129.1	N/A	4.06e-06
JAK22480.1	N/A	4.09e-06
MBW25760.1	N/A	4.10e-06
JAK29241.1	N/A	4.13e-06
JAM59064.1	N/A	4.14e-06
MBY27443.1	N/A	4.14e-06
JAJ87970.1	N/A	4.17e-06
JAM04265.1	N/A	4.22e-06
SBP26683.1	N/A	4.23e-06
JAI93688.1	N/A	4.28e-06
JAN33079.1	N/A	4.29e-06
JAI59457.1	N/A	4.31e-06
SBQ57773.1	N/A	4.42e-06
JAQ56390.1	N/A	4.46e-06
SBP48909.1	N/A	4.47e-06
JAO93039.1	N/A	4.59e-06
SBP74730.1	N/A	4.59e-06
JAL50310.1	N/A	4.70e-06
JAK29239.1	N/A	4.83e-06
JAL25595.1	N/A	4.84e-06
JAM18230.1	N/A	4.85e-06
HDB02765.1	N/A	4.86e-06
HDB56202.1	N/A	4.88e-06
SBP57385.1	N/A	4.93e-06
JAK90997.1	N/A	5.01e-06
JAL33709.1	N/A	5.07e-06
JAK56272.1	N/A	5.11e-06
HDA56455.1	N/A	5.15e-06
JAJ55705.1	N/A	5.16e-06
JAT37595.1	N/A	5.24e-06
SBP19712.1	N/A	5.32e-06
JAK58804.1	N/A	5.38e-06
JAQ89085.1	N/A	5.41e-06
SBP02964.1	N/A	5.45e-06
JAB56256.1	N/A	5.57e-06
MBW19662.1	N/A	5.62e-06
SBP47082.1	N/A	5.83e-06
JAK21428.1	N/A	5.87e-06
JAK20233.1	N/A	5.87e-06
JAM63885.1	N/A	5.90e-06
JAM18228.1	N/A	5.92e-06
SBQ62510.1	N/A	5.97e-06
HDC31981.1	N/A	5.99e-06
SBP50573.1	N/A	6.01e-06
JAK27895.1	N/A	6.02e-06
JAQ82397.1	N/A	6.02e-06
JAN92060.1	N/A	6.07e-06
JAJ57024.1	N/A	6.07e-06
JAV06594.1	N/A	6.16e-06
JAJ18644.1	N/A	6.21e-06
SBP46242.1	N/A	6.32e-06
SBP40873.1	N/A	6.34e-06
CDW20867.1	N/A	6.53e-06
MOS19602.1	N/A	6.63e-06
JAC97870.1	N/A	6.77e-06
MOS13806.1	N/A	6.94e-06
MBY79115.1	N/A	6.98e-06
SBP05655.1	N/A	7.04e-06
SBP13882.1	N/A	7.22e-06
HDC53065.1	N/A	7.29e-06
HDA84515.1	N/A	7.30e-06
SBQ72742.1	N/A	7.38e-06
JAQ44965.1	N/A	7.41e-06
JAS41101.1	N/A	7.47e-06
JAQ74031.1	N/A	7.53e-06
LAC24217.1	N/A	7.58e-06
SBS02599.1	N/A	7.63e-06
JAK54258.1	N/A	7.63e-06
HDC72307.1	N/A	7.72e-06
JAS72680.1	N/A	7.73e-06
JAI32735.1	N/A	7.80e-06
SBR26877.1	N/A	7.83e-06
HDA90321.1	N/A	7.88e-06
SBR23657.1	N/A	7.90e-06
JAC49114.1	N/A	7.95e-06
JAN96523.1	N/A	8.01e-06
CCP87359.1	N/A	8.05e-06
SBP02457.1	N/A	8.07e-06
JAB14560.1	N/A	8.07e-06
CCP84381.1	N/A	8.07e-06
SBP59824.1	N/A	8.08e-06
HDA93780.1	N/A	8.09e-06
HCZ76660.1	N/A	8.10e-06
HDB79206.1	N/A	8.15e-06
JAR78155.1	N/A	8.32e-06
SBR60318.1	N/A	8.41e-06
LAB70849.1	N/A	8.55e-06
AES06022.1	N/A	8.57e-06
MOS16729.1	N/A	8.60e-06
JAB15881.1	N/A	8.75e-06
HDB62533.1	N/A	8.86e-06
HDB66889.1	N/A	8.88e-06
HDA54369.1	N/A	8.91e-06
MOS20031.1	N/A	9.05e-06
SBR91289.1	N/A	9.07e-06
HDC01212.1	N/A	9.12e-06
LAA13185.1	N/A	9.16e-06
JAB25306.1	N/A	9.28e-06
HDB73378.1	N/A	9.32e-06
JAQ93541.1	N/A	9.43e-06
JAI81889.1	N/A	9.46e-06
JAL60292.1	N/A	9.48e-06
JAR69045.1	N/A	9.63e-06
JAQ20986.1	N/A	9.87e-06
JAC84969.1	N/A	1.01e-05
SBQ32802.1	N/A	1.03e-05
JAR74875.1	N/A	1.05e-05
SBQ93573.1	N/A	1.05e-05
SBP85103.1	N/A	1.06e-05
JAJ58701.1	N/A	1.06e-05
JAK15683.1	N/A	1.06e-05
SBP53518.1	N/A	1.07e-05
AHH37651.1	N/A	1.08e-05
SBQ32162.1	N/A	1.08e-05
JAQ61019.1	N/A	1.09e-05
HDA81127.1	N/A	1.09e-05
JAR72152.1	N/A	1.09e-05
SBR62155.1	N/A	1.11e-05
SBP43955.1	N/A	1.13e-05
LAC25071.1	N/A	1.16e-05
JAK68185.1	N/A	1.18e-05
JAQ33538.1	N/A	1.19e-05
CDW46560.1	N/A	1.21e-05
JAQ42152.1	N/A	1.21e-05
JAJ15074.1	N/A	1.27e-05
HDB44571.1	N/A	1.27e-05
SBP80126.1	N/A	1.28e-05
SBR00262.1	N/A	1.28e-05
JAV71198.1	N/A	1.30e-05
JAK34278.1	N/A	1.32e-05
JAM87187.1	N/A	1.33e-05
JAJ31034.1	N/A	1.33e-05
JAB95081.1	N/A	1.34e-05
SBP80937.1	N/A	1.35e-05
SBQ62070.1	N/A	1.35e-05
HDB94471.1	N/A	1.36e-05
HCZ74816.1	N/A	1.36e-05
SBP13044.1	N/A	1.37e-05
JAV71201.1	N/A	1.40e-05
JAK93508.1	N/A	1.43e-05
JAJ06544.1	N/A	1.47e-05
JAJ88774.1	N/A	1.48e-05
JAJ24927.1	N/A	1.49e-05
LAB20869.1	N/A	1.49e-05
SBR43916.1	N/A	1.52e-05
SBP03955.1	N/A	1.52e-05
AER93817.1	N/A	1.52e-05
AFH34660.1	N/A	1.56e-05
SBP10081.1	N/A	1.57e-05
JAI59456.1	N/A	1.59e-05
JAJ62019.1	N/A	1.60e-05
SBR87773.1	N/A	1.60e-05
JAL15399.1	N/A	1.61e-05
SBP85829.1	N/A	1.61e-05
JAM30476.1	N/A	1.61e-05
JAC59321.1	N/A	1.62e-05
JAJ71311.1	N/A	1.64e-05
SBP12769.1	N/A	1.66e-05
SBS13350.1	N/A	1.68e-05
JAI95176.1	N/A	1.69e-05
SBQ56624.1	N/A	1.70e-05
JAN00692.1	N/A	1.71e-05
SBP54007.1	N/A	1.72e-05
SBQ51400.1	N/A	1.75e-05
JAM16166.1	N/A	1.77e-05
SBR62046.1	N/A	1.78e-05
SBR70389.1	N/A	1.79e-05
JAL07011.1	N/A	1.82e-05
SBS46984.1	N/A	1.82e-05
SBQ87056.1	N/A	1.83e-05
JAL74442.1	N/A	1.84e-05
HDB82061.1	N/A	1.85e-05
JAB18125.1	N/A	1.87e-05
JAV06765.1	N/A	1.89e-05
SBR24127.1	N/A	1.90e-05
JAK75286.1	N/A	1.91e-05
SBS41141.1	N/A	1.93e-05
JAJ37031.1	N/A	1.93e-05
MBW24215.1	N/A	1.94e-05
JAJ38325.1	N/A	1.97e-05
JAN14042.1	N/A	1.98e-05
JAJ63716.1	N/A	2.04e-05
SBP42208.1	N/A	2.06e-05
SBS11652.1	N/A	2.07e-05
JAB01690.1	N/A	2.08e-05
JAS47727.1	N/A	2.10e-05
JAR86038.1	N/A	2.11e-05
JAA97833.1	N/A	2.12e-05
JAJ08967.1	N/A	2.14e-05
JAV19226.1	N/A	2.14e-05
JAR52590.1	N/A	2.15e-05
JAC59300.1	N/A	2.18e-05
JAG72747.1	N/A	2.20e-05
JAG75790.1	N/A	2.21e-05
SBP76149.1	N/A	2.22e-05
MOS21756.1	N/A	2.23e-05
MOS16565.1	N/A	2.26e-05
HDB04195.1	N/A	2.28e-05
HDA74242.1	N/A	2.29e-05
JAV87076.1	N/A	2.32e-05
HDC17206.1	N/A	2.33e-05
SBP38523.1	N/A	2.36e-05
JAN98195.1	N/A	2.39e-05
JAL58094.1	N/A	2.47e-05
JAL82087.1	N/A	2.48e-05
JAO96754.1	N/A	2.48e-05
JAM93845.1	N/A	2.51e-05
JAJ82051.1	N/A	2.53e-05
JAV71196.1	N/A	2.53e-05
JAS24826.1	N/A	2.55e-05
JAT13715.1	N/A	2.58e-05
AHH38356.1	N/A	2.59e-05
JAL41889.1	N/A	2.60e-05
JAR52589.1	N/A	2.60e-05
SBR85742.1	N/A	2.62e-05
SBP58881.1	N/A	2.63e-05
MBY27896.1	N/A	2.64e-05
MBY06682.1	N/A	2.65e-05
JAV06596.1	N/A	2.65e-05
JAT09603.1	N/A	2.66e-05
HDA80777.1	N/A	2.71e-05
JAO00126.1	N/A	2.73e-05
JAT03509.1	N/A	2.73e-05
SBQ80165.1	N/A	2.76e-05
MCH74635.1	N/A	2.76e-05
SBP44102.1	N/A	2.82e-05
SBQ99094.1	N/A	2.84e-05
JAS81656.1	N/A	2.85e-05
JAV51313.1	N/A	2.86e-05
JAN54440.1	N/A	2.89e-05
SBP70208.1	N/A	2.90e-05
HCZ85944.1	N/A	2.93e-05
HCZ81294.1	N/A	2.97e-05
JAV06804.1	N/A	2.98e-05
JAM62325.1	N/A	2.99e-05
JAQ97518.1	N/A	3.00e-05
JAK24493.1	N/A	3.04e-05
JAQ39088.1	N/A	3.06e-05
HDA54395.1	N/A	3.06e-05
JAL22805.1	N/A	3.07e-05
JAD05118.1	N/A	3.10e-05
AHH40367.1	N/A	3.11e-05
JAS47823.1	N/A	3.13e-05
JAN03493.1	N/A	3.13e-05
MBW16919.1	N/A	3.14e-05
JAN20805.1	N/A	3.15e-05
JAN78086.1	N/A	3.17e-05
AFE68346.1	N/A	3.17e-05
JAT84928.1	N/A	3.19e-05
JAI82272.1	N/A	3.20e-05
SBP05735.1	N/A	3.22e-05
HCZ74683.1	N/A	3.23e-05
MBY78570.1	N/A	3.24e-05
JAR84133.1	N/A	3.25e-05
JAQ07696.1	N/A	3.26e-05
SBQ97697.1	N/A	3.27e-05
AHH37834.1	N/A	3.30e-05
MOS27599.1	N/A	3.32e-05
JAS80416.1	N/A	3.35e-05
AHH39948.1	N/A	3.35e-05
JAK38787.1	N/A	3.38e-05
JAK44777.1	N/A	3.40e-05
JAP77327.1	N/A	3.42e-05
MAA21134.1	N/A	3.45e-05
JAJ72020.1	N/A	3.48e-05
JAM86900.1	N/A	3.49e-05
JAG05967.1	N/A	3.52e-05
MOS19969.1	N/A	3.58e-05
JAA62828.1	N/A	3.59e-05
SBP38865.1	N/A	3.60e-05
MOS19200.1	N/A	3.62e-05
SBP85832.1	N/A	3.77e-05
JAN49594.1	N/A	3.79e-05
JAP66986.1	N/A	3.79e-05
MOS19717.1	N/A	3.80e-05
LAC25353.1	N/A	3.85e-05
JAK46180.1	N/A	3.86e-05
MDE52375.1	N/A	3.86e-05
JAI63768.1	N/A	3.87e-05
JAA62979.1	N/A	3.88e-05
JAI89620.1	N/A	3.88e-05
MBW24352.1	N/A	3.89e-05
SBR87584.1	N/A	3.97e-05
JAK36369.1	N/A	4.00e-05
JAJ46956.1	N/A	4.12e-05
JAM97091.1	N/A	4.14e-05
JAO57265.1	N/A	4.15e-05
JAJ71165.1	N/A	4.15e-05
MBW15468.1	N/A	4.18e-05
JAL50135.1	N/A	4.23e-05
JAI95724.1	N/A	4.25e-05
SBR77205.1	N/A	4.28e-05
JAN31383.1	N/A	4.33e-05
JAJ99105.1	N/A	4.33e-05
JAO02104.1	N/A	4.34e-05
JAK54625.1	N/A	4.34e-05
SBR47560.1	N/A	4.35e-05
JAS40933.1	N/A	4.36e-05
JAJ99106.1	N/A	4.37e-05
HDC04675.1	N/A	4.37e-05
JAM18231.1	N/A	4.38e-05
JAJ14227.1	N/A	4.40e-05
JAG77469.1	N/A	4.45e-05
JAK51921.1	N/A	4.62e-05
JAN27084.1	N/A	4.62e-05
JAN37081.1	N/A	4.64e-05
JAK83210.1	N/A	4.72e-05
JAK80567.1	N/A	4.72e-05
SBP73730.1	N/A	4.80e-05
MBY81320.1	N/A	4.83e-05
JAL20741.1	N/A	4.87e-05
MOS17498.1	N/A	4.92e-05
BAU20256.1	N/A	4.96e-05
JAN88803.1	N/A	4.97e-05
