SBR45648.1	N/A	7.59e-29
SBR72480.1	N/A	1.56e-28
SBP02319.1	N/A	1.78e-28
JAR66174.1	N/A	3.15e-27
SBP43195.1	N/A	4.92e-25
JAL02807.1	N/A	8.85e-25
SBP81901.1	N/A	1.07e-24
JAK33232.1	N/A	1.07e-24
JAK34383.1	N/A	1.28e-24
JAN15954.1	N/A	1.46e-24
SBP39322.1	N/A	1.57e-24
SBR48231.1	N/A	1.76e-24
JAR85840.1	N/A	3.80e-24
SBQ90499.1	N/A	5.84e-24
JAL62785.1	N/A	7.02e-24
JAN58431.1	N/A	1.50e-23
SBS42146.1	N/A	1.97e-23
SBP19876.1	N/A	2.30e-23
JAM40627.1	N/A	2.56e-23
SBQ56083.1	N/A	2.83e-23
SBP76486.1	N/A	3.70e-23
SBR48819.1	N/A	3.89e-23
SBP54092.1	N/A	3.89e-23
SBR05708.1	N/A	5.24e-23
SBP09586.1	N/A	5.84e-23
HCZ76028.1	N/A	6.21e-23
HDA47995.1	N/A	7.29e-23
SBR96488.1	N/A	9.62e-23
SBS43728.1	N/A	1.10e-22
HCZ74993.1	N/A	2.64e-22
SBS48935.1	N/A	3.46e-22
JAQ89326.1	N/A	3.89e-22
AFM43712.1	N/A	4.36e-22
JAL15930.1	N/A	4.46e-22
SBP48421.1	N/A	4.66e-22
JAL51641.1	N/A	5.29e-22
SBQ63459.1	N/A	5.81e-22
SBP57860.1	N/A	5.98e-22
JAL15934.1	N/A	6.10e-22
JAL99112.1	N/A	6.58e-22
JAL84907.1	N/A	6.86e-22
SBQ85946.1	N/A	6.97e-22
AFM43710.1	N/A	7.00e-22
JAL96502.1	N/A	7.19e-22
JAR80542.1	N/A	7.86e-22
SBS57368.1	N/A	9.09e-22
SBS44971.1	N/A	9.70e-22
JAR74781.1	N/A	1.01e-21
SBP48703.1	N/A	1.04e-21
JAM45598.1	N/A	1.06e-21
JAL99113.1	N/A	1.13e-21
JAQ25965.1	N/A	1.32e-21
JAM83149.1	N/A	1.52e-21
SBR55865.1	N/A	1.54e-21
JAK59004.1	N/A	1.55e-21
JAL57183.1	N/A	1.68e-21
JAN71070.1	N/A	1.75e-21
JAL82809.1	N/A	1.86e-21
JAR45428.1	N/A	1.98e-21
AFM75824.1	N/A	1.99e-21
JAK94546.1	N/A	1.99e-21
JAJ48301.1	N/A	2.07e-21
JAN56155.1	N/A	2.34e-21
JAN30481.1	N/A	2.65e-21
JAN56157.1	N/A	2.89e-21
JAR45430.1	N/A	2.92e-21
JAJ08459.1	N/A	3.01e-21
JAL41176.1	N/A	3.07e-21
JAR45431.1	N/A	3.27e-21
JAM22114.1	N/A	3.34e-21
AFM43711.1	N/A	3.64e-21
SBP58898.1	N/A	4.27e-21
JAN53204.1	N/A	4.62e-21
JAM43306.1	N/A	4.70e-21
JAK96952.1	N/A	5.95e-21
JAK19572.1	N/A	6.62e-21
JAI86207.1	N/A	6.81e-21
AFM75825.1	N/A	7.16e-21
JAJ49160.1	N/A	7.23e-21
JAI96661.1	N/A	7.33e-21
JAK80040.1	N/A	7.57e-21
JAJ49159.1	N/A	7.58e-21
JAK40072.1	N/A	8.05e-21
JAK29918.1	N/A	8.19e-21
JAJ48300.1	N/A	8.19e-21
JAK69104.1	N/A	8.72e-21
JAL96456.1	N/A	8.91e-21
JAM91983.1	N/A	9.30e-21
JAL84908.1	N/A	9.68e-21
JAK81555.1	N/A	9.97e-21
JAN66929.1	N/A	1.10e-20
JAL15935.1	N/A	1.10e-20
JAM36147.1	N/A	1.18e-20
ADD20084.1	N/A	1.19e-20
JAK79097.1	N/A	1.22e-20
JAL41132.1	N/A	1.27e-20
JAK79099.1	N/A	1.30e-20
JAM83545.1	N/A	1.36e-20
JAN33073.1	N/A	1.40e-20
JAR79968.1	N/A	1.52e-20
JAL30536.1	N/A	1.54e-20
JAN77298.1	N/A	1.56e-20
JAM03714.1	N/A	1.69e-20
JAL19125.1	N/A	1.78e-20
JAL77161.1	N/A	2.11e-20
JAM22053.1	N/A	2.17e-20
JAN21733.1	N/A	2.19e-20
JAL30538.1	N/A	2.34e-20
JAM27058.1	N/A	2.74e-20
JAK96953.1	N/A	3.04e-20
JAK99850.1	N/A	3.36e-20
JAM99642.1	N/A	3.42e-20
SBP36176.1	N/A	3.72e-20
JAR84058.1	N/A	3.78e-20
JAO99224.1	N/A	3.86e-20
JAN18937.1	N/A	4.04e-20
JAM02016.1	N/A	4.28e-20
JAM02014.1	N/A	4.37e-20
JAJ49162.1	N/A	4.72e-20
JAJ49161.1	N/A	4.86e-20
JAK84650.1	N/A	5.64e-20
JAK79098.1	N/A	6.20e-20
JAM22054.1	N/A	6.25e-20
MOS14528.1	N/A	6.57e-20
JAN23877.1	N/A	8.10e-20
JAL13332.1	N/A	8.78e-20
AFP61493.1	N/A	9.46e-20
JAR75773.1	N/A	9.47e-20
JAL43186.1	N/A	1.12e-19
JAK87373.1	N/A	1.21e-19
JAO93037.1	N/A	1.23e-19
JAI57196.1	N/A	1.28e-19
SBR90915.1	N/A	1.33e-19
SBR29851.1	N/A	1.37e-19
JAR45429.1	N/A	1.89e-19
JAJ57114.1	N/A	2.12e-19
JAK37763.1	N/A	2.36e-19
JAM02013.1	N/A	2.60e-19
JAJ41227.1	N/A	2.90e-19
MBY83018.1	N/A	3.07e-19
SBR42733.1	N/A	3.29e-19
JAN57799.1	N/A	3.37e-19
JAM58867.1	N/A	3.50e-19
JAK41029.1	N/A	3.58e-19
SBQ89366.1	N/A	3.75e-19
JAN07555.1	N/A	3.84e-19
SBP50041.1	N/A	4.05e-19
JAJ11613.1	N/A	4.06e-19
JAL43182.1	N/A	4.31e-19
JAO99223.1	N/A	5.33e-19
MOS16714.1	N/A	5.54e-19
SBP74534.1	N/A	6.02e-19
MBY73150.1	N/A	6.07e-19
JAL19993.1	N/A	6.42e-19
JAM82655.1	N/A	7.49e-19
JAK72910.1	N/A	7.90e-19
SBP49411.1	N/A	8.21e-19
JAN69476.1	N/A	8.47e-19
JAL36147.1	N/A	8.83e-19
JAS20512.1	N/A	9.32e-19
SBR72280.1	N/A	9.33e-19
JAL90265.1	N/A	1.03e-18
JAN62060.1	N/A	1.09e-18
JAO38469.1	N/A	1.10e-18
JAG03726.1	N/A	1.15e-18
JAM86303.1	N/A	1.20e-18
JAL34280.1	N/A	1.28e-18
JAN25147.1	N/A	1.32e-18
JAJ74107.1	N/A	1.38e-18
JAN93241.1	N/A	1.38e-18
JAL72624.1	N/A	1.39e-18
JAK15363.1	N/A	1.75e-18
JAK70695.1	N/A	1.82e-18
JAL83968.1	N/A	1.83e-18
HDB63586.1	N/A	1.96e-18
JAN78261.1	N/A	2.06e-18
JAJ25557.1	N/A	2.09e-18
MBW14918.1	N/A	2.14e-18
AFP60345.1	N/A	2.18e-18
SBQ51727.1	N/A	2.21e-18
JAN50805.1	N/A	2.22e-18
JAK73501.1	N/A	2.34e-18
JAL38480.1	N/A	2.40e-18
JAI91663.1	N/A	2.49e-18
JAK70694.1	N/A	2.59e-18
JAL91555.1	N/A	3.14e-18
CDG72124.1	N/A	3.15e-18
JAK73499.1	N/A	3.16e-18
SBP42303.1	N/A	3.40e-18
SBP11492.1	N/A	3.59e-18
JAL37180.1	N/A	3.67e-18
JAJ03113.1	N/A	3.77e-18
HDC63856.1	N/A	3.88e-18
JAL37181.1	N/A	4.03e-18
JAM77711.1	N/A	4.23e-18
JAK72051.1	N/A	4.35e-18
JAC51040.1	N/A	4.40e-18
JAJ03111.1	N/A	4.44e-18
JAJ47355.1	N/A	4.55e-18
JAK01383.1	N/A	4.57e-18
JAL09638.1	N/A	4.60e-18
HDC63851.1	N/A	4.61e-18
JAN30832.1	N/A	4.66e-18
JAP99012.1	N/A	4.72e-18
JAJ03112.1	N/A	4.85e-18
HDC65552.1	N/A	4.94e-18
JAK00065.1	N/A	5.02e-18
JAN64792.1	N/A	5.09e-18
JAK47158.1	N/A	5.12e-18
JAJ53460.1	N/A	5.22e-18
JAL52568.1	N/A	5.37e-18
JAM78403.1	N/A	5.71e-18
JAL40031.1	N/A	5.73e-18
JAI27933.1	N/A	5.99e-18
MBY26703.1	N/A	5.99e-18
JAK09824.1	N/A	6.32e-18
JAJ62407.1	N/A	6.43e-18
JAK40073.1	N/A	6.62e-18
JAM76304.1	N/A	6.76e-18
JAM51701.1	N/A	6.79e-18
JAK61858.1	N/A	6.95e-18
JAK60449.1	N/A	6.96e-18
JAI85661.1	N/A	6.98e-18
JAK72105.1	N/A	7.09e-18
JAK16466.1	N/A	7.09e-18
JAL26577.1	N/A	7.26e-18
JAJ81404.1	N/A	7.51e-18
JAK32820.1	N/A	7.51e-18
JAM08521.1	N/A	7.52e-18
JAR82907.1	N/A	7.60e-18
JAL54072.1	N/A	7.73e-18
JAL07990.1	N/A	7.81e-18
MBY20807.1	N/A	7.95e-18
JAK45561.1	N/A	7.96e-18
JAN47363.1	N/A	8.03e-18
JAJ28668.1	N/A	8.13e-18
JAN51423.1	N/A	8.25e-18
JAG40793.1	N/A	8.85e-18
JAN30665.1	N/A	8.93e-18
HDC63853.1	N/A	9.57e-18
JAM87448.1	N/A	9.65e-18
JAK89746.1	N/A	1.02e-17
JAN10726.1	N/A	1.03e-17
JAK30271.1	N/A	1.03e-17
JAQ69592.1	N/A	1.04e-17
JAM53755.1	N/A	1.07e-17
JAK91191.1	N/A	1.09e-17
HDB62726.1	N/A	1.09e-17
JAD01743.1	N/A	1.09e-17
JAR78542.1	N/A	1.11e-17
JAG40794.1	N/A	1.12e-17
LAB67474.1	N/A	1.13e-17
JAI83060.1	N/A	1.14e-17
JAN45867.1	N/A	1.14e-17
HDC63849.1	N/A	1.15e-17
JAR48421.1	N/A	1.16e-17
JAK51557.1	N/A	1.16e-17
JAI72735.1	N/A	1.17e-17
JAL38431.1	N/A	1.20e-17
JAM91650.1	N/A	1.20e-17
HDB62723.1	N/A	1.20e-17
JAD07330.1	N/A	1.21e-17
JAL48586.1	N/A	1.24e-17
JAL74713.1	N/A	1.28e-17
JAJ80056.1	N/A	1.28e-17
JAC00790.1	N/A	1.32e-17
JAN40335.1	N/A	1.36e-17
HDB61496.1	N/A	1.40e-17
JAK89862.1	N/A	1.55e-17
AEY58196.1	N/A	1.55e-17
JAL55726.1	N/A	1.57e-17
JAD12545.1	N/A	1.61e-17
JAL71178.1	N/A	1.63e-17
JAM52999.1	N/A	1.63e-17
JAK10970.1	N/A	1.66e-17
JAJ04109.1	N/A	1.68e-17
JAJ24459.1	N/A	1.70e-17
HDB63588.1	N/A	1.73e-17
JAJ04108.1	N/A	1.75e-17
JAJ24460.1	N/A	1.77e-17
JAJ81592.1	N/A	1.80e-17
HDB61495.1	N/A	1.84e-17
JAM53000.1	N/A	1.89e-17
JAK35119.1	N/A	1.92e-17
JAM75667.1	N/A	1.94e-17
JAK01561.1	N/A	1.94e-17
JAL66035.1	N/A	1.95e-17
JAL70908.1	N/A	1.95e-17
HDB61493.1	N/A	1.98e-17
JAM31304.1	N/A	2.00e-17
HDC64319.1	N/A	2.02e-17
JAM51809.1	N/A	2.03e-17
JAJ75168.1	N/A	2.06e-17
HDC62845.1	N/A	2.06e-17
HDB61492.1	N/A	2.10e-17
HDC64323.1	N/A	2.12e-17
JAK67853.1	N/A	2.13e-17
HDC62851.1	N/A	2.14e-17
JAR81055.1	N/A	2.15e-17
JAJ39057.1	N/A	2.15e-17
JAC06024.1	N/A	2.16e-17
HDC64322.1	N/A	2.16e-17
JAN47364.1	N/A	2.18e-17
HDC64318.1	N/A	2.18e-17
JAK67711.1	N/A	2.25e-17
HDB61491.1	N/A	2.33e-17
SBP59874.1	N/A	2.34e-17
JAL20890.1	N/A	2.34e-17
JAK89863.1	N/A	2.36e-17
JAI69883.1	N/A	2.38e-17
JAK46958.1	N/A	2.43e-17
JAK09579.1	N/A	2.46e-17
JAK46957.1	N/A	2.47e-17
HDC62852.1	N/A	2.54e-17
JAK93163.1	N/A	2.55e-17
JAN66072.1	N/A	2.62e-17
JAM15560.1	N/A	2.62e-17
JAM09605.1	N/A	2.65e-17
JAK10971.1	N/A	2.66e-17
JAL73615.1	N/A	2.72e-17
JAK73500.1	N/A	2.73e-17
HDC62843.1	N/A	2.80e-17
HDC62846.1	N/A	2.91e-17
HDC62853.1	N/A	3.02e-17
HDC64317.1	N/A	3.11e-17
HDC63855.1	N/A	3.14e-17
HDC62848.1	N/A	3.20e-17
JAV06622.1	N/A	3.23e-17
HDC62842.1	N/A	3.26e-17
JAL23488.1	N/A	3.26e-17
JAC03980.1	N/A	3.39e-17
JAK33972.1	N/A	3.42e-17
HDC64321.1	N/A	3.49e-17
JAI30384.1	N/A	3.49e-17
HDC62847.1	N/A	3.52e-17
HDC62844.1	N/A	3.65e-17
JAK18717.1	N/A	3.76e-17
HDC62850.1	N/A	3.76e-17
AFP59838.1	N/A	3.76e-17
HDC62849.1	N/A	3.76e-17
JAK33971.1	N/A	3.78e-17
JAC58189.1	N/A	3.88e-17
SBP45098.1	N/A	3.91e-17
JAI43425.1	N/A	4.09e-17
JAJ37808.1	N/A	4.09e-17
JAN74204.1	N/A	4.11e-17
JAR72590.1	N/A	4.17e-17
JAK72046.1	N/A	4.19e-17
JAJ14611.1	N/A	4.27e-17
JAK18716.1	N/A	4.31e-17
JAJ37810.1	N/A	4.35e-17
JAM09606.1	N/A	4.47e-17
HDB63589.1	N/A	4.60e-17
JAN65315.1	N/A	4.60e-17
JAQ57895.1	N/A	4.64e-17
HDB61497.1	N/A	4.64e-17
HDC63854.1	N/A	4.73e-17
JAK91355.1	N/A	4.89e-17
HDC63850.1	N/A	4.92e-17
JAR48423.1	N/A	5.36e-17
JAQ59849.1	N/A	5.37e-17
JAN65314.1	N/A	5.53e-17
JAR69803.1	N/A	5.71e-17
HDB62725.1	N/A	5.78e-17
JAQ68656.1	N/A	5.82e-17
JAL07989.1	N/A	6.34e-17
JAK24121.1	N/A	6.47e-17
HDB63583.1	N/A	6.55e-17
JAK48863.1	N/A	6.62e-17
JAV06637.1	N/A	6.67e-17
JAL92867.1	N/A	6.93e-17
HDB61494.1	N/A	7.00e-17
HDC64324.1	N/A	7.00e-17
JAJ37809.1	N/A	7.09e-17
JAM86001.1	N/A	7.31e-17
HDC64320.1	N/A	7.77e-17
HDC65067.1	N/A	7.85e-17
JAM19007.1	N/A	8.21e-17
JAR81056.1	N/A	8.21e-17
HDC63852.1	N/A	8.97e-17
HDC65553.1	N/A	9.50e-17
MOS16298.1	N/A	9.87e-17
MBW70498.1	N/A	1.05e-16
HDC63848.1	N/A	1.05e-16
JAR19746.1	N/A	1.14e-16
JAL11588.1	N/A	1.17e-16
JAK21232.1	N/A	1.18e-16
JAK55461.1	N/A	1.18e-16
JAL92865.1	N/A	1.21e-16
JAN45868.1	N/A	1.21e-16
HDC65551.1	N/A	1.26e-16
JAL94809.1	N/A	1.27e-16
JAL08043.1	N/A	1.27e-16
JAK67852.1	N/A	1.29e-16
JAR50433.1	N/A	1.36e-16
JAN86704.1	N/A	1.37e-16
JAN78671.1	N/A	1.44e-16
SBQ98945.1	N/A	1.51e-16
JAT39539.1	N/A	1.55e-16
JAL47578.1	N/A	1.62e-16
JAR48426.1	N/A	1.66e-16
AFP07039.1	N/A	1.68e-16
JAB24935.1	N/A	1.75e-16
JAJ13717.1	N/A	1.77e-16
JAN22166.1	N/A	1.95e-16
NBJ61860.1	N/A	1.95e-16
HDB64714.1	N/A	1.96e-16
JAL13486.1	N/A	1.97e-16
HDB64174.1	N/A	1.99e-16
JAN30831.1	N/A	2.04e-16
HDB74364.1	N/A	2.05e-16
SBR08306.1	N/A	2.13e-16
HDB64715.1	N/A	2.15e-16
JAI68769.1	N/A	2.27e-16
JAB57952.1	N/A	2.34e-16
JAK00519.1	N/A	2.43e-16
JAK91286.1	N/A	2.43e-16
JAK12733.1	N/A	2.56e-16
JAB01301.1	N/A	2.66e-16
JAN22165.1	N/A	2.72e-16
MBW11881.1	N/A	2.86e-16
JAJ52703.1	N/A	2.93e-16
JAR19745.1	N/A	3.10e-16
JAK12732.1	N/A	3.22e-16
JAC15131.1	N/A	3.24e-16
HDB63591.1	N/A	3.27e-16
JAO51209.1	N/A	3.34e-16
HDB64817.1	N/A	3.57e-16
JAN72516.1	N/A	3.72e-16
JAK96352.1	N/A	3.73e-16
JAK22765.1	N/A	4.20e-16
SBP02967.1	N/A	4.23e-16
JAA08345.1	N/A	4.26e-16
MBW68602.1	N/A	4.28e-16
JAA98494.1	N/A	4.32e-16
HDB63585.1	N/A	4.51e-16
HDC65068.1	N/A	4.60e-16
MBW55669.1	N/A	4.65e-16
MBW55670.1	N/A	5.17e-16
HDA51136.1	N/A	5.28e-16
JAN93094.1	N/A	5.51e-16
JAN49263.1	N/A	5.57e-16
JAJ19710.1	N/A	5.79e-16
MBW33959.1	N/A	6.44e-16
JAK25109.1	N/A	6.86e-16
HDB64822.1	N/A	6.97e-16
JAJ12261.1	N/A	7.19e-16
JAB00544.1	N/A	7.29e-16
JAL92866.1	N/A	7.39e-16
HDB64820.1	N/A	8.04e-16
JAJ00968.1	N/A	8.44e-16
JAG63746.1	N/A	8.47e-16
JAJ37954.1	N/A	8.73e-16
JAB57387.1	N/A	9.30e-16
JAL84715.1	N/A	9.55e-16
JAK15175.1	N/A	9.70e-16
JAK27463.1	N/A	9.96e-16
JAK30270.1	N/A	1.02e-15
JAJ52702.1	N/A	1.03e-15
HDB64825.1	N/A	1.05e-15
JAJ52759.1	N/A	1.07e-15
JAN32215.1	N/A	1.07e-15
HDB63590.1	N/A	1.10e-15
HDC70918.1	N/A	1.16e-15
JAI76445.1	N/A	1.19e-15
JAB57557.1	N/A	1.23e-15
JAM00971.1	N/A	1.25e-15
JAG75061.1	N/A	1.27e-15
HDB64299.1	N/A	1.27e-15
MBW55671.1	N/A	1.27e-15
JAL96758.1	N/A	1.32e-15
JAJ70351.1	N/A	1.33e-15
HDB64816.1	N/A	1.39e-15
JAK22764.1	N/A	1.41e-15
JAL31281.1	N/A	1.42e-15
MBW34161.1	N/A	1.47e-15
HDB63584.1	N/A	1.50e-15
AFP03346.1	N/A	1.53e-15
JAJ52707.1	N/A	1.54e-15
JAR28520.1	N/A	1.54e-15
JAJ08463.1	N/A	1.55e-15
MBW33964.1	N/A	1.60e-15
JAN18933.1	N/A	1.62e-15
JAN55116.1	N/A	1.63e-15
JAK73728.1	N/A	1.64e-15
JAN36177.1	N/A	1.65e-15
JAL38588.1	N/A	1.71e-15
JAJ52706.1	N/A	1.74e-15
HDB64821.1	N/A	1.77e-15
JAN30991.1	N/A	1.84e-15
MBW21003.1	N/A	1.84e-15
JAN63009.1	N/A	1.87e-15
JAV31037.1	N/A	1.98e-15
HDB64303.1	N/A	2.01e-15
JAN84718.1	N/A	2.18e-15
JAK22568.1	N/A	2.22e-15
JAK80944.1	N/A	2.42e-15
JAN18938.1	N/A	2.52e-15
JAM00972.1	N/A	2.61e-15
JAM04872.1	N/A	2.68e-15
JAL93857.1	N/A	2.77e-15
HDC65289.1	N/A	2.96e-15
JAN35320.1	N/A	2.99e-15
JAK99149.1	N/A	3.11e-15
JAK85705.1	N/A	3.14e-15
JAV30906.1	N/A	3.21e-15
JAR75706.1	N/A	3.23e-15
JAK35970.1	N/A	3.25e-15
JAM00973.1	N/A	3.25e-15
JAJ98214.1	N/A	3.32e-15
HDA51800.1	N/A	3.42e-15
JAR48422.1	N/A	3.43e-15
SBP12009.1	N/A	3.48e-15
JAJ52774.1	N/A	3.48e-15
JAJ02178.1	N/A	3.63e-15
JAM43305.1	N/A	3.63e-15
JAM38155.1	N/A	3.74e-15
HDB62777.1	N/A	3.76e-15
JAJ52712.1	N/A	3.76e-15
MBW21010.1	N/A	3.93e-15
HDA49190.1	N/A	4.05e-15
JAJ45075.1	N/A	4.06e-15
HDB62769.1	N/A	4.29e-15
AFE71204.1	N/A	4.29e-15
JAN36181.1	N/A	4.35e-15
JAN86703.1	N/A	4.40e-15
HDB64301.1	N/A	4.41e-15
JAK60212.1	N/A	4.44e-15
JAK03282.1	N/A	4.52e-15
HDB69895.1	N/A	4.53e-15
JAV31036.1	N/A	4.68e-15
JAK85440.1	N/A	4.93e-15
HDB62761.1	N/A	5.15e-15
JAK83095.1	N/A	5.31e-15
JAK26479.1	N/A	5.35e-15
SBR68614.1	N/A	5.61e-15
JAJ30611.1	N/A	5.79e-15
HDB64819.1	N/A	5.88e-15
JAI68768.1	N/A	6.12e-15
JAQ40076.1	N/A	6.13e-15
HDB64818.1	N/A	6.20e-15
HDB64305.1	N/A	6.33e-15
MBY78844.1	N/A	6.57e-15
JAV30905.1	N/A	6.75e-15
JAN37766.1	N/A	6.79e-15
HDB63632.1	N/A	6.86e-15
HDB63642.1	N/A	6.88e-15
HDB64823.1	N/A	6.98e-15
SBR43870.1	N/A	7.01e-15
HDB63633.1	N/A	7.01e-15
HDB63634.1	N/A	7.16e-15
HDB64824.1	N/A	7.47e-15
HDC62835.1	N/A	7.59e-15
CDW40350.1	N/A	7.74e-15
HDB66371.1	N/A	7.76e-15
HDC64714.1	N/A	7.83e-15
JAL77111.1	N/A	8.02e-15
HDB63643.1	N/A	8.10e-15
MBW16784.1	N/A	8.20e-15
HDC62839.1	N/A	8.23e-15
JAI98714.1	N/A	8.40e-15
HDB63641.1	N/A	8.52e-15
JAL77653.1	N/A	8.56e-15
JAM98097.1	N/A	8.90e-15
JAL74871.1	N/A	9.02e-15
HDC64718.1	N/A	9.19e-15
JAL52168.1	N/A	9.47e-15
HDB62770.1	N/A	9.48e-15
HDC63816.1	N/A	9.52e-15
JAK38263.1	N/A	9.53e-15
HDB63649.1	N/A	9.63e-15
JAM57600.1	N/A	9.84e-15
HDC63813.1	N/A	9.84e-15
JAM55048.1	N/A	9.85e-15
HDC65077.1	N/A	1.00e-14
HDB63640.1	N/A	1.01e-14
JAS54789.1	N/A	1.02e-14
HDC62838.1	N/A	1.02e-14
HDC62834.1	N/A	1.03e-14
HDB63623.1	N/A	1.03e-14
HDC62840.1	N/A	1.04e-14
JAL43671.1	N/A	1.05e-14
JAL13485.1	N/A	1.05e-14
JAJ07314.1	N/A	1.05e-14
HDB63625.1	N/A	1.06e-14
HDB63624.1	N/A	1.09e-14
HDC65078.1	N/A	1.11e-14
HDC63815.1	N/A	1.11e-14
JAM56146.1	N/A	1.13e-14
HDC65287.1	N/A	1.14e-14
JAN56461.1	N/A	1.14e-14
JAJ46850.1	N/A	1.16e-14
HDB66375.1	N/A	1.18e-14
HDB62778.1	N/A	1.19e-14
HDC62837.1	N/A	1.21e-14
HDC62836.1	N/A	1.22e-14
HDB63631.1	N/A	1.22e-14
HDB68732.1	N/A	1.23e-14
JAN18934.1	N/A	1.27e-14
JAL70028.1	N/A	1.29e-14
JAJ89570.1	N/A	1.33e-14
HDB62764.1	N/A	1.38e-14
HDC64710.1	N/A	1.40e-14
HDB64814.1	N/A	1.46e-14
JAM60905.1	N/A	1.48e-14
HDB62776.1	N/A	1.48e-14
HDB61414.1	N/A	1.49e-14
HDB62762.1	N/A	1.51e-14
HDB61416.1	N/A	1.53e-14
JAM92199.1	N/A	1.54e-14
JAJ07311.1	N/A	1.55e-14
HDB62766.1	N/A	1.58e-14
HDC63809.1	N/A	1.59e-14
HDB62768.1	N/A	1.66e-14
JAJ52760.1	N/A	1.67e-14
JAC15687.1	N/A	1.68e-14
HDB61409.1	N/A	1.71e-14
HDB64815.1	N/A	1.77e-14
HDB62774.1	N/A	1.80e-14
HDB62772.1	N/A	1.81e-14
HDB66377.1	N/A	1.85e-14
HDC63810.1	N/A	1.88e-14
JAK78463.1	N/A	1.94e-14
JAM08640.1	N/A	1.96e-14
HDB61407.1	N/A	1.97e-14
HDB62756.1	N/A	2.06e-14
JAM81442.1	N/A	2.09e-14
HDB62758.1	N/A	2.20e-14
HDB62760.1	N/A	2.25e-14
HDB66376.1	N/A	2.45e-14
MBY30570.1	N/A	2.45e-14
HDB66372.1	N/A	2.55e-14
JAG50721.1	N/A	2.64e-14
HDB66370.1	N/A	2.78e-14
HDB66374.1	N/A	2.79e-14
HDB63635.1	N/A	2.87e-14
JAJ52758.1	N/A	2.88e-14
HDB66379.1	N/A	2.93e-14
JAN36178.1	N/A	2.98e-14
JAK78948.1	N/A	3.02e-14
HDB63636.1	N/A	3.16e-14
HDB68731.1	N/A	3.21e-14
HDC64716.1	N/A	3.22e-14
HDB67714.1	N/A	3.26e-14
JAI96162.1	N/A	3.29e-14
JAJ46854.1	N/A	3.30e-14
HDB63644.1	N/A	3.31e-14
JAT38467.1	N/A	3.32e-14
HDC64720.1	N/A	3.35e-14
HDB68663.1	N/A	3.36e-14
HDB63637.1	N/A	3.42e-14
HDB66378.1	N/A	3.42e-14
HDB63646.1	N/A	3.42e-14
HDC64719.1	N/A	3.43e-14
HDB65251.1	N/A	3.49e-14
HDC64717.1	N/A	3.62e-14
HDB23524.1	N/A	3.82e-14
HDB63645.1	N/A	3.82e-14
HDB61418.1	N/A	3.89e-14
HDC64721.1	N/A	3.90e-14
JAR53933.1	N/A	3.93e-14
HDC65079.1	N/A	3.95e-14
JAL56873.1	N/A	3.97e-14
JAK36258.1	N/A	4.10e-14
HDB63626.1	N/A	4.31e-14
HDB64294.1	N/A	4.34e-14
JAK26480.1	N/A	4.35e-14
HDC64711.1	N/A	4.39e-14
HDC63811.1	N/A	4.42e-14
HDB64295.1	N/A	4.52e-14
HDC65080.1	N/A	4.52e-14
HDB63628.1	N/A	4.59e-14
HDB63627.1	N/A	4.62e-14
JAL76886.1	N/A	4.71e-14
SBP56639.1	N/A	4.85e-14
HDB66373.1	N/A	4.95e-14
HDC64712.1	N/A	5.03e-14
HDB61413.1	N/A	5.03e-14
JAM44658.1	N/A	5.07e-14
HDC63812.1	N/A	5.07e-14
HDB61411.1	N/A	5.09e-14
JAN67924.1	N/A	5.11e-14
JAJ60801.1	N/A	5.44e-14
HDC64713.1	N/A	5.54e-14
HDB67718.1	N/A	5.57e-14
JAM68749.1	N/A	5.79e-14
JAJ09304.1	N/A	5.94e-14
JAN72760.1	N/A	6.00e-14
JAJ41107.1	N/A	6.16e-14
JAK36474.1	N/A	6.57e-14
JAJ52761.1	N/A	6.64e-14
JAJ96925.1	N/A	6.70e-14
JAN44534.1	N/A	6.89e-14
HDB67715.1	N/A	7.06e-14
HDB67720.1	N/A	7.19e-14
JAA92594.1	N/A	7.20e-14
JAL49734.1	N/A	7.30e-14
HDB67719.1	N/A	7.43e-14
JAJ46853.1	N/A	7.45e-14
MBY75083.1	N/A	7.94e-14
HDB73223.1	N/A	8.10e-14
HDB67716.1	N/A	8.10e-14
AHH38144.1	N/A	8.27e-14
JAL96757.1	N/A	8.30e-14
JAM67547.1	N/A	8.41e-14
SBP78340.1	N/A	8.72e-14
JAQ16510.1	N/A	8.78e-14
JAP97579.1	N/A	9.01e-14
JAJ57260.1	N/A	9.20e-14
JAN75169.1	N/A	9.34e-14
LAA07964.1	N/A	9.40e-14
HDB65249.1	N/A	9.43e-14
JAM65650.1	N/A	9.61e-14
HDB67717.1	N/A	1.00e-13
HCZ86391.1	N/A	1.01e-13
HDB65246.1	N/A	1.06e-13
JAI91462.1	N/A	1.07e-13
JAN83162.1	N/A	1.10e-13
JAK35107.1	N/A	1.13e-13
SBS05216.1	N/A	1.17e-13
JAM48543.1	N/A	1.18e-13
JAN04839.1	N/A	1.30e-13
JAL33923.1	N/A	1.32e-13
JAM18043.1	N/A	1.39e-13
JAL58091.1	N/A	1.52e-13
JAL80447.1	N/A	1.56e-13
JAJ13910.1	N/A	1.58e-13
JAM65169.1	N/A	1.59e-13
JAL44398.1	N/A	1.71e-13
JAK19235.1	N/A	1.71e-13
JAL70159.1	N/A	1.72e-13
JAJ12764.1	N/A	1.74e-13
JAJ64946.1	N/A	1.83e-13
JAS79665.1	N/A	2.02e-13
SBR85479.1	N/A	2.16e-13
JAM98846.1	N/A	2.30e-13
JAI59574.1	N/A	2.68e-13
MBW66364.1	N/A	2.70e-13
JAV30594.1	N/A	2.92e-13
MBY33097.1	N/A	2.99e-13
JAM15743.1	N/A	3.12e-13
HDB65244.1	N/A	3.21e-13
JAJ83132.1	N/A	3.28e-13
JAM54209.1	N/A	3.37e-13
JAN37043.1	N/A	3.44e-13
JAK78464.1	N/A	3.47e-13
JAK95618.1	N/A	3.94e-13
SBP06641.1	N/A	4.10e-13
JAN72268.1	N/A	4.16e-13
JAL38853.1	N/A	4.71e-13
JAL27598.1	N/A	4.72e-13
JAB05283.1	N/A	4.97e-13
JAL27600.1	N/A	5.67e-13
JAG71747.1	N/A	5.72e-13
JAK95615.1	N/A	5.73e-13
LAA07962.1	N/A	5.98e-13
JAK84010.1	N/A	6.01e-13
JAN55519.1	N/A	6.50e-13
JAJ39543.1	N/A	6.57e-13
JAM03123.1	N/A	6.58e-13
JAL46543.1	N/A	6.66e-13
JAJ29329.1	N/A	7.81e-13
JAM35470.1	N/A	7.86e-13
JAI83530.1	N/A	7.88e-13
JAM40633.1	N/A	8.25e-13
JAI84772.1	N/A	8.41e-13
SBR87581.1	N/A	8.43e-13
JAM16837.1	N/A	8.75e-13
JAM64720.1	N/A	8.80e-13
JAJ62840.1	N/A	8.85e-13
JAM63547.1	N/A	9.11e-13
JAN92961.1	N/A	9.30e-13
JAM15785.1	N/A	9.30e-13
JAM44657.1	N/A	9.46e-13
JAL60348.1	N/A	9.65e-13
JAK76167.1	N/A	9.72e-13
JAJ51706.1	N/A	9.98e-13
JAL92173.1	N/A	1.03e-12
MBY06813.1	N/A	1.12e-12
SBQ33110.1	N/A	1.12e-12
JAV30907.1	N/A	1.13e-12
JAL29547.1	N/A	1.18e-12
JAJ33712.1	N/A	1.24e-12
JAM65805.1	N/A	1.27e-12
JAL10208.1	N/A	1.27e-12
SBQ52259.1	N/A	1.32e-12
JAN81778.1	N/A	1.36e-12
MDE46848.1	N/A	1.36e-12
JAL27599.1	N/A	1.45e-12
JAJ51764.1	N/A	1.51e-12
JAM12163.1	N/A	1.54e-12
JAK66206.1	N/A	1.56e-12
SBP28903.1	N/A	1.60e-12
JAN56359.1	N/A	1.66e-12
JAK81556.1	N/A	1.66e-12
JAV30467.1	N/A	1.71e-12
JAM10608.1	N/A	1.77e-12
JAJ27505.1	N/A	1.80e-12
JAR75719.1	N/A	1.80e-12
JAM60514.1	N/A	1.81e-12
JAL44401.1	N/A	1.84e-12
SBQ52537.1	N/A	2.01e-12
HDC65288.1	N/A	2.04e-12
JAL25653.1	N/A	2.09e-12
JAR72899.1	N/A	2.13e-12
JAL09446.1	N/A	2.19e-12
JAN53407.1	N/A	2.36e-12
JAL42199.1	N/A	2.41e-12
JAS11175.1	N/A	2.41e-12
MBY23440.1	N/A	2.42e-12
SBP45186.1	N/A	2.51e-12
JAM65804.1	N/A	2.56e-12
JAN36420.1	N/A	2.58e-12
JAR67027.1	N/A	2.64e-12
JAJ27614.1	N/A	2.65e-12
JAM29400.1	N/A	2.77e-12
JAL00235.1	N/A	2.98e-12
JAK36832.1	N/A	3.09e-12
JAL58138.1	N/A	3.16e-12
JAV99628.1	N/A	3.17e-12
JAB00954.1	N/A	3.18e-12
JAJ18738.1	N/A	3.34e-12
SBP18585.1	N/A	3.39e-12
JAR68379.1	N/A	3.44e-12
JAQ35591.1	N/A	3.46e-12
JAV30458.1	N/A	3.69e-12
JAM59544.1	N/A	3.72e-12
JAM06507.1	N/A	3.76e-12
JAQ49601.1	N/A	3.82e-12
JAI97187.1	N/A	3.97e-12
JAQ44823.1	N/A	4.01e-12
SBR84981.1	N/A	4.17e-12
JAL14505.1	N/A	4.28e-12
JAA93013.1	N/A	4.32e-12
JAJ31208.1	N/A	4.43e-12
JAL60289.1	N/A	4.67e-12
JAV30186.1	N/A	4.87e-12
JAN63115.1	N/A	5.03e-12
HDB72845.1	N/A	5.06e-12
LAB67710.1	N/A	5.42e-12
JAK19232.1	N/A	5.53e-12
MOS17179.1	N/A	5.56e-12
JAJ68504.1	N/A	5.70e-12
JAM94099.1	N/A	5.70e-12
JAN75210.1	N/A	5.86e-12
JAK54484.1	N/A	5.87e-12
JAR85751.1	N/A	5.99e-12
JAK98222.1	N/A	6.47e-12
HDB73902.1	N/A	6.77e-12
JAV30189.1	N/A	6.83e-12
JAR70852.1	N/A	6.99e-12
SBR81371.1	N/A	7.03e-12
MDE52375.1	N/A	7.10e-12
JAN06383.1	N/A	7.23e-12
JAV29955.1	N/A	7.42e-12
JAK76165.1	N/A	7.46e-12
SBR50002.1	N/A	7.70e-12
JAN64911.1	N/A	7.74e-12
JAL29546.1	N/A	7.85e-12
JAN88371.1	N/A	8.35e-12
AEY61192.1	N/A	8.48e-12
JAQ73772.1	N/A	9.31e-12
AHH38320.1	N/A	9.46e-12
JAN11525.1	N/A	9.75e-12
JAL11538.1	N/A	9.97e-12
JAN20751.1	N/A	1.03e-11
JAL98285.1	N/A	1.08e-11
JAM64217.1	N/A	1.12e-11
JAI19659.1	N/A	1.13e-11
JAN20700.1	N/A	1.16e-11
JAN20748.1	N/A	1.18e-11
JAC42311.1	N/A	1.23e-11
JAI94930.1	N/A	1.24e-11
JAS67540.1	N/A	1.29e-11
JAR77431.1	N/A	1.31e-11
JAK36833.1	N/A	1.37e-11
JAM69554.1	N/A	1.40e-11
MOS16332.1	N/A	1.43e-11
JAN32427.1	N/A	1.43e-11
JAV30012.1	N/A	1.44e-11
JAL29544.1	N/A	1.51e-11
JAQ60563.1	N/A	1.57e-11
JAJ27978.1	N/A	1.61e-11
SBP16131.1	N/A	1.66e-11
JAL14504.1	N/A	1.72e-11
JAJ31035.1	N/A	1.75e-11
JAN34982.1	N/A	1.80e-11
SBP21394.1	N/A	1.89e-11
JAK21430.1	N/A	1.91e-11
JAJ18792.1	N/A	1.92e-11
JAK54483.1	N/A	1.92e-11
JAB91227.1	N/A	1.99e-11
JAL29545.1	N/A	2.04e-11
ADY44716.1	N/A	2.11e-11
JAM55009.1	N/A	2.11e-11
JAK19234.1	N/A	2.14e-11
JAS20427.1	N/A	2.15e-11
JAJ26889.1	N/A	2.20e-11
JAK76168.1	N/A	2.23e-11
JAO32832.1	N/A	2.24e-11
JAJ28810.1	N/A	2.27e-11
JAN34983.1	N/A	2.32e-11
JAL80679.1	N/A	2.33e-11
JAM43926.1	N/A	2.44e-11
JAL89174.1	N/A	2.45e-11
SBS56227.1	N/A	2.47e-11
JAN42807.1	N/A	2.52e-11
SBR90502.1	N/A	2.60e-11
JAN55521.1	N/A	2.63e-11
JAM93845.1	N/A	2.78e-11
JAK54482.1	N/A	2.79e-11
MBY73820.1	N/A	2.80e-11
JAM62325.1	N/A	2.80e-11
JAN54440.1	N/A	2.93e-11
JAK54479.1	N/A	2.96e-11
JAN57365.1	N/A	3.02e-11
SBP62225.1	N/A	3.05e-11
JAV30132.1	N/A	3.09e-11
JAN55518.1	N/A	3.10e-11
JAL60349.1	N/A	3.11e-11
JAN37539.1	N/A	3.12e-11
JAL27606.1	N/A	3.14e-11
JAK19237.1	N/A	3.20e-11
JAR75737.1	N/A	3.25e-11
MBW13337.1	N/A	3.38e-11
JAL82087.1	N/A	3.42e-11
JAM58881.1	N/A	3.52e-11
AER93828.1	N/A	3.55e-11
JAL14498.1	N/A	3.55e-11
JAL74020.1	N/A	3.62e-11
JAL54300.1	N/A	3.67e-11
JAQ39883.1	N/A	3.69e-11
JAL44399.1	N/A	3.71e-11
JAN51780.1	N/A	3.72e-11
JAL82284.1	N/A	3.87e-11
JAA03363.1	N/A	4.07e-11
JAM68504.1	N/A	4.20e-11
JAN47732.1	N/A	4.28e-11
JAK81959.1	N/A	4.29e-11
JAK15174.1	N/A	4.39e-11
JAL12207.1	N/A	4.67e-11
JAK54485.1	N/A	4.77e-11
JAL78825.1	N/A	4.87e-11
JAS78316.1	N/A	5.24e-11
JAK44105.1	N/A	5.31e-11
JAJ18737.1	N/A	5.46e-11
JAN20754.1	N/A	5.51e-11
JAV30119.1	N/A	5.54e-11
SBP44518.1	N/A	5.55e-11
JAN32985.1	N/A	5.64e-11
JAW05674.1	N/A	5.65e-11
JAT88500.1	N/A	5.66e-11
JAL58047.1	N/A	5.69e-11
JAL95028.1	N/A	5.71e-11
JAG75321.1	N/A	5.72e-11
JAM88803.1	N/A	5.82e-11
JAK88564.1	N/A	5.89e-11
JAM01081.1	N/A	6.05e-11
SBP16091.1	N/A	6.05e-11
JAJ10861.1	N/A	6.15e-11
JAL14501.1	N/A	6.19e-11
MBY77628.1	N/A	6.36e-11
JAL98172.1	N/A	6.39e-11
JAN45268.1	N/A	6.39e-11
JAS52135.1	N/A	6.52e-11
JAN80010.1	N/A	6.56e-11
JAN18000.1	N/A	6.58e-11
JAQ73142.1	N/A	7.17e-11
JAR68856.1	N/A	7.25e-11
JAN49689.1	N/A	7.33e-11
CDG70858.1	N/A	7.37e-11
JAQ44537.1	N/A	7.44e-11
JAK36835.1	N/A	7.65e-11
JAQ71824.1	N/A	7.66e-11
JAK78465.1	N/A	7.86e-11
JAR47629.1	N/A	8.44e-11
JAN52668.1	N/A	8.53e-11
JAC59322.1	N/A	8.70e-11
JAI59576.1	N/A	8.94e-11
JAL60352.1	N/A	9.05e-11
SBP42192.1	N/A	9.49e-11
JAR80791.1	N/A	9.72e-11
JAM75107.1	N/A	9.75e-11
JAN37538.1	N/A	9.83e-11
JAL82285.1	N/A	9.93e-11
JAK95619.1	N/A	9.94e-11
JAC59320.1	N/A	9.99e-11
JAN53508.1	N/A	1.03e-10
JAJ83084.1	N/A	1.08e-10
JAK27668.1	N/A	1.08e-10
LAA10747.1	N/A	1.08e-10
JAT13927.1	N/A	1.09e-10
JAL22185.1	N/A	1.09e-10
JAC97366.1	N/A	1.10e-10
JAK26421.1	N/A	1.10e-10
JAL54301.1	N/A	1.10e-10
JAN55520.1	N/A	1.15e-10
JAK15540.1	N/A	1.15e-10
JAK72815.1	N/A	1.18e-10
SBR06041.1	N/A	1.19e-10
JAN45271.1	N/A	1.21e-10
JAK30472.1	N/A	1.22e-10
JAN13960.1	N/A	1.22e-10
JAK56086.1	N/A	1.23e-10
JAK77256.1	N/A	1.23e-10
JAN47417.1	N/A	1.23e-10
JAK27669.1	N/A	1.24e-10
JAK25373.1	N/A	1.24e-10
JAJ11706.1	N/A	1.24e-10
JAK74269.1	N/A	1.25e-10
JAJ31037.1	N/A	1.27e-10
JAN52672.1	N/A	1.28e-10
JAK72816.1	N/A	1.31e-10
JAN82040.1	N/A	1.35e-10
JAK25374.1	N/A	1.38e-10
JAR74875.1	N/A	1.40e-10
JAL27605.1	N/A	1.41e-10
AHH40630.1	N/A	1.47e-10
JAN83336.1	N/A	1.49e-10
MBY24761.1	N/A	1.49e-10
JAK27670.1	N/A	1.51e-10
SBQ49423.1	N/A	1.53e-10
JAR40177.1	N/A	1.54e-10
AHH39266.1	N/A	1.56e-10
JAK16273.1	N/A	1.56e-10
HDB61648.1	N/A	1.58e-10
HCZ77214.1	N/A	1.61e-10
JAK26422.1	N/A	1.62e-10
LAA06154.1	N/A	1.65e-10
JAN45272.1	N/A	1.68e-10
JAN18005.1	N/A	1.78e-10
JAK26423.1	N/A	1.80e-10
JAK91712.1	N/A	1.81e-10
MOS21756.1	N/A	1.81e-10
JAJ28759.1	N/A	1.85e-10
JAK25375.1	N/A	1.88e-10
JAG79904.1	N/A	2.04e-10
JAL47589.1	N/A	2.11e-10
JAN18001.1	N/A	2.13e-10
JAL29534.1	N/A	2.14e-10
JAN57173.1	N/A	2.15e-10
JAQ41277.1	N/A	2.18e-10
JAL54292.1	N/A	2.19e-10
AHH38367.1	N/A	2.19e-10
JAB99527.1	N/A	2.38e-10
JAM59805.1	N/A	2.38e-10
JAM59806.1	N/A	2.48e-10
JAM07679.1	N/A	2.51e-10
JAK47661.1	N/A	2.51e-10
JAL27602.1	N/A	2.55e-10
JAM78405.1	N/A	2.55e-10
MOS17642.1	N/A	2.59e-10
CDW45760.1	N/A	2.61e-10
JAK76166.1	N/A	2.61e-10
JAN52670.1	N/A	2.69e-10
CDW39655.1	N/A	2.82e-10
JAN29732.1	N/A	2.84e-10
JAG09689.1	N/A	2.85e-10
JAL92864.1	N/A	2.85e-10
JAL80682.1	N/A	2.89e-10
JAN97418.1	N/A	2.91e-10
JAM01083.1	N/A	2.92e-10
MBY83219.1	N/A	2.93e-10
JAN66519.1	N/A	2.98e-10
JAJ42165.1	N/A	3.00e-10
JAL29535.1	N/A	3.11e-10
JAI94931.1	N/A	3.17e-10
JAM21288.1	N/A	3.24e-10
JAJ16785.1	N/A	3.38e-10
JAR00200.1	N/A	3.57e-10
JAM01085.1	N/A	3.69e-10
SBS46466.1	N/A	3.83e-10
SBP50652.1	N/A	4.02e-10
JAJ03065.1	N/A	4.20e-10
JAO87608.1	N/A	4.23e-10
JAJ21809.1	N/A	4.25e-10
JAO94805.1	N/A	4.30e-10
JAK76164.1	N/A	4.74e-10
SBQ61256.1	N/A	4.97e-10
SBR46266.1	N/A	5.10e-10
JAN37534.1	N/A	5.37e-10
SBS19225.1	N/A	5.41e-10
JAI36795.1	N/A	5.41e-10
SBP67232.1	N/A	5.59e-10
SBP52165.1	N/A	5.64e-10
LAA13185.1	N/A	5.90e-10
JAQ82262.1	N/A	5.96e-10
MBY74321.1	N/A	6.23e-10
JAN04838.1	N/A	6.30e-10
JAC41486.1	N/A	6.32e-10
JAL54302.1	N/A	6.40e-10
JAK90997.1	N/A	6.43e-10
JAD12326.1	N/A	7.06e-10
MOY45431.1	N/A	7.09e-10
JAL14496.1	N/A	7.25e-10
JAN20753.1	N/A	7.38e-10
AFP08959.1	N/A	7.57e-10
SBS18068.1	N/A	7.71e-10
JAK36831.1	N/A	7.72e-10
SBP18719.1	N/A	7.77e-10
MBW14112.1	N/A	7.86e-10
AHH39082.1	N/A	8.02e-10
SBP04288.1	N/A	8.14e-10
HCZ85944.1	N/A	8.22e-10
CDW38630.1	N/A	8.22e-10
JAO94806.1	N/A	8.24e-10
SBR48427.1	N/A	8.30e-10
JAA14166.1	N/A	8.75e-10
JAJ52726.1	N/A	8.78e-10
MBY04491.1	N/A	8.99e-10
JAK98217.1	N/A	9.14e-10
MBW24803.1	N/A	9.55e-10
SBP26945.1	N/A	1.00e-09
JAK98218.1	N/A	1.01e-09
JAJ16787.1	N/A	1.04e-09
JAK56082.1	N/A	1.05e-09
JAJ28027.1	N/A	1.05e-09
JAK38893.1	N/A	1.05e-09
AHH37375.1	N/A	1.05e-09
JAK19236.1	N/A	1.07e-09
JAJ52727.1	N/A	1.09e-09
JAL84180.1	N/A	1.10e-09
JAL56002.1	N/A	1.10e-09
JAL29548.1	N/A	1.11e-09
JAL14500.1	N/A	1.11e-09
JAN32986.1	N/A	1.17e-09
JAL80681.1	N/A	1.17e-09
JAA09197.1	N/A	1.19e-09
JAS29332.1	N/A	1.21e-09
JAJ52728.1	N/A	1.21e-09
JAL58092.1	N/A	1.30e-09
JAM52315.1	N/A	1.30e-09
JAK38892.1	N/A	1.34e-09
JAL55996.1	N/A	1.36e-09
MBY04147.1	N/A	1.37e-09
JAN55522.1	N/A	1.39e-09
JAM43924.1	N/A	1.42e-09
JAN52669.1	N/A	1.46e-09
SBP54007.1	N/A	1.47e-09
SBR06999.1	N/A	1.50e-09
JAJ53571.1	N/A	1.53e-09
SBR91909.1	N/A	1.55e-09
MBW42950.1	N/A	1.63e-09
JAK21444.1	N/A	1.68e-09
JAR71557.1	N/A	1.70e-09
MBY30710.1	N/A	1.73e-09
JAN34984.1	N/A	1.79e-09
JAJ04740.1	N/A	1.81e-09
JAJ31036.1	N/A	1.83e-09
JAJ16786.1	N/A	1.85e-09
JAO94804.1	N/A	1.87e-09
JAR45427.1	N/A	1.91e-09
JAD00131.1	N/A	1.91e-09
JAM01084.1	N/A	1.91e-09
JAM04265.1	N/A	1.95e-09
JAL60351.1	N/A	1.96e-09
JAL39525.1	N/A	2.04e-09
JAM93797.1	N/A	2.05e-09
JAJ04739.1	N/A	2.08e-09
JAJ68321.1	N/A	2.09e-09
JAN15855.1	N/A	2.10e-09
NBJ59093.1	N/A	2.10e-09
JAQ33538.1	N/A	2.11e-09
SBQ62070.1	N/A	2.11e-09
JAL80680.1	N/A	2.12e-09
JAL58048.1	N/A	2.19e-09
SBP05735.1	N/A	2.22e-09
JAK57981.1	N/A	2.23e-09
JAN20747.1	N/A	2.23e-09
JAM07680.1	N/A	2.25e-09
JAL82286.1	N/A	2.29e-09
JAN28194.1	N/A	2.42e-09
JAL84231.1	N/A	2.43e-09
SBP80755.1	N/A	2.47e-09
JAK26672.1	N/A	2.53e-09
CDW48803.1	N/A	2.62e-09
NBJ60990.1	N/A	2.64e-09
JAQ80301.1	N/A	2.71e-09
JAL32087.1	N/A	2.72e-09
JAK93417.1	N/A	2.76e-09
JAV59950.1	N/A	2.78e-09
JAL84232.1	N/A	2.79e-09
JAC01768.1	N/A	2.80e-09
JAQ93541.1	N/A	2.87e-09
JAN32984.1	N/A	2.90e-09
JAN37533.1	N/A	2.91e-09
JAW10971.1	N/A	2.92e-09
SBP21909.1	N/A	2.96e-09
JAK70113.1	N/A	2.98e-09
JAM01082.1	N/A	2.98e-09
JAK08626.1	N/A	3.01e-09
JAJ06636.1	N/A	3.02e-09
JAC05553.1	N/A	3.09e-09
JAN20752.1	N/A	3.16e-09
JAR62785.1	N/A	3.19e-09
JAJ32509.1	N/A	3.23e-09
JAC16177.1	N/A	3.37e-09
JAK21429.1	N/A	3.41e-09
SBP16200.1	N/A	3.42e-09
SBS49666.1	N/A	3.44e-09
JAL10205.1	N/A	3.45e-09
JAO96754.1	N/A	3.46e-09
SBQ51527.1	N/A	3.47e-09
JAJ56956.1	N/A	3.59e-09
JAN48377.1	N/A	3.65e-09
JAL00943.1	N/A	3.68e-09
JAL17236.1	N/A	3.71e-09
AFP62859.1	N/A	3.78e-09
JAN48378.1	N/A	4.01e-09
JAN49688.1	N/A	4.01e-09
JAL58049.1	N/A	4.02e-09
JAN34976.1	N/A	4.10e-09
MBY28491.1	N/A	4.10e-09
JAM43923.1	N/A	4.14e-09
JAL40397.1	N/A	4.31e-09
JAK91710.1	N/A	4.32e-09
JAJ64152.1	N/A	4.37e-09
JAL14499.1	N/A	4.52e-09
JAK91711.1	N/A	4.52e-09
JAM86655.1	N/A	4.58e-09
HDB70828.1	N/A	4.58e-09
HDC42504.1	N/A	4.59e-09
JAN76461.1	N/A	4.63e-09
JAN34981.1	N/A	4.68e-09
CCP84679.1	N/A	4.76e-09
CCP82651.1	N/A	4.83e-09
HDC39969.1	N/A	4.98e-09
JAK74270.1	N/A	5.06e-09
AER93835.1	N/A	5.07e-09
JAL07113.1	N/A	5.16e-09
MBW68737.1	N/A	5.27e-09
JAL12159.1	N/A	5.41e-09
SBP25461.1	N/A	5.45e-09
JAR91611.1	N/A	5.49e-09
MBY20487.1	N/A	5.50e-09
AFO98457.1	N/A	5.52e-09
JAJ24265.1	N/A	5.57e-09
JAN41107.1	N/A	5.66e-09
HDB70827.1	N/A	5.67e-09
SBQ76918.1	N/A	5.70e-09
HDC32337.1	N/A	5.78e-09
JAK92950.1	N/A	5.80e-09
JAM32883.1	N/A	5.86e-09
JAJ19711.1	N/A	5.88e-09
JAJ32508.1	N/A	5.90e-09
JAN31238.1	N/A	5.97e-09
AFE68346.1	N/A	6.10e-09
JAL07112.1	N/A	6.13e-09
SBS15206.1	N/A	6.40e-09
JAR81152.1	N/A	6.44e-09
JAJ78223.1	N/A	6.51e-09
SBR43976.1	N/A	6.56e-09
JAN52673.1	N/A	6.76e-09
HDA58073.1	N/A	6.82e-09
JAM21711.1	N/A	6.87e-09
JAL23908.1	N/A	7.23e-09
JAN29731.1	N/A	7.31e-09
SBP44536.1	N/A	7.32e-09
JAL05754.1	N/A	7.32e-09
JAK36830.1	N/A	7.66e-09
JAN48379.1	N/A	7.88e-09
JAQ70295.1	N/A	7.94e-09
JAJ28028.1	N/A	7.95e-09
JAI90826.1	N/A	7.97e-09
ADY44223.1	N/A	8.15e-09
JAC44122.1	N/A	8.27e-09
JAJ31038.1	N/A	8.47e-09
JAQ80314.1	N/A	8.68e-09
JAN62155.1	N/A	8.71e-09
MBY06177.1	N/A	8.73e-09
ADY46141.1	N/A	8.94e-09
JAJ70154.1	N/A	9.25e-09
SBP26683.1	N/A	9.48e-09
SBP15533.1	N/A	9.49e-09
JAQ26548.1	N/A	9.52e-09
SBQ61136.1	N/A	9.61e-09
AFP10374.1	N/A	9.84e-09
JAO59520.1	N/A	9.84e-09
JAL05755.1	N/A	1.00e-08
JAA98843.1	N/A	1.02e-08
JAV52401.1	N/A	1.03e-08
JAL82287.1	N/A	1.05e-08
JAB14392.1	N/A	1.06e-08
SBP03571.1	N/A	1.07e-08
JAK74278.1	N/A	1.11e-08
JAS14420.1	N/A	1.11e-08
JAK49141.1	N/A	1.14e-08
HDA82053.1	N/A	1.17e-08
MBW16349.1	N/A	1.17e-08
JAQ78772.1	N/A	1.20e-08
MOS17207.1	N/A	1.22e-08
HDC01211.1	N/A	1.22e-08
JAJ01105.1	N/A	1.23e-08
SBS18971.1	N/A	1.23e-08
JAQ04477.1	N/A	1.25e-08
JAK68185.1	N/A	1.25e-08
JAG77469.1	N/A	1.25e-08
JAM23532.1	N/A	1.26e-08
JAR79530.1	N/A	1.28e-08
SNX37469.1	N/A	1.31e-08
JAR73015.1	N/A	1.32e-08
JAR48425.1	N/A	1.33e-08
SBQ80781.1	N/A	1.33e-08
JAT00622.1	N/A	1.34e-08
SBP24472.1	N/A	1.35e-08
JAT20486.1	N/A	1.36e-08
JAM87187.1	N/A	1.36e-08
JAK88861.1	N/A	1.36e-08
HCZ91732.1	N/A	1.41e-08
AER99323.1	N/A	1.42e-08
JAA60007.1	N/A	1.43e-08
JAP86897.1	N/A	1.44e-08
JAL10204.1	N/A	1.45e-08
JAR11893.1	N/A	1.45e-08
SBP42007.1	N/A	1.46e-08
SBP16234.1	N/A	1.48e-08
SBQ55399.1	N/A	1.49e-08
JAM16166.1	N/A	1.53e-08
JAM01080.1	N/A	1.54e-08
JAR86133.1	N/A	1.55e-08
HCZ89033.1	N/A	1.55e-08
SBP10754.1	N/A	1.56e-08
HDB75446.1	N/A	1.58e-08
JAJ62019.1	N/A	1.58e-08
JAK15683.1	N/A	1.59e-08
JAM30476.1	N/A	1.59e-08
JAL95097.1	N/A	1.60e-08
JAV06736.1	N/A	1.62e-08
JAL98171.1	N/A	1.63e-08
SBR68491.1	N/A	1.63e-08
JAK58805.1	N/A	1.65e-08
JAA55339.1	N/A	1.67e-08
SBP08352.1	N/A	1.67e-08
JAN18007.1	N/A	1.67e-08
MAA18524.1	N/A	1.68e-08
JAJ71311.1	N/A	1.70e-08
JAJ52708.1	N/A	1.70e-08
SBP41643.1	N/A	1.71e-08
JAJ24927.1	N/A	1.71e-08
JAJ38325.1	N/A	1.73e-08
HDA91480.1	N/A	1.74e-08
SBQ50405.1	N/A	1.75e-08
SBR58440.1	N/A	1.79e-08
CEK66180.1	N/A	1.80e-08
JAG65756.1	N/A	1.81e-08
JAN96551.1	N/A	1.83e-08
JAJ18791.1	N/A	1.88e-08
JAQ41429.1	N/A	1.93e-08
MBY13230.1	N/A	1.95e-08
JAL91554.1	N/A	1.96e-08
JAI69643.1	N/A	1.99e-08
JAI85881.1	N/A	1.99e-08
JAV06765.1	N/A	2.00e-08
SBR30450.1	N/A	2.00e-08
JAM07539.1	N/A	2.01e-08
JAM65216.1	N/A	2.01e-08
MBY16428.1	N/A	2.02e-08
SBP61541.1	N/A	2.04e-08
JAJ21021.1	N/A	2.04e-08
JAN41155.1	N/A	2.05e-08
JAJ63776.1	N/A	2.07e-08
JAK82149.1	N/A	2.14e-08
JAJ18790.1	N/A	2.14e-08
JAK90207.1	N/A	2.17e-08
JAK58804.1	N/A	2.17e-08
SBR21486.1	N/A	2.18e-08
JAJ25060.1	N/A	2.18e-08
JAK11789.1	N/A	2.20e-08
AHH37536.1	N/A	2.22e-08
JAB59750.1	N/A	2.24e-08
SBQ41695.1	N/A	2.26e-08
JAK61857.1	N/A	2.33e-08
JAJ04596.1	N/A	2.38e-08
JAJ06588.1	N/A	2.38e-08
SBQ97697.1	N/A	2.39e-08
MBY78682.1	N/A	2.39e-08
SBR80513.1	N/A	2.39e-08
JAJ52709.1	N/A	2.41e-08
JAN18006.1	N/A	2.48e-08
JAL90769.1	N/A	2.48e-08
SBR45765.1	N/A	2.52e-08
JAJ66463.1	N/A	2.54e-08
SBR91062.1	N/A	2.63e-08
SBP69341.1	N/A	2.65e-08
MOS12916.1	N/A	2.66e-08
JAL52569.1	N/A	2.67e-08
JAM43929.1	N/A	2.70e-08
SBQ98657.1	N/A	2.70e-08
JAV06627.1	N/A	2.73e-08
SBP40349.1	N/A	2.75e-08
JAK16691.1	N/A	2.81e-08
JAM10069.1	N/A	2.86e-08
JAA13963.1	N/A	2.88e-08
JAJ41317.1	N/A	2.91e-08
SBQ66421.1	N/A	2.97e-08
JAL36258.1	N/A	2.99e-08
SBP60454.1	N/A	3.03e-08
JAK93279.1	N/A	3.07e-08
JAM77066.1	N/A	3.07e-08
HDA49590.1	N/A	3.08e-08
HDA47972.1	N/A	3.14e-08
JAK20016.1	N/A	3.17e-08
HDB75497.1	N/A	3.21e-08
JAB19591.1	N/A	3.32e-08
JAI73871.1	N/A	3.34e-08
JAW11719.1	N/A	3.38e-08
JAN06388.1	N/A	3.39e-08
JAM00341.1	N/A	3.39e-08
JAK63153.1	N/A	3.40e-08
JAK47157.1	N/A	3.50e-08
JAM77007.1	N/A	3.62e-08
JAL08505.1	N/A	3.66e-08
JAL10207.1	N/A	3.69e-08
SBP33886.1	N/A	3.71e-08
JAJ64519.1	N/A	3.77e-08
JAR59627.1	N/A	3.81e-08
CCP73818.1	N/A	3.84e-08
JAG05887.1	N/A	3.93e-08
JAL86679.1	N/A	3.96e-08
JAL08504.1	N/A	3.96e-08
JAI82571.1	N/A	3.99e-08
SBR87773.1	N/A	3.99e-08
SBP17797.1	N/A	4.01e-08
JAL02802.1	N/A	4.02e-08
JAV51313.1	N/A	4.07e-08
JAL17730.1	N/A	4.10e-08
SBP04289.1	N/A	4.11e-08
JAG05889.1	N/A	4.21e-08
MCH74635.1	N/A	4.26e-08
JAM33122.1	N/A	4.26e-08
JAJ57577.1	N/A	4.28e-08
JAI43396.1	N/A	4.30e-08
JAQ73712.1	N/A	4.33e-08
JAM36731.1	N/A	4.36e-08
JAK47771.1	N/A	4.38e-08
JAR59628.1	N/A	4.44e-08
JAM08522.1	N/A	4.47e-08
JAL89765.1	N/A	4.48e-08
SBR43916.1	N/A	4.48e-08
JAN10727.1	N/A	4.52e-08
JAK39044.1	N/A	4.68e-08
JAN43475.1	N/A	4.69e-08
JAK64452.1	N/A	4.75e-08
JAK97928.1	N/A	4.78e-08
JAM27909.1	N/A	4.85e-08
JAS26316.1	N/A	4.95e-08
JAJ01415.1	N/A	4.98e-08
SBP62961.1	N/A	4.98e-08
JAG56980.1	N/A	4.99e-08
JAK79566.1	N/A	5.01e-08
JAJ24973.1	N/A	5.03e-08
SBQ56624.1	N/A	5.03e-08
JAN32981.1	N/A	5.13e-08
JAK90208.1	N/A	5.16e-08
JAG36235.1	N/A	5.17e-08
MOS13827.1	N/A	5.23e-08
JAJ44325.1	N/A	5.28e-08
SBQ52033.1	N/A	5.31e-08
JAK22478.1	N/A	5.35e-08
JAM80992.1	N/A	5.37e-08
JAK47772.1	N/A	5.39e-08
JAM45129.1	N/A	5.41e-08
JAP58756.1	N/A	5.42e-08
JAM19527.1	N/A	5.44e-08
SBS01918.1	N/A	5.51e-08
SBP41035.1	N/A	5.51e-08
JAL78720.1	N/A	5.61e-08
SBP02681.1	N/A	5.61e-08
SBR43995.1	N/A	5.61e-08
JAQ30953.1	N/A	5.72e-08
JAN34651.1	N/A	5.74e-08
JAJ21026.1	N/A	5.75e-08
JAM30564.1	N/A	5.86e-08
JAA97833.1	N/A	5.89e-08
JAK19233.1	N/A	6.08e-08
JAN37090.1	N/A	6.14e-08
JAI14417.1	N/A	6.16e-08
JAN81477.1	N/A	6.23e-08
JAJ26841.1	N/A	6.23e-08
JAV30491.1	N/A	6.26e-08
JAI81889.1	N/A	6.31e-08
JAN37739.1	N/A	6.32e-08
AHH38640.1	N/A	6.33e-08
JAJ26883.1	N/A	6.41e-08
AHH40367.1	N/A	6.49e-08
JAL91933.1	N/A	6.54e-08
HDC70576.1	N/A	6.57e-08
JAJ52704.1	N/A	6.64e-08
JAJ26514.1	N/A	6.67e-08
JAJ26882.1	N/A	6.68e-08
JAL29364.1	N/A	6.76e-08
HCZ84288.1	N/A	6.91e-08
JAM48597.1	N/A	7.05e-08
JAL23960.1	N/A	7.11e-08
SBQ88689.1	N/A	7.14e-08
JAN59320.1	N/A	7.15e-08
HCZ80659.1	N/A	7.19e-08
JAJ57164.1	N/A	7.37e-08
JAB02259.1	N/A	7.45e-08
MBW15542.1	N/A	7.48e-08
CCP79190.1	N/A	7.59e-08
JAR82836.1	N/A	7.83e-08
AHH38356.1	N/A	8.26e-08
AFE66591.1	N/A	8.29e-08
HDB56202.1	N/A	8.35e-08
SBP48375.1	N/A	8.37e-08
SBP81847.1	N/A	8.52e-08
SBQ57253.1	N/A	8.55e-08
JAK63001.1	N/A	8.70e-08
SBQ88494.1	N/A	8.76e-08
MBW14241.1	N/A	8.95e-08
JAK60565.1	N/A	8.99e-08
SBR56800.1	N/A	9.00e-08
SBQ32273.1	N/A	9.01e-08
JAN11009.1	N/A	9.06e-08
MDE49018.1	N/A	9.24e-08
JAL94988.1	N/A	9.26e-08
MBW67770.1	N/A	9.30e-08
JAV43105.1	N/A	9.32e-08
JAK88491.1	N/A	9.46e-08
JAJ33338.1	N/A	9.47e-08
JAN97243.1	N/A	9.50e-08
SBR85828.1	N/A	9.61e-08
JAS29637.1	N/A	9.70e-08
SBR39345.1	N/A	9.77e-08
JAM65504.1	N/A	9.90e-08
JAN30666.1	N/A	9.92e-08
JAN96036.1	N/A	1.01e-07
SBQ53484.1	N/A	1.02e-07
JAJ54865.1	N/A	1.04e-07
JAN15853.1	N/A	1.05e-07
JAO03619.1	N/A	1.06e-07
HCZ75185.1	N/A	1.06e-07
JAN12402.1	N/A	1.07e-07
SBQ84570.1	N/A	1.08e-07
JAN62153.1	N/A	1.09e-07
JAI12197.1	N/A	1.09e-07
JAK16467.1	N/A	1.09e-07
SBP13946.1	N/A	1.09e-07
JAN62154.1	N/A	1.11e-07
JAI82063.1	N/A	1.12e-07
JAR69872.1	N/A	1.12e-07
JAI95725.1	N/A	1.13e-07
SBP61003.1	N/A	1.13e-07
MDE51743.1	N/A	1.13e-07
NBJ57821.1	N/A	1.14e-07
MBW15828.1	N/A	1.15e-07
JAL53040.1	N/A	1.15e-07
JAJ24972.1	N/A	1.15e-07
MDE45009.1	N/A	1.15e-07
SBP68316.1	N/A	1.16e-07
SBP26693.1	N/A	1.18e-07
HDB04195.1	N/A	1.19e-07
JAK29240.1	N/A	1.19e-07
SBR24127.1	N/A	1.19e-07
SBP20311.1	N/A	1.19e-07
JAM38569.1	N/A	1.19e-07
JAJ26463.1	N/A	1.20e-07
SBS15477.1	N/A	1.20e-07
MBW13621.1	N/A	1.20e-07
SBR70389.1	N/A	1.22e-07
SBR62046.1	N/A	1.23e-07
JAM19686.1	N/A	1.23e-07
HDA99273.1	N/A	1.23e-07
JAB56298.1	N/A	1.24e-07
JAM33123.1	N/A	1.25e-07
JAJ77365.1	N/A	1.25e-07
HCZ79152.1	N/A	1.26e-07
JAT93661.1	N/A	1.26e-07
JAN14799.1	N/A	1.26e-07
JAL51638.1	N/A	1.28e-07
NOV44358.1	N/A	1.28e-07
HCZ89909.1	N/A	1.30e-07
JAJ22187.1	N/A	1.30e-07
SBQ57926.1	N/A	1.30e-07
SBP51383.1	N/A	1.31e-07
JAM23531.1	N/A	1.32e-07
JAM27910.1	N/A	1.33e-07
JAS39444.1	N/A	1.33e-07
JAJ67308.1	N/A	1.35e-07
JAK47773.1	N/A	1.37e-07
JAK36885.1	N/A	1.39e-07
JAK18234.1	N/A	1.42e-07
JAB97683.1	N/A	1.43e-07
HDA78711.1	N/A	1.46e-07
JAG77605.1	N/A	1.46e-07
JAN87768.1	N/A	1.47e-07
CCP82422.1	N/A	1.48e-07
JAI86316.1	N/A	1.49e-07
JAM59010.1	N/A	1.49e-07
JAB18125.1	N/A	1.49e-07
JAJ81591.1	N/A	1.50e-07
JAK20232.1	N/A	1.51e-07
JAJ03726.1	N/A	1.51e-07
JAJ14228.1	N/A	1.52e-07
JAP41092.1	N/A	1.53e-07
MBY85437.1	N/A	1.56e-07
JAK51609.1	N/A	1.57e-07
JAL14497.1	N/A	1.58e-07
JAB30647.1	N/A	1.59e-07
SBQ69880.1	N/A	1.59e-07
JAR37833.1	N/A	1.62e-07
JAB30646.1	N/A	1.65e-07
JAL22751.1	N/A	1.67e-07
JAN08583.1	N/A	1.67e-07
SBS46984.1	N/A	1.70e-07
JAR78081.1	N/A	1.79e-07
JAS92603.1	N/A	1.79e-07
SBR28390.1	N/A	1.83e-07
SBR74055.1	N/A	1.86e-07
JAL02903.1	N/A	1.92e-07
JAN15854.1	N/A	1.96e-07
JAP80296.1	N/A	1.98e-07
JAL26929.1	N/A	1.98e-07
MDE45505.1	N/A	2.01e-07
SBP13044.1	N/A	2.04e-07
MDE48989.1	N/A	2.06e-07
LAB20869.1	N/A	2.06e-07
JAL27408.1	N/A	2.06e-07
JAR34304.1	N/A	2.07e-07
JAJ13006.1	N/A	2.08e-07
JAI29738.1	N/A	2.09e-07
JAI59577.1	N/A	2.09e-07
JAQ31759.1	N/A	2.10e-07
SBQ48251.1	N/A	2.10e-07
JAN59319.1	N/A	2.11e-07
JAJ53378.1	N/A	2.19e-07
JAQ74031.1	N/A	2.22e-07
SBP42208.1	N/A	2.23e-07
LAB44092.1	N/A	2.26e-07
JAJ46856.1	N/A	2.33e-07
JAT29838.1	N/A	2.33e-07
JAQ72948.1	N/A	2.36e-07
MBX96308.1	N/A	2.39e-07
SBR00262.1	N/A	2.41e-07
SBQ65878.1	N/A	2.41e-07
JAM88572.1	N/A	2.43e-07
JAJ08967.1	N/A	2.49e-07
JAM61359.1	N/A	2.50e-07
JAO00126.1	N/A	2.51e-07
SBP76149.1	N/A	2.61e-07
HDA90643.1	N/A	2.63e-07
JAD03297.1	N/A	2.64e-07
JAJ46855.1	N/A	2.65e-07
JAI94938.1	N/A	2.67e-07
JAM64591.1	N/A	2.72e-07
JAL77511.1	N/A	2.72e-07
AFE78045.1	N/A	2.74e-07
JAN11010.1	N/A	2.78e-07
JAQ45934.1	N/A	2.82e-07
JAK47372.1	N/A	2.86e-07
SBP38865.1	N/A	2.86e-07
JAK08839.1	N/A	2.95e-07
JAL33088.1	N/A	3.03e-07
SBR54490.1	N/A	3.06e-07
JAB99735.1	N/A	3.09e-07
HDB49001.1	N/A	3.10e-07
SBP12769.1	N/A	3.13e-07
HDC54190.1	N/A	3.14e-07
HCZ81294.1	N/A	3.16e-07
HDB40541.1	N/A	3.22e-07
JAR85703.1	N/A	3.24e-07
JAM57516.1	N/A	3.29e-07
JAN60630.1	N/A	3.36e-07
JAI89620.1	N/A	3.38e-07
JAC16703.1	N/A	3.39e-07
JAC19983.1	N/A	3.40e-07
JAO93038.1	N/A	3.41e-07
JAM77958.1	N/A	3.42e-07
SBS15488.1	N/A	3.43e-07
AFE68441.1	N/A	3.47e-07
HDB73224.1	N/A	3.50e-07
JAR72181.1	N/A	3.56e-07
JAK24066.1	N/A	3.61e-07
JAK24670.1	N/A	3.64e-07
SBP29306.1	N/A	3.67e-07
CCP78437.1	N/A	3.70e-07
CDG71962.1	N/A	3.83e-07
JAR63632.1	N/A	3.90e-07
JAQ09541.1	N/A	3.93e-07
SBQ62224.1	N/A	4.04e-07
JAA92964.1	N/A	4.13e-07
JAJ70310.1	N/A	4.13e-07
AFJ70506.1	N/A	4.14e-07
JAI81929.1	N/A	4.18e-07
AFJ70340.1	N/A	4.20e-07
HCZ81489.1	N/A	4.28e-07
SBR77697.1	N/A	4.29e-07
JAN04587.1	N/A	4.30e-07
SBP83010.1	N/A	4.33e-07
JAM80214.1	N/A	4.36e-07
JAB31086.1	N/A	4.37e-07
JAO79896.1	N/A	4.40e-07
ADY42426.1	N/A	4.41e-07
JAK43285.1	N/A	4.48e-07
SBP21180.1	N/A	4.49e-07
JAV54787.1	N/A	4.50e-07
AHH38568.1	N/A	4.61e-07
JAN96488.1	N/A	4.66e-07
JAA62960.1	N/A	4.72e-07
HDB26809.1	N/A	4.75e-07
SBS09692.1	N/A	4.77e-07
HDB44672.1	N/A	4.79e-07
JAL07490.1	N/A	4.81e-07
JAI10309.1	N/A	4.87e-07
MOS21096.1	N/A	4.92e-07
HDC63942.1	N/A	4.94e-07
JAR84804.1	N/A	4.96e-07
SBR35732.1	N/A	4.96e-07
SBP16021.1	N/A	4.97e-07
JAR68425.1	N/A	5.07e-07
JAN51006.1	N/A	5.09e-07
JAV54783.1	N/A	5.09e-07
JAW05697.1	N/A	5.09e-07
SBP83654.1	N/A	5.11e-07
SBQ72156.1	N/A	5.24e-07
JAA62947.1	N/A	5.32e-07
HDC12848.1	N/A	5.45e-07
JAR82441.1	N/A	5.48e-07
SBQ90378.1	N/A	5.49e-07
JAJ67422.1	N/A	5.53e-07
HDB51554.1	N/A	5.53e-07
SBP48361.1	N/A	5.58e-07
MDE51426.1	N/A	5.63e-07
JAP64472.1	N/A	5.67e-07
JAR89798.1	N/A	5.69e-07
SBP46291.1	N/A	5.69e-07
JAB04200.1	N/A	5.82e-07
JAB21394.1	N/A	5.83e-07
SBR61250.1	N/A	5.84e-07
SBR56790.1	N/A	5.84e-07
SBR85881.1	N/A	5.84e-07
SBP81839.1	N/A	5.89e-07
JAQ98362.1	N/A	5.91e-07
JAN83616.1	N/A	5.93e-07
SBQ88502.1	N/A	6.05e-07
JAL70278.1	N/A	6.09e-07
JAN81787.1	N/A	6.23e-07
JAB91607.1	N/A	6.24e-07
JAK41409.1	N/A	6.24e-07
JAO01627.1	N/A	6.30e-07
SBP57042.1	N/A	6.33e-07
SBR99089.1	N/A	6.38e-07
JAB21395.1	N/A	6.44e-07
JAS09472.1	N/A	6.48e-07
SBR06358.1	N/A	6.56e-07
SBP75113.1	N/A	6.61e-07
HCZ81068.1	N/A	6.62e-07
SBQ32287.1	N/A	6.73e-07
HDC40555.1	N/A	6.73e-07
SBQ65642.1	N/A	6.73e-07
SBS42614.1	N/A	6.81e-07
JAI93390.1	N/A	6.90e-07
SBP63958.1	N/A	6.96e-07
HCZ82639.1	N/A	6.99e-07
JAJ75171.1	N/A	6.99e-07
JAQ42449.1	N/A	7.00e-07
JAJ64852.1	N/A	7.05e-07
SBQ84558.1	N/A	7.13e-07
SBQ35193.1	N/A	7.14e-07
JAQ88988.1	N/A	7.27e-07
JAM57608.1	N/A	7.59e-07
SBP17786.1	N/A	7.63e-07
JAK46951.1	N/A	7.65e-07
SBP16423.1	N/A	7.68e-07
SBQ42732.1	N/A	7.73e-07
MBY80350.1	N/A	7.95e-07
JAN03391.1	N/A	8.12e-07
JAM69043.1	N/A	8.24e-07
SBR21269.1	N/A	8.53e-07
SBP33897.1	N/A	8.63e-07
JAG37572.1	N/A	8.64e-07
SBP35110.1	N/A	8.81e-07
JAK35019.1	N/A	8.95e-07
JAM99740.1	N/A	8.98e-07
JAM99740.1	N/A	2.53e-06
JAQ14963.1	N/A	8.99e-07
SBP79639.1	N/A	9.02e-07
SBP61106.1	N/A	9.06e-07
SBP11618.1	N/A	9.21e-07
JAB88366.1	N/A	9.36e-07
JAJ55410.1	N/A	9.72e-07
JAN65657.1	N/A	9.90e-07
MBY78395.1	N/A	9.92e-07
JAN32654.1	N/A	9.94e-07
JAJ62962.1	N/A	1.01e-06
MBY75002.1	N/A	1.01e-06
JAQ24250.1	N/A	1.02e-06
MBY77808.1	N/A	1.02e-06
SBP20046.1	N/A	1.04e-06
JAL30537.1	N/A	1.04e-06
HCZ83716.1	N/A	1.07e-06
SBQ53475.1	N/A	1.07e-06
SBP35501.1	N/A	1.08e-06
SBP40770.1	N/A	1.08e-06
JAJ52705.1	N/A	1.09e-06
JAI49463.1	N/A	1.11e-06
JAM57563.1	N/A	1.14e-06
JAS22051.1	N/A	1.14e-06
SBP02561.1	N/A	1.16e-06
JAC47857.1	N/A	1.18e-06
JAI50335.1	N/A	1.19e-06
JAL89513.1	N/A	1.22e-06
JAC00469.1	N/A	1.23e-06
JAL42298.1	N/A	1.25e-06
SBP48336.1	N/A	1.27e-06
JAK81505.1	N/A	1.28e-06
SBP62933.1	N/A	1.29e-06
JAI73657.1	N/A	1.29e-06
SBR85071.1	N/A	1.29e-06
JAM53150.1	N/A	1.29e-06
JAB73895.1	N/A	1.30e-06
SBQ96289.1	N/A	1.30e-06
SBQ58519.1	N/A	1.32e-06
JAR64886.1	N/A	1.32e-06
JAG75790.1	N/A	1.33e-06
AFP02247.1	N/A	1.33e-06
SBQ54973.1	N/A	1.34e-06
JAB56256.1	N/A	1.34e-06
SBR57475.1	N/A	1.35e-06
JAN47594.1	N/A	1.40e-06
JAJ23527.1	N/A	1.42e-06
MBY04201.1	N/A	1.42e-06
JAM95344.1	N/A	1.44e-06
JAJ08458.1	N/A	1.44e-06
SBR58457.1	N/A	1.45e-06
MBY73807.1	N/A	1.45e-06
JAN62822.1	N/A	1.46e-06
JAB89795.1	N/A	1.47e-06
MDE46704.1	N/A	1.49e-06
MBY72660.1	N/A	1.49e-06
MOS14411.1	N/A	1.50e-06
SBR40454.1	N/A	1.52e-06
MBY09253.1	N/A	1.63e-06
JAV19226.1	N/A	1.68e-06
HDC32928.1	N/A	1.69e-06
MOS16729.1	N/A	1.70e-06
JAN20893.1	N/A	1.70e-06
JAB57007.1	N/A	1.71e-06
JAR70742.1	N/A	1.74e-06
AFE78450.1	N/A	1.75e-06
JAD12469.1	N/A	1.77e-06
JAT37308.1	N/A	1.77e-06
JAL02797.1	N/A	1.80e-06
JAO01936.1	N/A	1.82e-06
JAM55918.1	N/A	1.85e-06
JAD12558.1	N/A	1.85e-06
JAL77220.1	N/A	1.86e-06
SBQ55748.1	N/A	1.86e-06
LAC41074.1	N/A	1.90e-06
JAO48046.1	N/A	1.90e-06
JAJ08464.1	N/A	1.90e-06
HDA47229.1	N/A	1.92e-06
HCZ74555.1	N/A	1.95e-06
HDA50744.1	N/A	1.97e-06
JAM41990.1	N/A	1.99e-06
JAJ39308.1	N/A	2.00e-06
JAL08079.1	N/A	2.02e-06
JAB94801.1	N/A	2.05e-06
MOS19237.1	N/A	2.05e-06
JAK85859.1	N/A	2.06e-06
JAJ02312.1	N/A	2.11e-06
JAT99848.1	N/A	2.12e-06
JAA06735.1	N/A	2.13e-06
JAJ48118.1	N/A	2.14e-06
JAK73960.1	N/A	2.15e-06
JAK58820.1	N/A	2.15e-06
JAK87455.1	N/A	2.15e-06
JAK94647.1	N/A	2.18e-06
JAL58043.1	N/A	2.21e-06
SBP78812.1	N/A	2.22e-06
JAK75613.1	N/A	2.25e-06
JAT80028.1	N/A	2.31e-06
MOS20072.1	N/A	2.32e-06
JAT84928.1	N/A	2.35e-06
JAN29830.1	N/A	2.37e-06
JAV72599.1	N/A	2.40e-06
JAN98195.1	N/A	2.40e-06
JAR34342.1	N/A	2.42e-06
CCP81685.1	N/A	2.43e-06
SBP64410.1	N/A	2.43e-06
JAN75793.1	N/A	2.44e-06
JAR34345.1	N/A	2.44e-06
SBP51844.1	N/A	2.45e-06
JAM06471.1	N/A	2.47e-06
SBS59359.1	N/A	2.49e-06
JAL66180.1	N/A	2.50e-06
MBY09549.1	N/A	2.52e-06
JAM35328.1	N/A	2.54e-06
JAL49753.1	N/A	2.55e-06
JAJ18644.1	N/A	2.55e-06
JAL71482.1	N/A	2.55e-06
JAS92172.1	N/A	2.56e-06
JAC36151.1	N/A	2.59e-06
JAN68776.1	N/A	2.61e-06
SBP50096.1	N/A	2.62e-06
JAI66271.1	N/A	2.65e-06
JAR34346.1	N/A	2.66e-06
JAR52590.1	N/A	2.67e-06
JAC39471.1	N/A	2.68e-06
JAN27967.1	N/A	2.69e-06
MOS18279.1	N/A	2.70e-06
JAN04634.1	N/A	2.71e-06
JAN07790.1	N/A	2.72e-06
JAO05868.1	N/A	2.73e-06
JAB21249.1	N/A	2.74e-06
JAI85784.1	N/A	2.74e-06
JAN75262.1	N/A	2.75e-06
JAK04280.1	N/A	2.75e-06
SBS08506.1	N/A	2.78e-06
SBQ88385.1	N/A	2.80e-06
SBP32588.1	N/A	2.82e-06
JAR52589.1	N/A	2.83e-06
JAB05614.1	N/A	2.87e-06
JAC35753.1	N/A	2.88e-06
LAB20864.1	N/A	2.90e-06
JAM92150.1	N/A	2.95e-06
JAK70112.1	N/A	2.96e-06
JAP84627.1	N/A	2.97e-06
SBP62105.1	N/A	2.98e-06
JAK57975.1	N/A	3.03e-06
JAM48252.1	N/A	3.04e-06
AFO95143.1	N/A	3.10e-06
JAL83636.1	N/A	3.11e-06
MOS19138.1	N/A	3.14e-06
MOS13216.1	N/A	3.17e-06
HCZ74934.1	N/A	3.27e-06
SBP14306.1	N/A	3.32e-06
JAJ77748.1	N/A	3.44e-06
JAM32789.1	N/A	3.46e-06
SBS19572.1	N/A	3.51e-06
JAR82184.1	N/A	3.57e-06
JAL82961.1	N/A	3.58e-06
JAN57017.1	N/A	3.60e-06
SBQ59952.1	N/A	3.66e-06
JAG77606.1	N/A	3.67e-06
JAL44397.1	N/A	3.69e-06
JAL65995.1	N/A	3.72e-06
JAC04214.1	N/A	3.72e-06
MOS18872.1	N/A	3.74e-06
JAR34344.1	N/A	3.76e-06
JAN45267.1	N/A	3.76e-06
MOS16190.1	N/A	3.80e-06
LAB20879.1	N/A	3.85e-06
LAB20879.1	N/A	3.85e-06
MOS18939.1	N/A	3.93e-06
JAK38894.1	N/A	3.97e-06
SBP52160.1	N/A	3.98e-06
NBJ58315.1	N/A	4.00e-06
JAR34343.1	N/A	4.02e-06
SBR41207.1	N/A	4.09e-06
JAM53754.1	N/A	4.19e-06
JAQ30954.1	N/A	4.32e-06
MOS16535.1	N/A	4.32e-06
CCP84381.1	N/A	4.35e-06
SBR53031.1	N/A	4.36e-06
JAB15881.1	N/A	4.42e-06
JAI85882.1	N/A	4.42e-06
JAN56459.1	N/A	4.44e-06
HDB02765.1	N/A	4.46e-06
JAB36611.1	N/A	4.47e-06
JAS55337.1	N/A	4.48e-06
HDB30562.1	N/A	4.53e-06
CDG71461.1	N/A	4.53e-06
JAR48424.1	N/A	4.56e-06
MOS17498.1	N/A	4.62e-06
JAM30662.1	N/A	4.64e-06
JAS62588.1	N/A	4.86e-06
JAR22761.1	N/A	4.96e-06
JAM19773.1	N/A	5.09e-06
HDB29001.1	N/A	5.11e-06
JAI93335.1	N/A	5.15e-06
SBQ44473.1	N/A	5.18e-06
JAJ73703.1	N/A	5.20e-06
SBP62836.1	N/A	5.22e-06
JAJ22189.1	N/A	5.26e-06
JAB69419.1	N/A	5.27e-06
HDB66889.1	N/A	5.28e-06
JAL14495.1	N/A	5.30e-06
JAJ23481.1	N/A	5.32e-06
HDC53065.1	N/A	5.35e-06
SBS12417.1	N/A	5.36e-06
JAC59324.1	N/A	5.44e-06
SBQ98857.1	N/A	5.45e-06
JAK19380.1	N/A	5.48e-06
CDG71059.1	N/A	5.64e-06
JAR74794.1	N/A	5.84e-06
JAN88803.1	N/A	6.18e-06
MBY74831.1	N/A	6.31e-06
SBS06969.1	N/A	6.40e-06
SBR83072.1	N/A	6.42e-06
JAV06617.1	N/A	6.51e-06
SBP44379.1	N/A	6.56e-06
HDB44571.1	N/A	6.73e-06
JAN28432.1	N/A	6.75e-06
HDB42719.1	N/A	6.80e-06
JAQ36031.1	N/A	6.93e-06
JAN31237.1	N/A	7.05e-06
JAJ13456.1	N/A	7.07e-06
JAC02577.1	N/A	7.13e-06
JAO02843.1	N/A	7.16e-06
HDB73378.1	N/A	7.18e-06
CDW21666.1	N/A	7.40e-06
JAK93096.1	N/A	7.51e-06
SBP48017.1	N/A	7.56e-06
JAN00545.1	N/A	7.56e-06
JAV06676.1	N/A	7.72e-06
JAM42133.1	N/A	7.73e-06
ADY45970.1	N/A	7.77e-06
JAJ06006.1	N/A	7.83e-06
JAL38849.1	N/A	8.00e-06
MOS18845.1	N/A	8.14e-06
SBP70920.1	N/A	8.25e-06
SBR53839.1	N/A	8.30e-06
JAL42200.1	N/A	8.35e-06
JAG78860.1	N/A	8.44e-06
AHH40166.1	N/A	8.48e-06
JAI92038.1	N/A	8.63e-06
JAO85817.1	N/A	8.84e-06
SBQ47826.1	N/A	8.85e-06
JAT35454.1	N/A	9.01e-06
JAR85991.1	N/A	9.08e-06
JAC84969.1	N/A	9.15e-06
JAS10073.1	N/A	9.16e-06
JAN91016.1	N/A	9.17e-06
JAL40088.1	N/A	9.26e-06
SBP11040.1	N/A	9.30e-06
JAB25148.1	N/A	9.34e-06
JAN96526.1	N/A	9.48e-06
MOS17866.1	N/A	9.49e-06
JAJ69517.1	N/A	9.53e-06
SBP55073.1	N/A	9.60e-06
SBP05655.1	N/A	9.84e-06
SBS06762.1	N/A	9.86e-06
JAJ63716.1	N/A	9.98e-06
SBQ51955.1	N/A	1.02e-05
JAA53785.1	N/A	1.03e-05
JAG27478.1	N/A	1.03e-05
HDA55003.1	N/A	1.04e-05
SBR49400.1	N/A	1.04e-05
SBQ95323.1	N/A	1.05e-05
JAM40415.1	N/A	1.06e-05
HDB47173.1	N/A	1.06e-05
SBS41413.1	N/A	1.07e-05
CCP87310.1	N/A	1.08e-05
JAJ58363.1	N/A	1.08e-05
JAR11381.1	N/A	1.09e-05
JAG73191.1	N/A	1.09e-05
JAK36879.1	N/A	1.10e-05
HCZ81493.1	N/A	1.10e-05
SBP01414.1	N/A	1.10e-05
JAQ56577.1	N/A	1.11e-05
JAN64212.1	N/A	1.11e-05
JAJ36205.1	N/A	1.12e-05
HDA50919.1	N/A	1.12e-05
HDB33137.1	N/A	1.12e-05
JAM19538.1	N/A	1.14e-05
SBQ34827.1	N/A	1.14e-05
JAL79730.1	N/A	1.14e-05
JAN15946.1	N/A	1.15e-05
JAL15399.1	N/A	1.16e-05
SBP82249.1	N/A	1.16e-05
SBQ91352.1	N/A	1.18e-05
JAI59581.1	N/A	1.20e-05
SBP45430.1	N/A	1.21e-05
JAO85816.1	N/A	1.21e-05
SBQ56326.1	N/A	1.22e-05
HDC72307.1	N/A	1.22e-05
JAC17791.1	N/A	1.23e-05
SBR57879.1	N/A	1.23e-05
SBP55463.1	N/A	1.24e-05
JAC57898.1	N/A	1.25e-05
SBR74029.1	N/A	1.27e-05
JAN92060.1	N/A	1.27e-05
AHH38087.1	N/A	1.31e-05
SBP84414.1	N/A	1.31e-05
JAV06785.1	N/A	1.34e-05
MOS17400.1	N/A	1.35e-05
JAJ69516.1	N/A	1.35e-05
SBP52027.1	N/A	1.36e-05
JAK74277.1	N/A	1.40e-05
JAO02217.1	N/A	1.40e-05
AFE70091.1	N/A	1.40e-05
JAG79040.1	N/A	1.42e-05
HDC48552.1	N/A	1.42e-05
AFJ70347.1	N/A	1.42e-05
JAK93097.1	N/A	1.43e-05
NBJ58977.1	N/A	1.44e-05
JAJ13457.1	N/A	1.46e-05
SBS47974.1	N/A	1.49e-05
JAI63768.1	N/A	1.51e-05
SBR67401.1	N/A	1.52e-05
JAM92898.1	N/A	1.53e-05
JAN96487.1	N/A	1.54e-05
JAM31536.1	N/A	1.54e-05
JAB57006.1	N/A	1.54e-05
JAS39693.1	N/A	1.56e-05
JAO93039.1	N/A	1.56e-05
MBX92091.1	N/A	1.56e-05
SBQ57781.1	N/A	1.57e-05
SBR09359.1	N/A	1.61e-05
JAJ06544.1	N/A	1.62e-05
JAO55338.1	N/A	1.62e-05
JAN12393.1	N/A	1.63e-05
SBQ55920.1	N/A	1.64e-05
JAG78599.1	N/A	1.68e-05
SBP20921.1	N/A	1.70e-05
JAQ78274.1	N/A	1.70e-05
JAS05707.1	N/A	1.72e-05
SBR57044.1	N/A	1.72e-05
HCZ89114.1	N/A	1.74e-05
JAT37595.1	N/A	1.75e-05
JAM39386.1	N/A	1.80e-05
JAV36860.1	N/A	1.81e-05
JAG03839.1	N/A	1.86e-05
AHH40985.1	N/A	1.89e-05
HCZ83796.1	N/A	1.90e-05
HDA81127.1	N/A	1.92e-05
SBS01119.1	N/A	1.93e-05
JAM84906.1	N/A	1.94e-05
JAO85815.1	N/A	1.96e-05
JAM76452.1	N/A	1.97e-05
JAJ49156.1	N/A	1.98e-05
HDB74108.1	N/A	1.99e-05
MOS18716.1	N/A	2.02e-05
JAJ13458.1	N/A	2.02e-05
MBW14700.1	N/A	2.10e-05
JAR74413.1	N/A	2.12e-05
JAI47595.1	N/A	2.17e-05
JAV06630.1	N/A	2.18e-05
JAT13715.1	N/A	2.24e-05
SBQ93573.1	N/A	2.25e-05
AFE74962.1	N/A	2.27e-05
JAO57393.1	N/A	2.32e-05
JAJ02089.1	N/A	2.32e-05
SBP24994.1	N/A	2.32e-05
SBP43955.1	N/A	2.33e-05
JAN15858.1	N/A	2.37e-05
MBW19883.1	N/A	2.38e-05
SBP85103.1	N/A	2.41e-05
JAC04158.1	N/A	2.44e-05
JAB95869.1	N/A	2.48e-05
JAN89619.1	N/A	2.51e-05
JAR49723.1	N/A	2.54e-05
JAJ24609.1	N/A	2.57e-05
JAK47809.1	N/A	2.58e-05
HCZ79800.1	N/A	2.62e-05
MBW66928.1	N/A	2.65e-05
SBR95654.1	N/A	2.66e-05
JAD07974.1	N/A	2.67e-05
SBS42188.1	N/A	2.67e-05
JAL93581.1	N/A	2.69e-05
JAW06057.1	N/A	2.73e-05
MOS07634.1	N/A	2.80e-05
JAS12641.1	N/A	2.81e-05
JAR80398.1	N/A	2.81e-05
JAQ98063.1	N/A	2.82e-05
CDG67423.1	N/A	2.83e-05
JAI84531.1	N/A	2.89e-05
JAQ54769.1	N/A	2.94e-05
SBP12267.1	N/A	2.97e-05
SBR43585.1	N/A	2.98e-05
MBY05703.1	N/A	2.99e-05
MBY78570.1	N/A	3.03e-05
MOS16365.1	N/A	3.09e-05
SBR26877.1	N/A	3.09e-05
JAR81482.1	N/A	3.10e-05
JAI19881.1	N/A	3.11e-05
MOS09006.1	N/A	3.12e-05
JAI93336.1	N/A	3.12e-05
JAI55604.1	N/A	3.13e-05
JAV37304.1	N/A	3.15e-05
MBW14960.1	N/A	3.15e-05
JAB90234.1	N/A	3.18e-05
JAI84535.1	N/A	3.26e-05
SBR77023.1	N/A	3.30e-05
MBY29445.1	N/A	3.41e-05
MOS15707.1	N/A	3.51e-05
JAI22630.1	N/A	3.52e-05
JAK46166.1	N/A	3.58e-05
HDB37449.1	N/A	3.59e-05
JAJ36937.1	N/A	3.69e-05
JAJ71263.1	N/A	3.74e-05
MOS17181.1	N/A	3.78e-05
JAR60860.1	N/A	3.78e-05
SBP18445.1	N/A	3.80e-05
JAI84533.1	N/A	3.81e-05
JAR74414.1	N/A	3.83e-05
JAQ82142.1	N/A	3.84e-05
MBW15491.1	N/A	3.87e-05
JAJ47662.1	N/A	3.87e-05
SBP45269.1	N/A	3.89e-05
MDE50561.1	N/A	3.90e-05
MOS20514.1	N/A	3.92e-05
JAQ37290.1	N/A	3.97e-05
SBP74070.1	N/A	3.97e-05
SBP27320.1	N/A	4.04e-05
SBQ65019.1	N/A	4.12e-05
JAR75777.1	N/A	4.13e-05
JAI23169.1	N/A	4.16e-05
MBW14716.1	N/A	4.18e-05
SBP27079.1	N/A	4.32e-05
SBQ80219.1	N/A	4.33e-05
JAQ81115.1	N/A	4.36e-05
JAV33314.1	N/A	4.45e-05
JAJ71264.1	N/A	4.45e-05
JAG13559.1	N/A	4.52e-05
MOS18101.1	N/A	4.57e-05
JAI27639.1	N/A	4.58e-05
MBY13284.1	N/A	4.62e-05
JAI50577.1	N/A	4.67e-05
JAL93616.1	N/A	4.69e-05
HDB72995.1	N/A	4.70e-05
JAN18008.1	N/A	4.74e-05
SBP01490.1	N/A	4.76e-05
SBR43105.1	N/A	4.84e-05
JAG84498.1	N/A	4.87e-05
