JAR75706.1	N/A	1.79e-178
JAQ49601.1	N/A	6.35e-141
JAQ41277.1	N/A	1.21e-130
SBP08352.1	N/A	4.45e-113
JAR81055.1	N/A	1.06e-80
JAR72590.1	N/A	2.54e-80
JAQ69592.1	N/A	4.18e-80
JAR48421.1	N/A	6.10e-80
JAR48423.1	N/A	2.25e-79
SBP02967.1	N/A	1.99e-77
JAR48426.1	N/A	5.62e-77
SBP58898.1	N/A	6.08e-77
JAR48422.1	N/A	8.36e-77
JAR81056.1	N/A	8.51e-77
JAR84058.1	N/A	2.09e-76
SBQ98945.1	N/A	2.85e-74
SBP42303.1	N/A	2.05e-72
JAR68856.1	N/A	5.15e-72
SBP21394.1	N/A	4.74e-69
JAQ51415.1	N/A	5.95e-68
SBP02319.1	N/A	6.57e-68
SBR90915.1	N/A	2.95e-67
SBP36176.1	N/A	4.03e-67
SBR29851.1	N/A	5.88e-67
JAR48425.1	N/A	7.71e-67
SBQ61256.1	N/A	1.39e-65
AFP03346.1	N/A	1.87e-65
AHH38320.1	N/A	4.87e-65
SBR72480.1	N/A	5.61e-65
SBP62961.1	N/A	8.33e-64
SBR45648.1	N/A	1.22e-63
JAR75773.1	N/A	1.11e-61
SBP11492.1	N/A	1.19e-61
JAR82907.1	N/A	1.50e-61
SBR72280.1	N/A	2.25e-61
JAO38469.1	N/A	4.68e-61
SBP74534.1	N/A	5.96e-61
SBP06641.1	N/A	6.05e-61
SBP49411.1	N/A	1.15e-60
SBS44971.1	N/A	4.19e-60
SBQ63459.1	N/A	5.05e-60
SBR55865.1	N/A	7.76e-60
JAR40177.1	N/A	1.13e-59
SBP57860.1	N/A	1.15e-59
JAR70852.1	N/A	1.06e-57
SBP12009.1	N/A	3.97e-57
SBQ72852.1	N/A	1.56e-56
SBQ85946.1	N/A	2.19e-56
JAR77431.1	N/A	3.46e-56
SBP48703.1	N/A	5.03e-56
JAQ25965.1	N/A	5.44e-56
JAO51209.1	N/A	1.10e-55
SBP09586.1	N/A	1.21e-54
JAR74781.1	N/A	8.12e-54
JAQ89326.1	N/A	1.47e-53
AFP08959.1	N/A	2.03e-52
JAO79896.1	N/A	6.77e-51
SBP39322.1	N/A	1.82e-50
JAR53933.1	N/A	2.47e-50
SBP81901.1	N/A	9.64e-50
SBS48935.1	N/A	4.99e-49
JAR28520.1	N/A	2.02e-46
JAO05428.1	N/A	3.09e-46
SBS49666.1	N/A	4.06e-46
SBP78340.1	N/A	1.04e-44
AFP10374.1	N/A	1.97e-44
JAG63746.1	N/A	6.63e-43
SBQ51727.1	N/A	7.64e-43
JAO94806.1	N/A	1.17e-42
JAO94805.1	N/A	1.82e-42
AFE71204.1	N/A	2.73e-42
SBP54092.1	N/A	2.89e-42
SBP76486.1	N/A	2.89e-42
SBR48819.1	N/A	3.28e-42
SBR05708.1	N/A	3.76e-42
SBQ56083.1	N/A	4.25e-42
SBS43728.1	N/A	4.68e-42
JAC15687.1	N/A	4.99e-42
JAO94804.1	N/A	1.51e-41
SBP19876.1	N/A	1.76e-41
SBR96488.1	N/A	2.06e-41
JAO55550.1	N/A	2.16e-41
JAO05522.1	N/A	2.36e-41
JAQ45934.1	N/A	5.07e-41
JAR66174.1	N/A	6.65e-41
JAI59574.1	N/A	7.16e-41
JAA08345.1	N/A	7.94e-41
JAB24935.1	N/A	8.76e-40
MBY78844.1	N/A	9.71e-40
JAQ26548.1	N/A	7.11e-39
MBW16784.1	N/A	8.34e-39
JAR75719.1	N/A	9.07e-39
JAR72899.1	N/A	1.10e-38
MBY30570.1	N/A	4.07e-38
JAR22761.1	N/A	6.15e-38
JAR17197.1	N/A	5.28e-37
HCZ76028.1	N/A	9.87e-37
HDA47995.1	N/A	1.17e-36
JAS20427.1	N/A	2.29e-36
MOS16714.1	N/A	6.87e-36
SBP28903.1	N/A	9.10e-36
AHH38144.1	N/A	1.42e-35
SBS05216.1	N/A	1.77e-35
SBP43195.1	N/A	2.78e-35
JAR85840.1	N/A	3.06e-35
SBS42146.1	N/A	6.29e-35
AFM75824.1	N/A	7.66e-35
JAI59576.1	N/A	8.90e-35
SBQ90499.1	N/A	9.51e-35
AFM43712.1	N/A	1.05e-34
SBR48231.1	N/A	1.11e-34
JAR48424.1	N/A	1.31e-34
HCZ74993.1	N/A	1.94e-34
AFM43710.1	N/A	2.50e-34
JAR80542.1	N/A	4.61e-34
SBQ89366.1	N/A	6.24e-34
AFM43711.1	N/A	8.91e-34
HDB63590.1	N/A	1.70e-33
HDB63584.1	N/A	2.09e-33
JAR45430.1	N/A	3.08e-33
JAR45428.1	N/A	4.07e-33
SBP50041.1	N/A	6.01e-33
SBS57368.1	N/A	7.20e-33
HDB63591.1	N/A	9.23e-33
JAR45431.1	N/A	1.11e-32
HDB63585.1	N/A	1.16e-32
HDC65553.1	N/A	1.26e-32
SBP56639.1	N/A	1.53e-32
HDC65551.1	N/A	1.56e-32
JAR45429.1	N/A	1.68e-32
JAQ68656.1	N/A	1.72e-32
JAR69803.1	N/A	2.34e-32
SBP04289.1	N/A	2.63e-32
JAQ59849.1	N/A	2.75e-32
JAQ57895.1	N/A	2.98e-32
JAR79968.1	N/A	7.41e-32
JAR19746.1	N/A	7.90e-32
SBR42733.1	N/A	8.84e-32
AFM75825.1	N/A	1.07e-31
JAR50433.1	N/A	1.29e-31
HDC65068.1	N/A	1.43e-31
SBS18068.1	N/A	1.80e-31
JAI57196.1	N/A	2.89e-31
HDB63589.1	N/A	4.33e-31
HDB63583.1	N/A	5.00e-31
HDB64714.1	N/A	5.00e-31
JAR19745.1	N/A	7.59e-31
JAA92594.1	N/A	3.17e-30
HDC65552.1	N/A	3.54e-30
AFP59838.1	N/A	3.69e-30
SBQ82257.1	N/A	3.74e-30
MOS16298.1	N/A	4.27e-30
JAM40627.1	N/A	4.62e-30
MBW21003.1	N/A	1.38e-29
JAL02807.1	N/A	2.96e-29
JAB57557.1	N/A	3.63e-29
MBW21010.1	N/A	3.76e-29
HDB64174.1	N/A	3.91e-29
HDB62725.1	N/A	4.12e-29
HDB74364.1	N/A	4.12e-29
JAN15954.1	N/A	4.19e-29
JAN58431.1	N/A	4.20e-29
HDB64715.1	N/A	4.25e-29
JAK34383.1	N/A	4.27e-29
HDC63848.1	N/A	4.29e-29
JAK33232.1	N/A	4.34e-29
HDC63852.1	N/A	4.70e-29
AFP12982.1	N/A	6.15e-29
CDW39655.1	N/A	6.21e-29
HDC63850.1	N/A	6.39e-29
JAJ08459.1	N/A	6.62e-29
MBW55671.1	N/A	6.84e-29
MBW55670.1	N/A	7.42e-29
HDC63854.1	N/A	7.75e-29
HDC63855.1	N/A	7.83e-29
HDB65249.1	N/A	8.28e-29
MBW34161.1	N/A	9.42e-29
HDB62778.1	N/A	1.00e-28
JAL15930.1	N/A	1.00e-28
MBW55669.1	N/A	1.02e-28
JAI59577.1	N/A	1.04e-28
HDB63646.1	N/A	1.09e-28
JAA98494.1	N/A	1.10e-28
MBW68602.1	N/A	1.11e-28
HDB62774.1	N/A	1.12e-28
HDB62776.1	N/A	1.16e-28
JAL96502.1	N/A	1.18e-28
HDB63645.1	N/A	1.19e-28
HDB62772.1	N/A	1.21e-28
HDA51136.1	N/A	1.29e-28
JAJ48301.1	N/A	1.33e-28
HDB63644.1	N/A	1.39e-28
HDB61413.1	N/A	1.44e-28
MBW33964.1	N/A	1.55e-28
HDC65079.1	N/A	1.56e-28
JAO94655.1	N/A	1.59e-28
JAL84907.1	N/A	1.69e-28
HDC65080.1	N/A	1.70e-28
HDB61411.1	N/A	1.70e-28
JAL82809.1	N/A	1.77e-28
JAL62785.1	N/A	1.94e-28
JAN56155.1	N/A	1.99e-28
MBW33959.1	N/A	2.15e-28
MBW70498.1	N/A	2.23e-28
HDB63588.1	N/A	2.43e-28
HDB63649.1	N/A	2.47e-28
HDB66374.1	N/A	2.70e-28
JAK59004.1	N/A	2.72e-28
HDB64301.1	N/A	2.74e-28
JAL15935.1	N/A	2.87e-28
MBY23440.1	N/A	2.98e-28
JAD12545.1	N/A	3.00e-28
JAB57387.1	N/A	3.12e-28
JAM43306.1	N/A	3.15e-28
HDB62770.1	N/A	3.24e-28
HDB61409.1	N/A	3.43e-28
HDB61407.1	N/A	3.44e-28
JAB00544.1	N/A	3.55e-28
HDB63636.1	N/A	3.60e-28
HDB62766.1	N/A	3.68e-28
JAL15934.1	N/A	3.76e-28
HDB62764.1	N/A	3.77e-28
HDB63635.1	N/A	3.81e-28
JAJ48300.1	N/A	3.97e-28
JAM83545.1	N/A	4.03e-28
HDB63641.1	N/A	4.03e-28
JAJ49159.1	N/A	4.10e-28
HDB63643.1	N/A	4.11e-28
HDB65244.1	N/A	4.25e-28
JAK99850.1	N/A	4.35e-28
HDC63811.1	N/A	4.49e-28
HDB62777.1	N/A	4.51e-28
HDB63637.1	N/A	4.60e-28
HDB62768.1	N/A	4.60e-28
HDB63642.1	N/A	4.63e-28
HDB62762.1	N/A	4.63e-28
HDB64299.1	N/A	4.68e-28
HDB65251.1	N/A	4.85e-28
HDB62758.1	N/A	5.04e-28
JAL13332.1	N/A	5.17e-28
JAM45598.1	N/A	5.18e-28
JAM22114.1	N/A	5.24e-28
HDB64295.1	N/A	5.25e-28
JAK96952.1	N/A	5.30e-28
HDC63812.1	N/A	5.31e-28
HDC63815.1	N/A	5.33e-28
JAJ49162.1	N/A	5.44e-28
HDB63627.1	N/A	5.47e-28
HDB63626.1	N/A	5.50e-28
HDB62756.1	N/A	5.56e-28
HDB64294.1	N/A	5.79e-28
JAM36147.1	N/A	5.81e-28
HDB66377.1	N/A	5.91e-28
JAR34304.1	N/A	5.96e-28
JAL96456.1	N/A	5.96e-28
JAN18937.1	N/A	6.21e-28
HDB63628.1	N/A	6.44e-28
JAM03714.1	N/A	6.60e-28
HDB62760.1	N/A	6.64e-28
HDB61418.1	N/A	6.74e-28
JAL77161.1	N/A	6.91e-28
JAJ49160.1	N/A	6.97e-28
JAK94546.1	N/A	7.04e-28
JAL99113.1	N/A	7.12e-28
JAN30481.1	N/A	8.12e-28
CDW40350.1	N/A	8.18e-28
HDB64818.1	N/A	8.18e-28
HDB64819.1	N/A	8.22e-28
JAN56157.1	N/A	8.31e-28
HDC62840.1	N/A	8.35e-28
HDC65078.1	N/A	8.48e-28
HDB66379.1	N/A	8.69e-28
JAL41176.1	N/A	8.71e-28
HDB63640.1	N/A	8.92e-28
JAL57183.1	N/A	8.93e-28
JAJ49161.1	N/A	9.08e-28
HDB66371.1	N/A	9.10e-28
JAL41132.1	N/A	9.23e-28
JAL30536.1	N/A	9.26e-28
JAK29918.1	N/A	9.40e-28
HDB66378.1	N/A	9.57e-28
HDB69895.1	N/A	9.77e-28
HDB66376.1	N/A	9.82e-28
HDB66372.1	N/A	9.92e-28
HDB66370.1	N/A	1.04e-27
HDC65289.1	N/A	1.07e-27
HDB68732.1	N/A	1.09e-27
HDC63809.1	N/A	1.11e-27
JAN33073.1	N/A	1.13e-27
HDC62837.1	N/A	1.14e-27
JAL19125.1	N/A	1.15e-27
HDC62850.1	N/A	1.17e-27
HDC64320.1	N/A	1.20e-27
HDC62836.1	N/A	1.22e-27
JAM91983.1	N/A	1.25e-27
HDC63810.1	N/A	1.26e-27
JAI96661.1	N/A	1.27e-27
JAL99112.1	N/A	1.28e-27
HDC62839.1	N/A	1.31e-27
JAK80040.1	N/A	1.31e-27
HDC64318.1	N/A	1.31e-27
HDC64319.1	N/A	1.35e-27
HDC62849.1	N/A	1.37e-27
JAI43425.1	N/A	1.41e-27
JAL84908.1	N/A	1.41e-27
HDC62835.1	N/A	1.43e-27
HDB63633.1	N/A	1.43e-27
HDC62844.1	N/A	1.44e-27
HDB67715.1	N/A	1.46e-27
HDB64305.1	N/A	1.48e-27
HDB63634.1	N/A	1.48e-27
JAJ41227.1	N/A	1.48e-27
HDB63631.1	N/A	1.50e-27
HDA49190.1	N/A	1.51e-27
JAN53204.1	N/A	1.51e-27
JAN57799.1	N/A	1.52e-27
HDB61414.1	N/A	1.52e-27
JAK84650.1	N/A	1.52e-27
HDB63632.1	N/A	1.54e-27
HDB61416.1	N/A	1.56e-27
JAM27058.1	N/A	1.57e-27
SBR68614.1	N/A	1.57e-27
HDC64324.1	N/A	1.57e-27
HDB62769.1	N/A	1.58e-27
JAK96953.1	N/A	1.58e-27
JAM83149.1	N/A	1.59e-27
JAC58189.1	N/A	1.61e-27
JAM58867.1	N/A	1.69e-27
HDC64323.1	N/A	1.71e-27
HDB64820.1	N/A	1.73e-27
JAN23877.1	N/A	1.73e-27
HDC62838.1	N/A	1.74e-27
HDC64322.1	N/A	1.74e-27
HDC63813.1	N/A	1.83e-27
HDB63625.1	N/A	1.83e-27
HDC62847.1	N/A	1.93e-27
HDC62843.1	N/A	1.95e-27
JAN77298.1	N/A	1.96e-27
HDC62842.1	N/A	1.97e-27
JAN66929.1	N/A	1.99e-27
JAK69104.1	N/A	2.05e-27
HDB63624.1	N/A	2.10e-27
HDC62834.1	N/A	2.13e-27
HDC62848.1	N/A	2.13e-27
JAL43186.1	N/A	2.15e-27
HDB66375.1	N/A	2.17e-27
HDB63623.1	N/A	2.29e-27
HDB62761.1	N/A	2.32e-27
HDC62852.1	N/A	2.39e-27
HDB64303.1	N/A	2.40e-27
HDC62846.1	N/A	2.41e-27
HDA51800.1	N/A	2.45e-27
HDC65077.1	N/A	2.51e-27
HDC63816.1	N/A	2.53e-27
HDC65287.1	N/A	2.55e-27
HDC62853.1	N/A	2.63e-27
HDB65246.1	N/A	2.72e-27
HDB64816.1	N/A	2.75e-27
JAK79099.1	N/A	2.96e-27
HDB64817.1	N/A	3.00e-27
JAK40072.1	N/A	3.12e-27
JAN86704.1	N/A	3.19e-27
HDB64824.1	N/A	3.34e-27
HDB64815.1	N/A	3.48e-27
HDB64814.1	N/A	3.64e-27
HDB67720.1	N/A	3.64e-27
HDB61491.1	N/A	3.65e-27
HDB67718.1	N/A	3.72e-27
HDB61494.1	N/A	3.77e-27
HDC65067.1	N/A	3.77e-27
JAK81555.1	N/A	3.78e-27
JAK79097.1	N/A	3.82e-27
JAM02014.1	N/A	3.86e-27
HDC62845.1	N/A	3.88e-27
HDB64823.1	N/A	3.91e-27
HDC62851.1	N/A	4.00e-27
HDB61492.1	N/A	4.04e-27
JAL30538.1	N/A	4.15e-27
HDB61493.1	N/A	4.17e-27
JAM87448.1	N/A	4.27e-27
HDB67719.1	N/A	4.31e-27
JAK73500.1	N/A	4.39e-27
JAK19572.1	N/A	4.44e-27
JAK79098.1	N/A	4.45e-27
HDB61497.1	N/A	5.00e-27
HDB61495.1	N/A	5.05e-27
JAM22054.1	N/A	5.06e-27
HDB61496.1	N/A	5.15e-27
HCZ86391.1	N/A	5.73e-27
HDC63856.1	N/A	5.82e-27
HDB67717.1	N/A	5.83e-27
MBY20807.1	N/A	5.91e-27
HDC63851.1	N/A	6.12e-27
HDC64321.1	N/A	6.19e-27
JAM22053.1	N/A	6.20e-27
HDB67714.1	N/A	6.20e-27
HDC63853.1	N/A	6.25e-27
HDC64317.1	N/A	6.25e-27
JAN71070.1	N/A	6.47e-27
HDB62723.1	N/A	6.64e-27
HDC63849.1	N/A	6.64e-27
HDB62726.1	N/A	6.84e-27
JAL66035.1	N/A	7.36e-27
HDB68663.1	N/A	7.55e-27
HDC64719.1	N/A	7.79e-27
HDB64825.1	N/A	8.39e-27
HDC64720.1	N/A	8.41e-27
JAG75321.1	N/A	8.70e-27
MOS14528.1	N/A	9.18e-27
HDB63586.1	N/A	1.02e-26
HDC64721.1	N/A	1.06e-26
JAJ57114.1	N/A	1.06e-26
JAG40793.1	N/A	1.14e-26
JAG40794.1	N/A	1.23e-26
JAK41029.1	N/A	1.31e-26
JAC03980.1	N/A	1.41e-26
HDB64821.1	N/A	1.43e-26
JAI86207.1	N/A	1.44e-26
JAK73501.1	N/A	1.45e-26
MBW14918.1	N/A	1.51e-26
HDB64822.1	N/A	1.54e-26
HDC70918.1	N/A	1.56e-26
JAN50805.1	N/A	1.57e-26
JAK78948.1	N/A	1.59e-26
JAN07555.1	N/A	1.67e-26
JAK00519.1	N/A	1.84e-26
JAL43182.1	N/A	1.85e-26
JAV30905.1	N/A	2.00e-26
JAL13486.1	N/A	2.04e-26
HDC65288.1	N/A	2.09e-26
JAN37766.1	N/A	2.11e-26
JAP99012.1	N/A	2.20e-26
HDB73223.1	N/A	2.62e-26
JAM02016.1	N/A	2.81e-26
JAL52168.1	N/A	2.88e-26
JAK48863.1	N/A	2.90e-26
LAB67474.1	N/A	2.92e-26
JAJ52703.1	N/A	2.94e-26
MBY26703.1	N/A	2.95e-26
HDB68731.1	N/A	3.09e-26
JAK72046.1	N/A	3.11e-26
JAK32820.1	N/A	3.11e-26
JAM57600.1	N/A	3.12e-26
HDC64716.1	N/A	3.27e-26
JAM02013.1	N/A	3.46e-26
JAM56146.1	N/A	3.49e-26
SBR87581.1	N/A	3.58e-26
JAD07330.1	N/A	3.73e-26
JAG36235.1	N/A	3.83e-26
HDC64717.1	N/A	3.95e-26
HDC64718.1	N/A	3.95e-26
JAK37763.1	N/A	4.20e-26
JAI68769.1	N/A	4.31e-26
HDC64711.1	N/A	4.34e-26
JAL51641.1	N/A	4.35e-26
JAL38480.1	N/A	4.37e-26
JAR78542.1	N/A	4.41e-26
HDC64713.1	N/A	4.54e-26
JAV31036.1	N/A	4.55e-26
HDC64712.1	N/A	4.64e-26
JAK91191.1	N/A	4.84e-26
JAK70694.1	N/A	4.99e-26
JAM99642.1	N/A	5.20e-26
JAJ04108.1	N/A	5.36e-26
JAJ52759.1	N/A	5.54e-26
JAK72910.1	N/A	5.71e-26
HDB66373.1	N/A	5.78e-26
MBY83018.1	N/A	5.95e-26
JAJ70351.1	N/A	5.98e-26
JAK09824.1	N/A	5.98e-26
JAV30906.1	N/A	6.01e-26
JAL77653.1	N/A	6.31e-26
JAN22166.1	N/A	6.49e-26
JAN45867.1	N/A	6.75e-26
JAK72051.1	N/A	6.89e-26
JAK16466.1	N/A	6.89e-26
JAL31281.1	N/A	6.89e-26
JAJ81404.1	N/A	7.10e-26
JAM38155.1	N/A	7.16e-26
JAL52568.1	N/A	7.39e-26
JAK01383.1	N/A	7.54e-26
JAK70695.1	N/A	8.50e-26
JAL84715.1	N/A	8.98e-26
JAM15560.1	N/A	9.59e-26
JAG03726.1	N/A	9.79e-26
JAK99149.1	N/A	1.01e-25
JAJ52702.1	N/A	1.02e-25
JAK30271.1	N/A	1.04e-25
LAA07964.1	N/A	1.05e-25
JAT39539.1	N/A	1.05e-25
JAM78403.1	N/A	1.12e-25
JAM53755.1	N/A	1.13e-25
JAK89746.1	N/A	1.14e-25
JAJ24459.1	N/A	1.17e-25
JAL96758.1	N/A	1.20e-25
JAM76304.1	N/A	1.21e-25
JAV31037.1	N/A	1.22e-25
HDC64714.1	N/A	1.27e-25
HDB73902.1	N/A	1.31e-25
JAI85661.1	N/A	1.37e-25
JAL74713.1	N/A	1.39e-25
JAN21733.1	N/A	1.41e-25
JAL37181.1	N/A	1.48e-25
JAL37180.1	N/A	1.49e-25
JAK22764.1	N/A	1.51e-25
JAC00790.1	N/A	1.53e-25
JAK72105.1	N/A	1.54e-25
JAK67853.1	N/A	1.54e-25
JAL54072.1	N/A	1.57e-25
JAK61858.1	N/A	1.58e-25
JAJ98214.1	N/A	1.65e-25
HDC64710.1	N/A	1.70e-25
JAK60449.1	N/A	1.74e-25
JAI83060.1	N/A	1.75e-25
JAL07990.1	N/A	1.75e-25
JAM00971.1	N/A	1.79e-25
JAJ62407.1	N/A	1.83e-25
JAK73499.1	N/A	1.89e-25
JAL34280.1	N/A	1.92e-25
JAN30832.1	N/A	1.93e-25
JAL36147.1	N/A	2.04e-25
JAK83095.1	N/A	2.10e-25
JAI98714.1	N/A	2.21e-25
JAK22568.1	N/A	2.32e-25
JAJ03111.1	N/A	2.32e-25
JAK45561.1	N/A	2.42e-25
JAN30831.1	N/A	2.49e-25
JAJ04109.1	N/A	2.57e-25
MBY73150.1	N/A	2.64e-25
JAJ03113.1	N/A	2.70e-25
JAM08521.1	N/A	2.75e-25
JAI91663.1	N/A	2.83e-25
JAN74204.1	N/A	2.93e-25
JAK22765.1	N/A	2.95e-25
JAL94809.1	N/A	3.04e-25
JAM00973.1	N/A	3.15e-25
JAN22165.1	N/A	3.17e-25
JAJ53460.1	N/A	3.26e-25
LAA07962.1	N/A	3.37e-25
HDB67716.1	N/A	3.40e-25
JAB57952.1	N/A	3.40e-25
JAJ52760.1	N/A	3.60e-25
JAK40073.1	N/A	3.63e-25
JAJ24460.1	N/A	3.79e-25
JAO93765.1	N/A	3.90e-25
JAM53000.1	N/A	4.02e-25
HDB72845.1	N/A	4.02e-25
JAN35320.1	N/A	4.15e-25
JAJ47355.1	N/A	4.16e-25
JAM12163.1	N/A	4.19e-25
JAN30991.1	N/A	4.30e-25
JAM77711.1	N/A	4.62e-25
JAL13485.1	N/A	4.84e-25
JAN72516.1	N/A	4.88e-25
JAN56461.1	N/A	4.89e-25
JAL43671.1	N/A	5.12e-25
JAJ75168.1	N/A	5.15e-25
JAK73728.1	N/A	5.18e-25
JAJ25557.1	N/A	5.32e-25
JAJ13910.1	N/A	5.45e-25
JAM51809.1	N/A	5.47e-25
JAJ07314.1	N/A	5.52e-25
JAL90265.1	N/A	5.52e-25
JAN30665.1	N/A	5.91e-25
JAJ52758.1	N/A	6.01e-25
JAJ80056.1	N/A	6.14e-25
MBY06813.1	N/A	6.41e-25
JAK15363.1	N/A	6.45e-25
JAJ52761.1	N/A	6.66e-25
JAM51701.1	N/A	6.87e-25
JAK91286.1	N/A	6.92e-25
JAJ07311.1	N/A	7.06e-25
JAN47363.1	N/A	7.15e-25
JAN36177.1	N/A	7.31e-25
JAJ46850.1	N/A	7.37e-25
JAL09638.1	N/A	7.43e-25
JAL47578.1	N/A	7.49e-25
JAI72735.1	N/A	7.60e-25
JAM00972.1	N/A	7.70e-25
JAK33971.1	N/A	7.74e-25
JAG50721.1	N/A	7.90e-25
JAJ81592.1	N/A	7.98e-25
JAL92865.1	N/A	8.14e-25
JAS20512.1	N/A	8.28e-25
JAL55726.1	N/A	8.31e-25
JAN45868.1	N/A	8.47e-25
JAN10726.1	N/A	8.56e-25
JAL60289.1	N/A	8.76e-25
JAR60860.1	N/A	8.80e-25
JAK96352.1	N/A	9.16e-25
JAJ52774.1	N/A	9.16e-25
MBY12049.1	N/A	9.60e-25
JAK24121.1	N/A	9.67e-25
JAN78671.1	N/A	9.72e-25
JAJ52706.1	N/A	9.92e-25
JAN32215.1	N/A	1.04e-24
SBP48421.1	N/A	1.06e-24
JAN63009.1	N/A	1.06e-24
JAK01561.1	N/A	1.07e-24
JAL70908.1	N/A	1.10e-24
JAB01301.1	N/A	1.11e-24
JAM44657.1	N/A	1.12e-24
JAL71178.1	N/A	1.14e-24
JAK33972.1	N/A	1.15e-24
JAK46957.1	N/A	1.16e-24
JAK10971.1	N/A	1.17e-24
JAK46958.1	N/A	1.22e-24
JAL26577.1	N/A	1.22e-24
JAN86703.1	N/A	1.23e-24
JAL91555.1	N/A	1.26e-24
JAJ28668.1	N/A	1.27e-24
JAN84718.1	N/A	1.32e-24
JAJ09304.1	N/A	1.33e-24
JAK85440.1	N/A	1.33e-24
JAJ60801.1	N/A	1.34e-24
JAJ37810.1	N/A	1.35e-24
JAN93094.1	N/A	1.39e-24
JAJ96925.1	N/A	1.40e-24
JAJ03112.1	N/A	1.41e-24
JAI68768.1	N/A	1.44e-24
JAV30594.1	N/A	1.46e-24
JAL96757.1	N/A	1.50e-24
JAI69883.1	N/A	1.53e-24
JAJ52707.1	N/A	1.56e-24
JAN67924.1	N/A	1.59e-24
JAK51557.1	N/A	1.61e-24
JAN72760.1	N/A	1.62e-24
JAL07989.1	N/A	1.64e-24
JAM31304.1	N/A	1.64e-24
JAL73615.1	N/A	1.66e-24
JAJ46853.1	N/A	1.67e-24
JAL08043.1	N/A	1.69e-24
JAJ37809.1	N/A	1.77e-24
JAI96162.1	N/A	1.78e-24
JAM44658.1	N/A	1.78e-24
JAL20890.1	N/A	1.78e-24
JAK00065.1	N/A	1.78e-24
JAJ46854.1	N/A	1.79e-24
JAJ12764.1	N/A	1.82e-24
JAL40031.1	N/A	1.87e-24
JAL56873.1	N/A	1.88e-24
JAJ89570.1	N/A	1.90e-24
JAM67547.1	N/A	1.91e-24
JAK89862.1	N/A	2.04e-24
JAK09579.1	N/A	2.09e-24
JAJ37808.1	N/A	2.10e-24
JAK89863.1	N/A	2.12e-24
JAK55461.1	N/A	2.12e-24
JAN64911.1	N/A	2.13e-24
JAK91355.1	N/A	2.19e-24
JAK67852.1	N/A	2.20e-24
JAK47158.1	N/A	2.49e-24
JAM48543.1	N/A	2.53e-24
JAM68749.1	N/A	2.80e-24
MBY75083.1	N/A	2.89e-24
JAN66072.1	N/A	2.90e-24
JAM75667.1	N/A	2.95e-24
JAJ39543.1	N/A	3.14e-24
JAM52999.1	N/A	3.20e-24
NBJ61860.1	N/A	3.23e-24
SBR90502.1	N/A	3.26e-24
JAL38588.1	N/A	3.31e-24
SBS42614.1	N/A	3.63e-24
JAN36181.1	N/A	3.73e-24
JAK67711.1	N/A	3.85e-24
JAJ39057.1	N/A	4.03e-24
JAV30907.1	N/A	4.06e-24
JAO99224.1	N/A	4.56e-24
JAL92866.1	N/A	4.64e-24
JAL38431.1	N/A	4.94e-24
JAN36178.1	N/A	5.16e-24
JAO99223.1	N/A	5.73e-24
JAN42807.1	N/A	5.76e-24
JAJ83132.1	N/A	5.88e-24
JAM92199.1	N/A	6.83e-24
JAN62060.1	N/A	6.84e-24
JAK18716.1	N/A	6.87e-24
JAN51423.1	N/A	8.48e-24
JAV06622.1	N/A	9.03e-24
JAN93241.1	N/A	9.76e-24
JAL23488.1	N/A	1.02e-23
JAN64792.1	N/A	1.04e-23
JAN47364.1	N/A	1.12e-23
JAM19007.1	N/A	1.17e-23
JAL11588.1	N/A	1.21e-23
JAM09606.1	N/A	1.25e-23
JAM09605.1	N/A	1.26e-23
JAV06637.1	N/A	1.27e-23
JAN69476.1	N/A	1.30e-23
JAJ57260.1	N/A	1.39e-23
CDW48803.1	N/A	1.41e-23
JAK10970.1	N/A	1.41e-23
JAL19993.1	N/A	1.42e-23
JAJ11613.1	N/A	1.50e-23
JAJ52712.1	N/A	1.54e-23
JAJ14611.1	N/A	1.63e-23
JAL72624.1	N/A	1.73e-23
JAK93163.1	N/A	1.79e-23
JAJ74107.1	N/A	2.00e-23
JAK27463.1	N/A	2.15e-23
JAK30270.1	N/A	2.22e-23
JAL83968.1	N/A	2.32e-23
JAL70159.1	N/A	2.34e-23
JAK25109.1	N/A	2.36e-23
JAR37833.1	N/A	2.46e-23
JAJ37954.1	N/A	2.50e-23
JAM65650.1	N/A	2.59e-23
JAK35119.1	N/A	2.67e-23
JAK18717.1	N/A	2.74e-23
JAI84772.1	N/A	2.91e-23
JAO40529.1	N/A	2.93e-23
JAL80447.1	N/A	2.95e-23
JAJ62840.1	N/A	3.03e-23
JAV99628.1	N/A	3.12e-23
JAI76445.1	N/A	3.33e-23
JAM15785.1	N/A	3.38e-23
JAI83530.1	N/A	3.54e-23
JAL92867.1	N/A	3.64e-23
JAM98097.1	N/A	3.70e-23
JAM16837.1	N/A	3.70e-23
JAM86303.1	N/A	3.71e-23
JAM91650.1	N/A	3.76e-23
JAN92961.1	N/A	3.82e-23
JAM64720.1	N/A	3.89e-23
CDW38630.1	N/A	4.15e-23
SBR30450.1	N/A	4.31e-23
JAM86001.1	N/A	4.36e-23
AFP07039.1	N/A	4.47e-23
JAN49263.1	N/A	4.56e-23
JAM40633.1	N/A	4.65e-23
JAK38263.1	N/A	4.73e-23
JAL92173.1	N/A	4.81e-23
JAO40530.1	N/A	5.01e-23
JAJ19710.1	N/A	5.27e-23
JAQ16510.1	N/A	5.90e-23
JAP97579.1	N/A	6.14e-23
JAM35470.1	N/A	6.41e-23
JAK12733.1	N/A	7.17e-23
SBP24472.1	N/A	7.54e-23
JAN75169.1	N/A	8.13e-23
JAL48586.1	N/A	8.34e-23
JAK12732.1	N/A	8.58e-23
CCP78437.1	N/A	8.66e-23
JAN37043.1	N/A	9.08e-23
JAJ11706.1	N/A	1.00e-22
JAN18933.1	N/A	1.35e-22
JAM82655.1	N/A	1.54e-22
JAK15175.1	N/A	1.60e-22
JAM65169.1	N/A	1.66e-22
JAS39439.1	N/A	2.13e-22
JAJ10861.1	N/A	2.46e-22
JAS42007.1	N/A	2.55e-22
MBW15542.1	N/A	2.59e-22
SBP59874.1	N/A	2.60e-22
JAK21232.1	N/A	2.69e-22
JAK35107.1	N/A	2.86e-22
ADD20084.1	N/A	3.02e-22
JAD01743.1	N/A	3.25e-22
JAN82040.1	N/A	3.32e-22
JAI30384.1	N/A	3.39e-22
AFP61493.1	N/A	3.66e-22
JAC06024.1	N/A	3.78e-22
JAS44559.1	N/A	3.85e-22
JAM18043.1	N/A	4.40e-22
JAL74871.1	N/A	4.48e-22
JAC51040.1	N/A	4.55e-22
JAN18938.1	N/A	4.85e-22
JAT37998.1	N/A	4.88e-22
JAJ56956.1	N/A	5.01e-22
JAJ12261.1	N/A	5.75e-22
JAN25147.1	N/A	5.89e-22
JAN18934.1	N/A	6.23e-22
JAN48379.1	N/A	7.43e-22
JAT36067.1	N/A	7.46e-22
JAM43305.1	N/A	7.56e-22
JAI27933.1	N/A	7.69e-22
JAK87373.1	N/A	7.76e-22
JAJ08463.1	N/A	8.08e-22
JAM06507.1	N/A	8.27e-22
MBY04491.1	N/A	8.28e-22
SBP45098.1	N/A	9.25e-22
JAJ00968.1	N/A	9.67e-22
JAL93857.1	N/A	1.12e-21
JAJ83084.1	N/A	1.15e-21
JAK26479.1	N/A	1.16e-21
JAN75210.1	N/A	1.20e-21
MBW11881.1	N/A	1.31e-21
JAK35970.1	N/A	1.31e-21
JAM60905.1	N/A	1.40e-21
JAM98846.1	N/A	1.57e-21
JAM94099.1	N/A	1.65e-21
AFP60345.1	N/A	1.88e-21
MBY33097.1	N/A	1.92e-21
JAN34981.1	N/A	2.09e-21
JAN04839.1	N/A	2.18e-21
SBR08306.1	N/A	2.33e-21
JAL78825.1	N/A	2.72e-21
HDB73224.1	N/A	2.76e-21
JAN55116.1	N/A	2.78e-21
AEY61192.1	N/A	2.96e-21
JAM88803.1	N/A	3.04e-21
JAL10204.1	N/A	3.19e-21
JAM58881.1	N/A	3.35e-21
JAD03297.1	N/A	3.35e-21
JAI50335.1	N/A	3.35e-21
JAN18007.1	N/A	3.37e-21
JAC04214.1	N/A	3.41e-21
JAJ04739.1	N/A	3.42e-21
JAC47857.1	N/A	3.48e-21
JAK74278.1	N/A	3.73e-21
JAK80944.1	N/A	3.86e-21
JAL80680.1	N/A	3.92e-21
JAM68504.1	N/A	3.94e-21
JAI94931.1	N/A	4.00e-21
JAI94930.1	N/A	4.61e-21
JAC15131.1	N/A	4.69e-21
JAL80682.1	N/A	4.80e-21
JAL80679.1	N/A	5.06e-21
JAN20754.1	N/A	5.23e-21
JAN48377.1	N/A	5.25e-21
JAL82286.1	N/A	5.32e-21
JAM01084.1	N/A	5.43e-21
JAN32984.1	N/A	5.49e-21
JAN49688.1	N/A	5.82e-21
JAM59805.1	N/A	5.82e-21
JAN51780.1	N/A	5.96e-21
JAJ04740.1	N/A	6.11e-21
JAJ16786.1	N/A	6.16e-21
JAN48378.1	N/A	6.33e-21
JAJ06636.1	N/A	6.41e-21
JAJ41107.1	N/A	6.44e-21
JAJ68321.1	N/A	6.55e-21
JAM55009.1	N/A	6.88e-21
JAN34984.1	N/A	6.91e-21
JAJ31036.1	N/A	6.92e-21
JAM59806.1	N/A	7.40e-21
JAK66206.1	N/A	8.36e-21
JAL10205.1	N/A	8.73e-21
JAJ28027.1	N/A	9.09e-21
JAN18005.1	N/A	9.11e-21
JAN47732.1	N/A	9.14e-21
JAN29731.1	N/A	9.32e-21
JAJ28028.1	N/A	9.44e-21
SBS46466.1	N/A	9.61e-21
SBS14998.1	N/A	9.62e-21
JAL12159.1	N/A	9.99e-21
JAL29535.1	N/A	1.13e-20
JAK91710.1	N/A	1.19e-20
JAM04872.1	N/A	1.21e-20
JAN18001.1	N/A	1.23e-20
JAN31238.1	N/A	1.26e-20
JAL07112.1	N/A	1.31e-20
JAN29732.1	N/A	1.35e-20
JAM43926.1	N/A	1.36e-20
JAK91711.1	N/A	1.37e-20
JAG09689.1	N/A	1.48e-20
JAK91712.1	N/A	1.66e-20
JAL07113.1	N/A	1.75e-20
MBW66364.1	N/A	1.77e-20
JAN76461.1	N/A	1.83e-20
JAJ31035.1	N/A	1.96e-20
JAN32985.1	N/A	1.96e-20
JAJ52726.1	N/A	2.06e-20
JAO93037.1	N/A	2.16e-20
JAK74269.1	N/A	2.17e-20
JAL58049.1	N/A	2.20e-20
JAN65314.1	N/A	2.20e-20
JAN80010.1	N/A	2.21e-20
JAN49689.1	N/A	2.25e-20
JAJ52727.1	N/A	2.28e-20
JAM21711.1	N/A	2.33e-20
JAN32986.1	N/A	2.45e-20
JAN52673.1	N/A	2.46e-20
JAI91462.1	N/A	2.48e-20
JAN18000.1	N/A	2.73e-20
JAJ31037.1	N/A	3.23e-20
JAG75061.1	N/A	3.27e-20
JAL60351.1	N/A	3.32e-20
JAL05755.1	N/A	3.48e-20
JAJ27614.1	N/A	3.54e-20
JAL60352.1	N/A	3.54e-20
JAL17236.1	N/A	3.58e-20
JAK44105.1	N/A	3.95e-20
JAM08640.1	N/A	4.11e-20
JAL05754.1	N/A	4.14e-20
JAJ18792.1	N/A	4.16e-20
JAK72815.1	N/A	4.29e-20
JAK76164.1	N/A	4.33e-20
JAN37533.1	N/A	4.38e-20
JAQ59419.1	N/A	4.39e-20
JAW10971.1	N/A	4.50e-20
JAK72816.1	N/A	4.56e-20
JAM15743.1	N/A	4.68e-20
HDB23524.1	N/A	5.05e-20
JAJ16785.1	N/A	5.27e-20
JAJ64946.1	N/A	5.32e-20
JAL56002.1	N/A	5.32e-20
JAN13960.1	N/A	5.45e-20
JAM78405.1	N/A	7.57e-20
MOY45431.1	N/A	7.78e-20
JAN37538.1	N/A	7.79e-20
JAL58048.1	N/A	8.15e-20
JAL27605.1	N/A	8.39e-20
JAK57981.1	N/A	8.94e-20
JAL10208.1	N/A	1.01e-19
JAM07680.1	N/A	1.05e-19
JAL54300.1	N/A	1.08e-19
JAM07679.1	N/A	1.10e-19
JAN45272.1	N/A	1.16e-19
JAN45271.1	N/A	1.20e-19
JAN20747.1	N/A	1.27e-19
SBP28266.1	N/A	1.27e-19
JAM29400.1	N/A	1.28e-19
SBQ33452.1	N/A	1.33e-19
JAM21288.1	N/A	1.35e-19
JAK76168.1	N/A	1.45e-19
JAK54484.1	N/A	1.58e-19
JAM01081.1	N/A	1.60e-19
SBR85479.1	N/A	1.72e-19
JAL54301.1	N/A	1.96e-19
JAN37539.1	N/A	1.97e-19
JAL98172.1	N/A	2.05e-19
JAL29544.1	N/A	2.10e-19
JAK85705.1	N/A	2.12e-19
JAL29545.1	N/A	2.12e-19
JAI97187.1	N/A	2.28e-19
JAJ02178.1	N/A	2.45e-19
JAN34982.1	N/A	2.48e-19
JAJ18738.1	N/A	2.53e-19
JAL33923.1	N/A	2.58e-19
JAN34983.1	N/A	2.61e-19
JAN65315.1	N/A	2.65e-19
JAM01080.1	N/A	2.76e-19
JAG79904.1	N/A	2.81e-19
JAM55048.1	N/A	3.02e-19
JAL84231.1	N/A	3.09e-19
JAK54483.1	N/A	3.22e-19
JAK95619.1	N/A	3.25e-19
MBW15218.1	N/A	3.25e-19
JAM69554.1	N/A	3.33e-19
JAS52135.1	N/A	3.37e-19
JAJ06588.1	N/A	3.46e-19
JAL84232.1	N/A	3.65e-19
JAL98171.1	N/A	3.79e-19
JAN20753.1	N/A	3.93e-19
MBY74321.1	N/A	4.28e-19
JAK54482.1	N/A	4.31e-19
MBY24923.1	N/A	4.36e-19
JAK56086.1	N/A	4.44e-19
JAM93797.1	N/A	4.51e-19
JAK90207.1	N/A	4.61e-19
JAL25653.1	N/A	4.88e-19
JAN56359.1	N/A	4.93e-19
JAN55520.1	N/A	4.95e-19
JAJ13717.1	N/A	4.99e-19
JAI85881.1	N/A	5.42e-19
JAL29546.1	N/A	5.71e-19
JAK15540.1	N/A	5.72e-19
JAN04838.1	N/A	5.73e-19
JAN53407.1	N/A	6.17e-19
LAC24217.1	N/A	6.49e-19
CDW45760.1	N/A	6.61e-19
JAJ55410.1	N/A	6.90e-19
JAM10608.1	N/A	6.94e-19
JAM63547.1	N/A	7.17e-19
JAN20752.1	N/A	7.21e-19
JAL09446.1	N/A	7.28e-19
JAJ62962.1	N/A	7.32e-19
JAN52672.1	N/A	7.33e-19
JAK76167.1	N/A	7.48e-19
JAJ27505.1	N/A	8.03e-19
JAM01085.1	N/A	8.35e-19
JAM60514.1	N/A	8.54e-19
JAL27598.1	N/A	8.74e-19
JAM23532.1	N/A	8.94e-19
JAN44534.1	N/A	9.02e-19
JAM80992.1	N/A	9.34e-19
JAK76165.1	N/A	9.40e-19
JAL84180.1	N/A	9.74e-19
JAL10207.1	N/A	1.00e-18
JAL86679.1	N/A	1.07e-18
JAL82284.1	N/A	1.10e-18
JAN15853.1	N/A	1.11e-18
JAL60348.1	N/A	1.12e-18
JAN15854.1	N/A	1.13e-18
JAK19233.1	N/A	1.16e-18
JAN18006.1	N/A	1.17e-18
JAN36420.1	N/A	1.17e-18
JAL14497.1	N/A	1.23e-18
CDG72124.1	N/A	1.27e-18
JAL27599.1	N/A	1.31e-18
JAK74270.1	N/A	1.49e-18
JAL29547.1	N/A	1.55e-18
JAM19527.1	N/A	1.59e-18
JAN32981.1	N/A	1.60e-18
JAN81778.1	N/A	1.71e-18
JAK95615.1	N/A	1.72e-18
JAJ03065.1	N/A	1.74e-18
JAJ52728.1	N/A	1.80e-18
JAM52315.1	N/A	1.82e-18
JAN06383.1	N/A	1.86e-18
JAL14498.1	N/A	1.87e-18
JAR45427.1	N/A	1.88e-18
JAM43929.1	N/A	1.90e-18
JAQ80314.1	N/A	1.95e-18
HDB70827.1	N/A	1.99e-18
JAL44399.1	N/A	1.99e-18
JAK19235.1	N/A	2.10e-18
JAK21429.1	N/A	2.14e-18
JAL82287.1	N/A	2.19e-18
HDB70828.1	N/A	2.24e-18
MBY04201.1	N/A	2.24e-18
JAL80681.1	N/A	2.35e-18
JAM43924.1	N/A	2.36e-18
JAL08504.1	N/A	2.42e-18
JAK95618.1	N/A	2.47e-18
JAL82285.1	N/A	2.49e-18
JAD11040.1	N/A	2.51e-18
HDB70574.1	N/A	2.56e-18
JAL08505.1	N/A	2.57e-18
JAN55519.1	N/A	2.60e-18
JAJ31038.1	N/A	2.64e-18
JAM43923.1	N/A	2.74e-18
JAG71747.1	N/A	2.88e-18
JAL00235.1	N/A	2.89e-18
JAL58047.1	N/A	2.90e-18
JAL27600.1	N/A	2.90e-18
JAJ18737.1	N/A	2.99e-18
JAM65504.1	N/A	3.04e-18
JAL76886.1	N/A	3.29e-18
JAC04215.1	N/A	3.39e-18
JAJ16787.1	N/A	3.39e-18
JAK90208.1	N/A	3.49e-18
JAC47856.1	N/A	3.53e-18
JAK88861.1	N/A	3.55e-18
JAK26480.1	N/A	3.59e-18
JAJ67422.1	N/A	3.83e-18
JAN20751.1	N/A	3.92e-18
JAN83162.1	N/A	4.14e-18
JAN15855.1	N/A	4.24e-18
JAT00622.1	N/A	4.34e-18
JAL22185.1	N/A	4.45e-18
JAJ68504.1	N/A	4.62e-18
JAK36474.1	N/A	4.79e-18
JAN28194.1	N/A	4.86e-18
JAN06388.1	N/A	5.66e-18
JAK15174.1	N/A	6.11e-18
JAK36258.1	N/A	6.63e-18
JAN11009.1	N/A	6.92e-18
JAR00200.1	N/A	6.94e-18
MBW42950.1	N/A	7.42e-18
JAK93417.1	N/A	7.56e-18
JAL23960.1	N/A	7.60e-18
JAN34976.1	N/A	7.77e-18
JAK38892.1	N/A	8.03e-18
JAL58091.1	N/A	8.30e-18
JAN32427.1	N/A	8.48e-18
SBR43870.1	N/A	8.63e-18
JAV30491.1	N/A	9.08e-18
JAL40397.1	N/A	9.38e-18
JAL54292.1	N/A	1.02e-17
JAN11525.1	N/A	1.05e-17
JAL40088.1	N/A	1.07e-17
JAJ45075.1	N/A	1.14e-17
JAL44401.1	N/A	1.16e-17
JAK03282.1	N/A	1.16e-17
JAL52569.1	N/A	1.17e-17
JAK38893.1	N/A	1.17e-17
SBP21909.1	N/A	1.19e-17
JAN37534.1	N/A	1.20e-17
JAN00545.1	N/A	1.23e-17
MBW24803.1	N/A	1.35e-17
JAM01083.1	N/A	1.36e-17
JAN57365.1	N/A	1.39e-17
JAN20748.1	N/A	1.41e-17
MDE45505.1	N/A	1.42e-17
MBW68737.1	N/A	1.49e-17
JAK78465.1	N/A	1.50e-17
MDE48989.1	N/A	1.52e-17
JAL74020.1	N/A	1.52e-17
JAL11538.1	N/A	1.57e-17
SBS48262.1	N/A	1.59e-17
JAN51006.1	N/A	1.61e-17
JAK61857.1	N/A	1.73e-17
JAM01082.1	N/A	1.73e-17
JAN78261.1	N/A	1.73e-17
JAL44398.1	N/A	1.74e-17
JAR57436.1	N/A	1.96e-17
JAL29534.1	N/A	2.02e-17
JAV06617.1	N/A	2.05e-17
JAJ39308.1	N/A	2.08e-17
JAK60212.1	N/A	2.11e-17
JAJ29329.1	N/A	2.22e-17
JAA98843.1	N/A	2.23e-17
JAK47661.1	N/A	2.25e-17
JAJ28810.1	N/A	2.27e-17
JAL77111.1	N/A	2.32e-17
JAN66519.1	N/A	2.39e-17
JAM03123.1	N/A	2.41e-17
JAL29548.1	N/A	2.52e-17
JAK54479.1	N/A	2.67e-17
JAK63153.1	N/A	2.70e-17
JAJ64152.1	N/A	2.72e-17
JAL29364.1	N/A	2.73e-17
JAQ17510.1	N/A	2.77e-17
JAK36830.1	N/A	2.80e-17
JAV06630.1	N/A	2.93e-17
JAJ26882.1	N/A	3.09e-17
JAS54789.1	N/A	3.16e-17
JAL89174.1	N/A	3.49e-17
JAL23908.1	N/A	3.53e-17
JAV30132.1	N/A	3.55e-17
JAN45268.1	N/A	3.78e-17
JAJ26883.1	N/A	3.81e-17
JAL46543.1	N/A	3.83e-17
JAK21444.1	N/A	3.92e-17
JAL54302.1	N/A	3.98e-17
JAM08522.1	N/A	3.99e-17
JAJ30611.1	N/A	4.11e-17
JAS22051.1	N/A	4.26e-17
JAK47157.1	N/A	4.32e-17
JAL27602.1	N/A	4.47e-17
JAK54485.1	N/A	4.94e-17
JAV30119.1	N/A	4.97e-17
JAN12402.1	N/A	4.98e-17
JAJ33338.1	N/A	5.11e-17
JAL91554.1	N/A	5.17e-17
JAJ19711.1	N/A	5.20e-17
JAK76166.1	N/A	5.47e-17
JAJ64852.1	N/A	5.71e-17
JAL60349.1	N/A	6.03e-17
JAK36835.1	N/A	6.34e-17
JAK51609.1	N/A	6.66e-17
JAA93013.1	N/A	7.30e-17
JAN55518.1	N/A	8.29e-17
JAN11010.1	N/A	9.16e-17
JAJ52709.1	N/A	9.33e-17
JAJ81591.1	N/A	9.93e-17
JAL27606.1	N/A	1.00e-16
JAK19236.1	N/A	1.01e-16
JAL49734.1	N/A	1.02e-16
JAL14500.1	N/A	1.09e-16
JAM59544.1	N/A	1.09e-16
JAI82063.1	N/A	1.12e-16
JAN88371.1	N/A	1.18e-16
JAR75737.1	N/A	1.19e-16
JAL14499.1	N/A	1.21e-16
JAK56082.1	N/A	1.21e-16
JAN81477.1	N/A	1.24e-16
JAK98217.1	N/A	1.25e-16
JAL14496.1	N/A	1.25e-16
JAK98218.1	N/A	1.28e-16
JAK78464.1	N/A	1.29e-16
JAL38853.1	N/A	1.32e-16
JAL70028.1	N/A	1.35e-16
JAN62155.1	N/A	1.38e-16
JAK19234.1	N/A	1.39e-16
JAK36831.1	N/A	1.40e-16
SBS14876.1	N/A	1.43e-16
AEY58196.1	N/A	1.44e-16
JAK19237.1	N/A	1.59e-16
JAN55522.1	N/A	1.62e-16
JAL55996.1	N/A	1.69e-16
SBQ33110.1	N/A	1.71e-16
JAN52670.1	N/A	1.72e-16
JAL58092.1	N/A	1.72e-16
JAJ52705.1	N/A	1.74e-16
JAN65657.1	N/A	1.85e-16
CCP73259.1	N/A	1.93e-16
JAL14504.1	N/A	1.99e-16
JAW06057.1	N/A	1.99e-16
JAV30189.1	N/A	2.03e-16
JAK21430.1	N/A	2.07e-16
MBY80350.1	N/A	2.08e-16
JAR67027.1	N/A	2.10e-16
JAQ40076.1	N/A	2.13e-16
JAK63001.1	N/A	2.18e-16
JAN52668.1	N/A	2.18e-16
JAN10727.1	N/A	2.19e-16
JAM48597.1	N/A	2.20e-16
JAL40087.1	N/A	2.21e-16
JAM19686.1	N/A	2.23e-16
JAN95273.1	N/A	2.30e-16
JAN52669.1	N/A	2.49e-16
JAK16273.1	N/A	2.55e-16
JAN55521.1	N/A	2.65e-16
JAJ52704.1	N/A	2.71e-16
JAL58138.1	N/A	2.72e-16
JAV30186.1	N/A	2.72e-16
JAS79665.1	N/A	2.87e-16
JAK19232.1	N/A	2.93e-16
JAV29955.1	N/A	3.03e-16
JAT38467.1	N/A	3.12e-16
JAK30472.1	N/A	3.13e-16
MBY75002.1	N/A	3.31e-16
SBQ52259.1	N/A	3.36e-16
JAK64452.1	N/A	3.41e-16
JAL94988.1	N/A	3.48e-16
SBP45186.1	N/A	3.49e-16
JAN72268.1	N/A	3.56e-16
JAK16691.1	N/A	3.64e-16
JAN55526.1	N/A	3.70e-16
JAK78463.1	N/A	3.76e-16
JAV30012.1	N/A	4.10e-16
JAK36833.1	N/A	4.50e-16
JAM23531.1	N/A	4.66e-16
JAB56256.1	N/A	5.26e-16
JAK36832.1	N/A	5.42e-16
JAM81442.1	N/A	5.49e-16
SBR41930.1	N/A	5.52e-16
JAJ28759.1	N/A	5.61e-16
JAK98222.1	N/A	6.08e-16
JAK77256.1	N/A	6.38e-16
JAL42199.1	N/A	7.25e-16
JAL14501.1	N/A	7.45e-16
JAJ52708.1	N/A	8.64e-16
JAL14505.1	N/A	9.63e-16
JAL92864.1	N/A	9.89e-16
JAK88491.1	N/A	9.96e-16
JAJ01105.1	N/A	9.99e-16
JAK16467.1	N/A	1.10e-15
SBP18585.1	N/A	1.14e-15
JAL26929.1	N/A	1.15e-15
JAR74478.1	N/A	1.16e-15
JAL08502.1	N/A	1.19e-15
JAJ26463.1	N/A	1.21e-15
JAK81959.1	N/A	1.23e-15
JAB25148.1	N/A	1.32e-15
JAW11719.1	N/A	1.42e-15
JAI59581.1	N/A	1.47e-15
JAJ23481.1	N/A	1.47e-15
JAK92950.1	N/A	1.59e-15
JAM10069.1	N/A	1.65e-15
JAN63115.1	N/A	1.87e-15
JAK84010.1	N/A	1.88e-15
JAM54209.1	N/A	1.88e-15
JAJ22189.1	N/A	1.99e-15
JAN15858.1	N/A	2.01e-15
JAB36611.1	N/A	2.01e-15
JAO32832.1	N/A	2.31e-15
JAJ54865.1	N/A	2.43e-15
JAR49723.1	N/A	2.46e-15
JAC44122.1	N/A	2.55e-15
JAN18008.1	N/A	2.56e-15
JAR81482.1	N/A	3.18e-15
JAM99740.1	N/A	3.51e-15
JAP58756.1	N/A	3.55e-15
SBP18719.1	N/A	3.94e-15
JAM30662.1	N/A	3.99e-15
JAN31237.1	N/A	4.21e-15
JAK74277.1	N/A	4.24e-15
MBY87036.1	N/A	4.26e-15
JAI89620.1	N/A	4.46e-15
JAL36258.1	N/A	4.78e-15
JAB00954.1	N/A	4.79e-15
MOS19879.1	N/A	5.18e-15
JAI93336.1	N/A	5.23e-15
JAK70113.1	N/A	5.24e-15
JAN30666.1	N/A	5.90e-15
JAL47589.1	N/A	5.95e-15
JAM53150.1	N/A	6.06e-15
SBR48427.1	N/A	6.76e-15
JAI93390.1	N/A	6.88e-15
MOS18872.1	N/A	6.93e-15
JAM27910.1	N/A	7.29e-15
JAI93335.1	N/A	7.71e-15
JAN53508.1	N/A	8.14e-15
JAG73807.1	N/A	8.22e-15
JAM27909.1	N/A	8.62e-15
JAL08079.1	N/A	8.82e-15
JAN32980.1	N/A	9.53e-15
JAK38894.1	N/A	9.59e-15
JAN40335.1	N/A	1.07e-14
JAN57173.1	N/A	1.29e-14
JAL00943.1	N/A	1.35e-14
SNX37469.1	N/A	1.37e-14
JAK46951.1	N/A	1.49e-14
JAL77511.1	N/A	1.50e-14
JAI84533.1	N/A	1.54e-14
SBP34021.1	N/A	1.58e-14
JAI84531.1	N/A	1.58e-14
SBR67229.1	N/A	1.59e-14
JAJ57164.1	N/A	1.64e-14
JAK41409.1	N/A	1.67e-14
JAI59457.1	N/A	1.69e-14
JAI84532.1	N/A	1.84e-14
SBQ47826.1	N/A	1.92e-14
JAI84535.1	N/A	1.99e-14
JAI59456.1	N/A	2.11e-14
JAJ46855.1	N/A	2.17e-14
JAI36795.1	N/A	2.24e-14
JAJ46856.1	N/A	2.34e-14
JAL32087.1	N/A	2.34e-14
JAN41107.1	N/A	3.08e-14
JAM86655.1	N/A	3.41e-14
JAV52401.1	N/A	3.62e-14
AHH37825.1	N/A	3.75e-14
JAV30467.1	N/A	3.91e-14
SBQ49423.1	N/A	4.01e-14
JAM75107.1	N/A	4.12e-14
SBP17632.1	N/A	4.43e-14
SBP42192.1	N/A	4.50e-14
JAJ24609.1	N/A	4.74e-14
JAV30458.1	N/A	4.77e-14
JAJ47662.1	N/A	4.86e-14
JAK78462.1	N/A	5.14e-14
JAL51436.1	N/A	5.37e-14
JAC00469.1	N/A	5.41e-14
SBR06041.1	N/A	5.57e-14
JAK51780.1	N/A	6.48e-14
HCZ80659.1	N/A	6.67e-14
JAJ37031.1	N/A	6.77e-14
SBP49377.1	N/A	6.78e-14
AHH39082.1	N/A	6.85e-14
JAQ79229.1	N/A	7.19e-14
JAK08626.1	N/A	7.54e-14
JAK34278.1	N/A	7.80e-14
JAJ70154.1	N/A	7.86e-14
HCZ81068.1	N/A	8.07e-14
JAK11692.1	N/A	8.61e-14
MOS18622.1	N/A	8.83e-14
JAL17730.1	N/A	8.93e-14
JAK26672.1	N/A	9.13e-14
JAI87572.1	N/A	9.72e-14
JAK38889.1	N/A	9.86e-14
JAL25595.1	N/A	1.04e-13
JAK68603.1	N/A	1.04e-13
JAL44302.1	N/A	1.05e-13
JAD12326.1	N/A	1.05e-13
JAK53082.1	N/A	1.06e-13
MOS19138.1	N/A	1.07e-13
JAK21431.1	N/A	1.08e-13
JAK81556.1	N/A	1.14e-13
MAA38671.1	N/A	1.14e-13
JAG77469.1	N/A	1.15e-13
SBS59795.1	N/A	1.18e-13
SBQ54328.1	N/A	1.30e-13
JAN25138.1	N/A	1.30e-13
JAJ42165.1	N/A	1.30e-13
JAK08738.1	N/A	1.34e-13
JAL82961.1	N/A	1.38e-13
JAM15784.1	N/A	1.38e-13
JAM23584.1	N/A	1.45e-13
JAS11175.1	N/A	1.62e-13
JAL64835.1	N/A	1.74e-13
SBR45563.1	N/A	1.79e-13
JAK54431.1	N/A	1.83e-13
JAJ33712.1	N/A	1.99e-13
SBP16091.1	N/A	2.03e-13
SBQ87056.1	N/A	2.07e-13
JAI94929.1	N/A	2.09e-13
JAL12207.1	N/A	2.13e-13
JAK71152.1	N/A	2.21e-13
SBP80126.1	N/A	2.24e-13
JAO93038.1	N/A	2.25e-13
JAI59458.1	N/A	2.30e-13
SBS11652.1	N/A	2.36e-13
JAK47372.1	N/A	2.36e-13
JAK10192.1	N/A	2.37e-13
SBR60318.1	N/A	2.39e-13
JAK71151.1	N/A	2.40e-13
JAK81151.1	N/A	2.40e-13
SBS02599.1	N/A	2.48e-13
MOS16332.1	N/A	2.56e-13
JAN29635.1	N/A	2.69e-13
JAI73871.1	N/A	2.70e-13
JAL83636.1	N/A	2.72e-13
SBQ32802.1	N/A	2.74e-13
JAL77132.1	N/A	2.74e-13
MDE49018.1	N/A	2.82e-13
JAO01627.1	N/A	2.87e-13
JAN29634.1	N/A	2.95e-13
JAN57017.1	N/A	2.96e-13
SBP03955.1	N/A	3.08e-13
JAI73657.1	N/A	3.12e-13
SBS13350.1	N/A	3.13e-13
SBP68076.1	N/A	3.34e-13
SBP53518.1	N/A	3.36e-13
JAK33184.1	N/A	3.53e-13
JAI92129.1	N/A	3.59e-13
MOS19281.1	N/A	3.60e-13
SBP56079.1	N/A	3.60e-13
JAJ61018.1	N/A	3.81e-13
JAQ72589.1	N/A	3.85e-13
JAL52845.1	N/A	3.98e-13
JAJ48118.1	N/A	4.03e-13
SBP03606.1	N/A	4.14e-13
JAM04265.1	N/A	4.15e-13
JAL93581.1	N/A	4.16e-13
JAK33183.1	N/A	4.20e-13
JAK93096.1	N/A	4.26e-13
JAK94647.1	N/A	4.30e-13
JAN15951.1	N/A	4.32e-13
JAK90997.1	N/A	4.33e-13
JAL11913.1	N/A	4.53e-13
MAA26358.1	N/A	4.54e-13
JAL09962.1	N/A	4.63e-13
JAK56083.1	N/A	4.76e-13
JAL36394.1	N/A	4.88e-13
JAM43688.1	N/A	5.02e-13
JAL36393.1	N/A	5.21e-13
JAQ81115.1	N/A	5.48e-13
JAJ22277.1	N/A	5.52e-13
JAJ82536.1	N/A	5.60e-13
JAI85880.1	N/A	5.71e-13
HCZ90109.1	N/A	5.71e-13
SBP44049.1	N/A	5.78e-13
JAQ87936.1	N/A	5.86e-13
JAL20197.1	N/A	5.87e-13
JAM80162.1	N/A	5.98e-13
JAM57233.1	N/A	6.06e-13
SBQ72742.1	N/A	6.11e-13
SBP51287.1	N/A	6.13e-13
JAL27403.1	N/A	6.14e-13
JAJ53571.1	N/A	6.16e-13
MOS20869.1	N/A	6.28e-13
JAJ08464.1	N/A	6.31e-13
JAL91883.1	N/A	6.32e-13
JAM06427.1	N/A	6.35e-13
JAM58908.1	N/A	6.54e-13
JAJ69517.1	N/A	6.63e-13
JAB05614.1	N/A	6.65e-13
JAN13999.1	N/A	6.66e-13
JAL90679.1	N/A	6.69e-13
JAL89326.1	N/A	6.72e-13
JAK93097.1	N/A	6.72e-13
JAK90756.1	N/A	6.79e-13
JAI92130.1	N/A	6.82e-13
JAK16647.1	N/A	6.86e-13
JAJ08458.1	N/A	6.89e-13
SBR30040.1	N/A	7.11e-13
JAM33223.1	N/A	7.40e-13
JAL21446.1	N/A	7.63e-13
JAI97240.1	N/A	7.65e-13
AFE78450.1	N/A	7.72e-13
JAN52272.1	N/A	7.82e-13
JAL60292.1	N/A	7.86e-13
JAO90722.1	N/A	8.33e-13
JAL80633.1	N/A	8.42e-13
JAK81505.1	N/A	8.77e-13
SBQ66378.1	N/A	8.89e-13
JAN66783.1	N/A	9.03e-13
JAG03839.1	N/A	1.00e-12
JAL54344.1	N/A	1.03e-12
SBS09692.1	N/A	1.04e-12
JAN11085.1	N/A	1.05e-12
JAR11893.1	N/A	1.05e-12
JAN85927.1	N/A	1.09e-12
JAN28242.1	N/A	1.25e-12
JAN28243.1	N/A	1.34e-12
JAN27967.1	N/A	1.43e-12
JAJ31208.1	N/A	1.47e-12
MOS21096.1	N/A	1.51e-12
JAO00576.1	N/A	1.52e-12
JAJ36205.1	N/A	1.55e-12
SBR57283.1	N/A	1.65e-12
LAC43347.1	N/A	1.66e-12
JAJ08967.1	N/A	1.82e-12
JAM60745.1	N/A	1.87e-12
JAT88500.1	N/A	1.89e-12
MOS18101.1	N/A	1.95e-12
JAN62154.1	N/A	1.97e-12
JAN62153.1	N/A	2.02e-12
JAN97418.1	N/A	2.09e-12
JAN20508.1	N/A	2.25e-12
JAJ71263.1	N/A	2.26e-12
JAN34498.1	N/A	2.29e-12
JAR73232.1	N/A	2.29e-12
JAO05463.1	N/A	2.30e-12
JAM75868.1	N/A	2.33e-12
JAM65804.1	N/A	2.38e-12
HDB61648.1	N/A	2.73e-12
HCZ77214.1	N/A	2.94e-12
JAJ69516.1	N/A	2.97e-12
JAM65805.1	N/A	3.02e-12
JAQ24905.1	N/A	3.15e-12
JAJ71264.1	N/A	3.16e-12
JAK73722.1	N/A	3.17e-12
JAN03391.1	N/A	3.26e-12
SBR87584.1	N/A	3.32e-12
JAB99527.1	N/A	3.55e-12
JAS26316.1	N/A	3.71e-12
JAL26938.1	N/A	4.20e-12
JAN56459.1	N/A	4.23e-12
JAK25374.1	N/A	4.35e-12
MBY70726.1	N/A	4.51e-12
JAI84534.1	N/A	4.76e-12
JAQ76281.1	N/A	4.84e-12
JAI93334.1	N/A	4.94e-12
JAK25375.1	N/A	5.17e-12
JAK26423.1	N/A	5.59e-12
JAA03363.1	N/A	5.63e-12
JAK26421.1	N/A	5.75e-12
CEK57124.1	N/A	5.87e-12
JAK26422.1	N/A	5.98e-12
JAK25373.1	N/A	5.98e-12
CCP82651.1	N/A	6.02e-12
JAC16710.1	N/A	6.03e-12
SBP04845.1	N/A	6.49e-12
JAJ51764.1	N/A	6.63e-12
LAA10747.1	N/A	7.23e-12
JAK38888.1	N/A	7.39e-12
SBP50525.1	N/A	7.64e-12
JAL82283.1	N/A	7.65e-12
JAM18132.1	N/A	7.81e-12
HCZ76526.1	N/A	7.94e-12
MDE50736.1	N/A	8.03e-12
JAQ56390.1	N/A	8.33e-12
JAR84546.1	N/A	8.50e-12
SBR05233.1	N/A	8.52e-12
JAJ51706.1	N/A	8.95e-12
JAJ32980.1	N/A	9.26e-12
JAM07678.1	N/A	9.27e-12
LAB30437.1	N/A	9.34e-12
MBY32240.1	N/A	1.10e-11
JAK66205.1	N/A	1.16e-11
JAS10073.1	N/A	1.17e-11
SBP21010.1	N/A	1.18e-11
MBY73820.1	N/A	1.22e-11
JAJ78223.1	N/A	1.22e-11
JAD03632.1	N/A	1.33e-11
SBP73730.1	N/A	1.34e-11
SBP63958.1	N/A	1.39e-11
JAC16708.1	N/A	1.52e-11
JAQ42019.1	N/A	1.53e-11
SBR41674.1	N/A	1.53e-11
HCZ82574.1	N/A	1.56e-11
JAM77007.1	N/A	1.64e-11
MBW13114.1	N/A	1.70e-11
SBR04314.1	N/A	1.71e-11
SBQ51400.1	N/A	1.71e-11
MBW14219.1	N/A	1.78e-11
SBP47973.1	N/A	1.84e-11
JAQ99853.1	N/A	1.86e-11
SBR83403.1	N/A	1.95e-11
JAR85751.1	N/A	1.98e-11
JAL75672.1	N/A	2.02e-11
JAQ07696.1	N/A	2.05e-11
JAG05967.1	N/A	2.07e-11
JAM61359.1	N/A	2.14e-11
MBY28491.1	N/A	2.19e-11
JAR79699.1	N/A	2.22e-11
MOS17936.1	N/A	2.27e-11
JAR12762.1	N/A	2.60e-11
JAK27670.1	N/A	2.60e-11
JAM64591.1	N/A	2.62e-11
JAL10206.1	N/A	2.66e-11
LAA44411.1	N/A	2.67e-11
JAK27668.1	N/A	2.70e-11
HDB75446.1	N/A	2.77e-11
JAM32883.1	N/A	2.80e-11
JAS29637.1	N/A	2.85e-11
JAK70112.1	N/A	2.86e-11
JAO02794.1	N/A	2.86e-11
JAK27669.1	N/A	2.86e-11
JAT03509.1	N/A	2.94e-11
JAO59308.1	N/A	2.97e-11
ADY44716.1	N/A	3.23e-11
SBS19225.1	N/A	3.29e-11
JAK60565.1	N/A	3.42e-11
JAQ69080.1	N/A	3.49e-11
JAN60630.1	N/A	3.57e-11
SBP59344.1	N/A	3.63e-11
SBR92822.1	N/A	3.72e-11
JAB05283.1	N/A	4.04e-11
JAA53455.1	N/A	4.23e-11
JAV19226.1	N/A	4.26e-11
JAL20047.1	N/A	4.36e-11
JAA99658.1	N/A	4.70e-11
JAJ13006.1	N/A	4.74e-11
JAM53754.1	N/A	4.80e-11
JAJ32508.1	N/A	4.89e-11
JAJ21809.1	N/A	4.91e-11
JAB97623.1	N/A	5.05e-11
JAQ77980.1	N/A	5.06e-11
JAL29077.1	N/A	5.07e-11
ADY48715.1	N/A	5.47e-11
JAP01984.1	N/A	5.71e-11
MOS18361.1	N/A	5.74e-11
SBP18472.1	N/A	5.75e-11
SBR02860.1	N/A	5.89e-11
JAV52395.1	N/A	5.96e-11
JAG78599.1	N/A	5.98e-11
ADY45970.1	N/A	6.34e-11
JAJ68173.1	N/A	6.68e-11
JAN45267.1	N/A	6.77e-11
JAJ32509.1	N/A	6.87e-11
JAR82633.1	N/A	7.24e-11
MBY78484.1	N/A	7.46e-11
JAS16114.1	N/A	7.54e-11
HCZ81713.1	N/A	7.82e-11
MOS18180.1	N/A	8.06e-11
JAN28436.1	N/A	8.12e-11
SBP62105.1	N/A	8.20e-11
JAB97624.1	N/A	8.22e-11
JAV52394.1	N/A	8.46e-11
JAM88572.1	N/A	8.92e-11
JAK57975.1	N/A	8.94e-11
MOS14933.1	N/A	9.13e-11
JAN47417.1	N/A	9.18e-11
JAM53665.1	N/A	9.47e-11
JAQ39681.1	N/A	1.04e-10
CDW26055.1	N/A	1.14e-10
CCP87310.1	N/A	1.16e-10
JAQ78274.1	N/A	1.20e-10
CCP79190.1	N/A	1.30e-10
HCZ75185.1	N/A	1.34e-10
SBR09686.1	N/A	1.34e-10
JAR53086.1	N/A	1.35e-10
JAN68825.1	N/A	1.39e-10
SBP51598.1	N/A	1.48e-10
SBQ51839.1	N/A	1.48e-10
SBP20921.1	N/A	1.56e-10
SBP67811.1	N/A	1.59e-10
SBP55463.1	N/A	1.60e-10
JAJ02174.1	N/A	1.63e-10
CDG70858.1	N/A	1.70e-10
SBP45342.1	N/A	1.75e-10
SBR58138.1	N/A	1.79e-10
MOS20182.1	N/A	1.81e-10
JAK04280.1	N/A	1.83e-10
SBQ61578.1	N/A	1.85e-10
SBP04755.1	N/A	1.85e-10
SBR79334.1	N/A	1.87e-10
SBR44746.1	N/A	1.91e-10
JAK58804.1	N/A	1.91e-10
JAL74195.1	N/A	1.94e-10
JAV84382.1	N/A	1.95e-10
JAQ39883.1	N/A	1.95e-10
SBP40482.1	N/A	2.08e-10
AHH41870.1	N/A	2.09e-10
JAK58805.1	N/A	2.11e-10
SBR67796.1	N/A	2.25e-10
MBX96308.1	N/A	2.28e-10
JAB13581.1	N/A	2.41e-10
SBS06309.1	N/A	2.45e-10
JAT00137.1	N/A	2.46e-10
JAK61856.1	N/A	2.48e-10
MOS17181.1	N/A	2.58e-10
JAL38849.1	N/A	2.61e-10
SBS12238.1	N/A	2.62e-10
JAI66271.1	N/A	2.62e-10
JAR82620.1	N/A	2.62e-10
MOS13827.1	N/A	2.72e-10
JAL36308.1	N/A	2.80e-10
JAT30368.1	N/A	2.83e-10
JAI63615.1	N/A	2.86e-10
JAN09171.1	N/A	2.97e-10
JAL48622.1	N/A	3.00e-10
SBQ52758.1	N/A	3.02e-10
JAM96248.1	N/A	3.03e-10
SBP76887.1	N/A	3.05e-10
JAQ40609.1	N/A	3.09e-10
JAI63616.1	N/A	3.11e-10
JAK10028.1	N/A	3.23e-10
SBP06228.1	N/A	3.24e-10
JAN75793.1	N/A	3.39e-10
JAQ67347.1	N/A	3.47e-10
JAS47349.1	N/A	3.51e-10
AFE66205.1	N/A	3.52e-10
JAJ73703.1	N/A	3.53e-10
SBP66934.1	N/A	3.54e-10
SBS48350.1	N/A	3.67e-10
JAD06162.1	N/A	3.97e-10
SBR94509.1	N/A	3.99e-10
JAC99878.1	N/A	4.01e-10
JAN28432.1	N/A	4.09e-10
JAT20486.1	N/A	4.18e-10
HCZ74934.1	N/A	4.19e-10
JAQ70295.1	N/A	4.29e-10
SBR53839.1	N/A	4.29e-10
JAR74776.1	N/A	4.44e-10
JAN73548.1	N/A	4.45e-10
JAI85882.1	N/A	4.68e-10
JAI81929.1	N/A	4.76e-10
JAB03287.1	N/A	4.88e-10
JAG08940.1	N/A	4.89e-10
JAR81152.1	N/A	5.01e-10
JAN13961.1	N/A	5.07e-10
JAL18491.1	N/A	5.13e-10
MBY72660.1	N/A	5.16e-10
AER99323.1	N/A	5.21e-10
JAJ53378.1	N/A	5.23e-10
LAA06154.1	N/A	5.29e-10
JAM32789.1	N/A	5.30e-10
JAR68773.1	N/A	5.30e-10
AHH38367.1	N/A	5.31e-10
JAG08942.1	N/A	5.48e-10
MBW13337.1	N/A	5.55e-10
SBP45430.1	N/A	5.61e-10
JAL42200.1	N/A	5.63e-10
SBP16514.1	N/A	5.68e-10
JAL22751.1	N/A	5.71e-10
JAQ42449.1	N/A	6.03e-10
JAR85488.1	N/A	6.20e-10
SBQ91352.1	N/A	6.50e-10
JAO87608.1	N/A	6.55e-10
SBS42630.1	N/A	6.79e-10
CDW26056.1	N/A	6.80e-10
JAQ88988.1	N/A	6.97e-10
SBS41141.1	N/A	7.01e-10
JAT05941.1	N/A	7.11e-10
JAK75286.1	N/A	7.23e-10
JAL27408.1	N/A	7.25e-10
MBY17770.1	N/A	7.37e-10
JAC58469.1	N/A	7.54e-10
SBQ32144.1	N/A	7.74e-10
JAN47594.1	N/A	7.76e-10
JAL33088.1	N/A	7.97e-10
JAN62822.1	N/A	8.23e-10
SBP80389.1	N/A	8.47e-10
HCZ79800.1	N/A	8.65e-10
JAB26719.1	N/A	8.72e-10
HDA50576.1	N/A	8.73e-10
JAL02903.1	N/A	8.76e-10
JAV34440.1	N/A	8.99e-10
JAK05120.1	N/A	9.46e-10
JAL44397.1	N/A	9.51e-10
SBP84414.1	N/A	9.74e-10
JAB19728.1	N/A	9.90e-10
SBS18971.1	N/A	1.06e-09
JAM76355.1	N/A	1.07e-09
JAB07562.1	N/A	1.08e-09
JAB91227.1	N/A	1.08e-09
SBP50573.1	N/A	1.09e-09
CEK66180.1	N/A	1.10e-09
JAD05118.1	N/A	1.13e-09
SBP16234.1	N/A	1.14e-09
JAJ02228.1	N/A	1.18e-09
MOS26173.1	N/A	1.18e-09
SBP42007.1	N/A	1.18e-09
JAA02134.1	N/A	1.21e-09
JAN83336.1	N/A	1.22e-09
JAC84969.1	N/A	1.24e-09
JAR90617.1	N/A	1.24e-09
JAI53178.1	N/A	1.28e-09
SBQ56326.1	N/A	1.32e-09
JAJ38366.1	N/A	1.32e-09
JAV36860.1	N/A	1.35e-09
JAG05921.1	N/A	1.35e-09
SBP73891.1	N/A	1.36e-09
JAC42311.1	N/A	1.39e-09
JAN96036.1	N/A	1.41e-09
JAL14495.1	N/A	1.41e-09
JAS39444.1	N/A	1.42e-09
JAM42133.1	N/A	1.44e-09
JAG54984.1	N/A	1.44e-09
JAL70278.1	N/A	1.47e-09
JAM77958.1	N/A	1.51e-09
JAL58043.1	N/A	1.53e-09
JAO02217.1	N/A	1.56e-09
JAM06323.1	N/A	1.57e-09
JAS95534.1	N/A	1.58e-09
JAS91220.1	N/A	1.61e-09
MOS17958.1	N/A	1.64e-09
JAM41990.1	N/A	1.65e-09
JAL07490.1	N/A	1.67e-09
JAO03005.1	N/A	1.69e-09
SBQ61405.1	N/A	1.70e-09
SBQ89577.1	N/A	1.71e-09
SBP16532.1	N/A	1.72e-09
JAO53179.1	N/A	1.72e-09
JAK43285.1	N/A	1.74e-09
JAV65880.1	N/A	1.79e-09
JAO03327.1	N/A	1.83e-09
JAQ33809.1	N/A	1.87e-09
JAJ33043.1	N/A	1.88e-09
JAJ49783.1	N/A	1.91e-09
JAJ58007.1	N/A	1.92e-09
ADY45282.1	N/A	1.95e-09
JAV46837.1	N/A	2.00e-09
JAO99839.1	N/A	2.03e-09
NBJ60990.1	N/A	2.03e-09
JAQ80686.1	N/A	2.08e-09
JAN28435.1	N/A	2.13e-09
JAI19659.1	N/A	2.17e-09
JAV06611.1	N/A	2.23e-09
JAJ75171.1	N/A	2.24e-09
MOS12705.1	N/A	2.30e-09
SBP13498.1	N/A	2.32e-09
HDA49590.1	N/A	2.33e-09
HDA47972.1	N/A	2.33e-09
JAS92603.1	N/A	2.44e-09
JAR67271.1	N/A	2.45e-09
JAM49669.1	N/A	2.47e-09
JAJ56160.1	N/A	2.47e-09
AFP62859.1	N/A	2.48e-09
JAS21998.1	N/A	2.56e-09
JAN83616.1	N/A	2.60e-09
JAM57413.1	N/A	2.63e-09
JAB19591.1	N/A	2.63e-09
HCZ74647.1	N/A	2.70e-09
JAA13963.1	N/A	2.78e-09
JAS37672.1	N/A	2.79e-09
JAJ24265.1	N/A	2.84e-09
JAC04103.1	N/A	2.84e-09
SBS47974.1	N/A	2.85e-09
JAN75262.1	N/A	2.86e-09
JAQ33715.1	N/A	2.89e-09
JAB56298.1	N/A	2.93e-09
JAG03273.1	N/A	2.95e-09
JAT21439.1	N/A	2.98e-09
JAS08472.1	N/A	3.06e-09
JAK85795.1	N/A	3.08e-09
HCZ80843.1	N/A	3.12e-09
JAF98773.1	N/A	3.13e-09
JAM15810.1	N/A	3.15e-09
JAO85815.1	N/A	3.18e-09
JAK64654.1	N/A	3.21e-09
JAP98104.1	N/A	3.30e-09
JAF98777.1	N/A	3.40e-09
JAQ03471.1	N/A	3.55e-09
CDW17808.1	N/A	3.56e-09
MOS20070.1	N/A	3.57e-09
JAM92150.1	N/A	3.62e-09
JAQ82396.1	N/A	3.63e-09
JAL05287.1	N/A	3.66e-09
JAJ69768.1	N/A	3.75e-09
JAW05674.1	N/A	3.82e-09
JAS09647.1	N/A	3.85e-09
JAI85784.1	N/A	3.89e-09
JAB01690.1	N/A	3.92e-09
MBW14700.1	N/A	3.95e-09
JAJ95502.1	N/A	4.00e-09
SBQ53595.1	N/A	4.01e-09
JAL02408.1	N/A	4.02e-09
JAO98042.1	N/A	4.17e-09
MOS19412.1	N/A	4.24e-09
AHH38362.1	N/A	4.31e-09
JAF98772.1	N/A	4.36e-09
JAB89624.1	N/A	4.37e-09
SBQ37569.1	N/A	4.37e-09
JAR70729.1	N/A	4.40e-09
HDC32928.1	N/A	4.59e-09
JAR47629.1	N/A	4.73e-09
JAK47382.1	N/A	4.74e-09
JAT29509.1	N/A	4.82e-09
MBW15491.1	N/A	4.84e-09
SBQ84194.1	N/A	4.86e-09
JAO85816.1	N/A	4.95e-09
JAI32321.1	N/A	4.97e-09
JAN97243.1	N/A	4.97e-09
JAN88803.1	N/A	4.98e-09
JAO58407.1	N/A	4.99e-09
JAC57898.1	N/A	5.08e-09
HCZ84288.1	N/A	5.11e-09
HDB13920.1	N/A	5.11e-09
JAW06703.1	N/A	5.16e-09
SBQ47762.1	N/A	5.28e-09
JAD03528.1	N/A	5.29e-09
JAO85817.1	N/A	5.40e-09
JAT22793.1	N/A	5.42e-09
JAM84994.1	N/A	5.53e-09
JAR34342.1	N/A	5.55e-09
JAK68185.1	N/A	5.62e-09
JAK79870.1	N/A	5.76e-09
HCZ81601.1	N/A	5.80e-09
AFE79830.1	N/A	5.86e-09
JAQ31759.1	N/A	5.88e-09
SBP66590.1	N/A	6.02e-09
JAQ44537.1	N/A	6.07e-09
HCZ91732.1	N/A	6.18e-09
JAQ35272.1	N/A	6.19e-09
JAJ18644.1	N/A	6.25e-09
MAA24899.1	N/A	6.29e-09
JAQ00728.1	N/A	6.45e-09
JAV57892.1	N/A	6.64e-09
MDE51743.1	N/A	6.66e-09
MDE45009.1	N/A	6.76e-09
JAK98008.1	N/A	6.78e-09
JAG70400.1	N/A	6.81e-09
SBP53344.1	N/A	6.81e-09
JAQ71824.1	N/A	6.98e-09
SBP43419.1	N/A	7.02e-09
SBR20949.1	N/A	7.16e-09
JAQ74031.1	N/A	7.19e-09
AHH39948.1	N/A	7.21e-09
MBY81320.1	N/A	7.34e-09
JAJ09903.1	N/A	7.38e-09
MBY73807.1	N/A	7.39e-09
JAN74667.1	N/A	7.47e-09
JAK95419.1	N/A	7.49e-09
JAL65016.1	N/A	7.90e-09
MBY12212.1	N/A	8.08e-09
JAC49114.1	N/A	8.22e-09
AHH37375.1	N/A	8.30e-09
NBJ59646.1	N/A	8.35e-09
SBQ90661.1	N/A	8.44e-09
SBR81371.1	N/A	8.47e-09
AHH40085.1	N/A	8.61e-09
LAB70871.1	N/A	8.71e-09
JAP99132.1	N/A	8.74e-09
JAJ62862.1	N/A	8.75e-09
SBQ45286.1	N/A	8.80e-09
SBQ43172.1	N/A	8.97e-09
AHH40630.1	N/A	9.13e-09
JAR34345.1	N/A	9.14e-09
JAR34346.1	N/A	9.48e-09
JAD01489.1	N/A	9.67e-09
JAK88564.1	N/A	9.95e-09
JAQ72948.1	N/A	9.95e-09
JAV57889.1	N/A	9.96e-09
JAM29031.1	N/A	9.99e-09
JAK88854.1	N/A	1.01e-08
MBW18203.1	N/A	1.02e-08
SBR57879.1	N/A	1.04e-08
SBR28486.1	N/A	1.04e-08
MBY06772.1	N/A	1.06e-08
MBW17489.1	N/A	1.06e-08
JAW11038.1	N/A	1.10e-08
SBP52027.1	N/A	1.10e-08
JAR80791.1	N/A	1.11e-08
CDG71483.1	N/A	1.11e-08
CDG67423.1	N/A	1.12e-08
HDB75497.1	N/A	1.13e-08
SBP01414.1	N/A	1.14e-08
JAR34344.1	N/A	1.14e-08
SBQ34827.1	N/A	1.15e-08
HCZ92556.1	N/A	1.20e-08
JAI32735.1	N/A	1.21e-08
JAV36756.1	N/A	1.22e-08
JAJ38325.1	N/A	1.24e-08
SBP44163.1	N/A	1.25e-08
JAR69045.1	N/A	1.26e-08
AHH38284.1	N/A	1.26e-08
MBY23814.1	N/A	1.28e-08
MDE51051.1	N/A	1.31e-08
MBY12234.1	N/A	1.32e-08
JAR34343.1	N/A	1.34e-08
CCP77674.1	N/A	1.35e-08
MBY79937.1	N/A	1.37e-08
SBP65950.1	N/A	1.41e-08
JAO96207.1	N/A	1.43e-08
LAC41074.1	N/A	1.45e-08
SBP16563.1	N/A	1.46e-08
SBS56227.1	N/A	1.46e-08
SBP62225.1	N/A	1.46e-08
SBP08961.1	N/A	1.47e-08
JAG26230.1	N/A	1.52e-08
JAR74794.1	N/A	1.52e-08
JAC97366.1	N/A	1.53e-08
JAQ68154.1	N/A	1.55e-08
JAJ24927.1	N/A	1.57e-08
AHH38087.1	N/A	1.57e-08
JAV36567.1	N/A	1.60e-08
SBQ49564.1	N/A	1.60e-08
JAK54258.1	N/A	1.65e-08
JAK24066.1	N/A	1.65e-08
JAJ15074.1	N/A	1.65e-08
JAR63632.1	N/A	1.67e-08
JAT99189.1	N/A	1.67e-08
ADY46141.1	N/A	1.67e-08
JAS40619.1	N/A	1.68e-08
JAN32987.1	N/A	1.69e-08
SBP43247.1	N/A	1.71e-08
JAK35336.1	N/A	1.74e-08
JAM16166.1	N/A	1.75e-08
MBW14241.1	N/A	1.77e-08
JAJ62019.1	N/A	1.78e-08
JAG71682.1	N/A	1.81e-08
JAT18453.1	N/A	1.82e-08
JAT89025.1	N/A	1.82e-08
NBJ59626.1	N/A	1.83e-08
SBQ52625.1	N/A	1.83e-08
SBS18063.1	N/A	1.85e-08
MBY81253.1	N/A	1.87e-08
LAA57440.1	N/A	1.88e-08
HDC24301.1	N/A	1.89e-08
JAK15683.1	N/A	1.91e-08
JAQ79026.1	N/A	1.91e-08
JAM30476.1	N/A	1.93e-08
JAN63562.1	N/A	1.94e-08
JAS41664.1	N/A	1.95e-08
NBJ59648.1	N/A	1.95e-08
HDA56450.1	N/A	1.96e-08
JAO48046.1	N/A	1.99e-08
JAJ71311.1	N/A	2.00e-08
MBW13621.1	N/A	2.02e-08
MOS20175.1	N/A	2.04e-08
SBR50472.1	N/A	2.05e-08
LAC33199.1	N/A	2.09e-08
SBR32636.1	N/A	2.11e-08
JAM87187.1	N/A	2.11e-08
SBP50990.1	N/A	2.19e-08
JAC16177.1	N/A	2.20e-08
AHH39891.1	N/A	2.24e-08
MOS17179.1	N/A	2.29e-08
SBR50002.1	N/A	2.30e-08
JAR73630.1	N/A	2.36e-08
HDB33187.1	N/A	2.36e-08
CCP75893.1	N/A	2.38e-08
JAQ97518.1	N/A	2.38e-08
SBR93430.1	N/A	2.44e-08
JAR68837.1	N/A	2.46e-08
JAV72092.1	N/A	2.56e-08
MBY30710.1	N/A	2.57e-08
SBQ36937.1	N/A	2.58e-08
JAR30627.1	N/A	2.61e-08
SBP75703.1	N/A	2.63e-08
JAC59317.1	N/A	2.69e-08
SBR02886.1	N/A	2.73e-08
JAI81889.1	N/A	2.73e-08
JAK25635.1	N/A	2.73e-08
JAL59374.1	N/A	2.87e-08
SBP55243.1	N/A	2.96e-08
JAS45413.1	N/A	2.97e-08
JAR62785.1	N/A	3.01e-08
JAV71201.1	N/A	3.02e-08
MBW14850.1	N/A	3.05e-08
AFI33955.1	N/A	3.07e-08
JAV71198.1	N/A	3.07e-08
MBY78570.1	N/A	3.12e-08
SBP63982.1	N/A	3.21e-08
JAK07575.1	N/A	3.24e-08
JAA04202.1	N/A	3.30e-08
CDW44801.1	N/A	3.34e-08
MBY10746.1	N/A	3.39e-08
AFE63823.1	N/A	3.39e-08
JAO02795.1	N/A	3.45e-08
JAB03671.1	N/A	3.48e-08
JAM54223.1	N/A	3.63e-08
JAQ14963.1	N/A	3.64e-08
SBS12417.1	N/A	3.64e-08
JAN03632.1	N/A	3.68e-08
SBP62836.1	N/A	3.68e-08
JAM42129.1	N/A	3.70e-08
JAT24551.1	N/A	3.71e-08
SBQ98857.1	N/A	3.71e-08
JAM32867.1	N/A	3.74e-08
MOS14411.1	N/A	3.81e-08
JAQ60639.1	N/A	3.82e-08
SBP44518.1	N/A	3.83e-08
JAM06232.1	N/A	3.83e-08
JAA46853.1	N/A	3.85e-08
JAL44442.1	N/A	3.85e-08
MOS12916.1	N/A	3.87e-08
HDB33140.1	N/A	3.89e-08
MOS20260.1	N/A	3.91e-08
HDB44809.1	N/A	4.03e-08
JAG56980.1	N/A	4.03e-08
JAI35347.1	N/A	4.04e-08
SBR84981.1	N/A	4.04e-08
JAJ37110.1	N/A	4.05e-08
JAG37572.1	N/A	4.09e-08
JAI19884.1	N/A	4.10e-08
JAK62119.1	N/A	4.14e-08
SBP44668.1	N/A	4.20e-08
JAR79698.1	N/A	4.20e-08
SBQ62425.1	N/A	4.35e-08
JAL51405.1	N/A	4.42e-08
JAQ44823.1	N/A	4.44e-08
JAV06687.1	N/A	4.50e-08
JAM42130.1	N/A	4.53e-08
HDC33203.1	N/A	4.59e-08
JAN79433.1	N/A	4.61e-08
JAJ65310.1	N/A	4.62e-08
LAA66972.1	N/A	4.68e-08
JAB53286.1	N/A	4.97e-08
AHH38788.1	N/A	4.98e-08
JAK64915.1	N/A	5.02e-08
MOS20010.1	N/A	5.02e-08
JAV06616.1	N/A	5.07e-08
JAN99127.1	N/A	5.09e-08
JAC49784.1	N/A	5.11e-08
JAG72747.1	N/A	5.19e-08
JAQ23356.1	N/A	5.21e-08
AFJ51503.1	N/A	5.23e-08
MOS19226.1	N/A	5.31e-08
HDA66513.1	N/A	5.39e-08
SBP58580.1	N/A	5.56e-08
JAM42131.1	N/A	5.68e-08
HCZ75588.1	N/A	5.79e-08
SBS06762.1	N/A	5.82e-08
MOS13216.1	N/A	5.84e-08
JAR84133.1	N/A	5.89e-08
MOS27960.1	N/A	5.90e-08
HCZ91441.1	N/A	5.91e-08
CDW21666.1	N/A	5.96e-08
JAG65756.1	N/A	6.12e-08
JAO02587.1	N/A	6.13e-08
JAK25532.1	N/A	6.17e-08
MOS20514.1	N/A	6.21e-08
HDA93779.1	N/A	6.21e-08
SBP37063.1	N/A	6.24e-08
JAP64472.1	N/A	6.24e-08
MOS17668.1	N/A	6.48e-08
JAK09998.1	N/A	6.55e-08
SBQ62812.1	N/A	6.61e-08
JAQ61019.1	N/A	6.71e-08
AES05908.1	N/A	6.75e-08
JAQ73772.1	N/A	7.07e-08
JAK34239.1	N/A	7.26e-08
JAN96454.1	N/A	7.40e-08
MOS16971.1	N/A	7.49e-08
JAS80416.1	N/A	7.53e-08
MBW18817.1	N/A	7.62e-08
JAR67306.1	N/A	7.63e-08
SBP16131.1	N/A	7.69e-08
JAJ68264.1	N/A	7.95e-08
HDB02765.1	N/A	7.99e-08
CCP83819.1	N/A	8.03e-08
JAQ76955.1	N/A	8.04e-08
JAQ51020.1	N/A	8.05e-08
JAL41889.1	N/A	8.06e-08
SBQ47802.1	N/A	8.10e-08
MOS24944.1	N/A	8.10e-08
JAS29332.1	N/A	8.18e-08
HDA99982.1	N/A	8.22e-08
JAR68122.1	N/A	8.36e-08
JAM48215.1	N/A	8.43e-08
CCP84381.1	N/A	8.44e-08
JAC52047.1	N/A	8.63e-08
SBS59359.1	N/A	8.64e-08
JAV42649.1	N/A	8.75e-08
CDG71456.1	N/A	8.87e-08
SBQ55880.1	N/A	8.89e-08
MBW16815.1	N/A	8.92e-08
JAQ97750.1	N/A	9.02e-08
SBP10081.1	N/A	9.08e-08
JAJ87970.1	N/A	9.20e-08
JAV06791.1	N/A	9.24e-08
AHH40323.1	N/A	9.30e-08
MBY83219.1	N/A	9.38e-08
JAT37308.1	N/A	9.55e-08
CDW21828.1	N/A	9.57e-08
JAB03052.1	N/A	9.58e-08
MOS21394.1	N/A	9.65e-08
JAB29699.1	N/A	9.67e-08
JAM16786.1	N/A	9.70e-08
SBP04079.1	N/A	9.79e-08
JAQ60563.1	N/A	9.86e-08
JAL79568.1	N/A	9.89e-08
JAV06621.1	N/A	9.96e-08
JAJ54316.1	N/A	9.96e-08
SBR94688.1	N/A	1.00e-07
JAI79993.1	N/A	1.01e-07
CCP78380.1	N/A	1.01e-07
JAM36471.1	N/A	1.02e-07
AFP00411.1	N/A	1.02e-07
SBP14125.1	N/A	1.02e-07
MBY15178.1	N/A	1.03e-07
AFJ70506.1	N/A	1.04e-07
JAV66744.1	N/A	1.04e-07
JAJ22220.1	N/A	1.05e-07
JAK91802.1	N/A	1.07e-07
JAJ67308.1	N/A	1.08e-07
JAG82968.1	N/A	1.11e-07
LAB32706.1	N/A	1.11e-07
JAR68379.1	N/A	1.12e-07
JAA56937.1	N/A	1.14e-07
JAG14967.1	N/A	1.14e-07
JAA56936.1	N/A	1.19e-07
JAM18042.1	N/A	1.21e-07
JAQ54769.1	N/A	1.22e-07
JAL81943.1	N/A	1.23e-07
MOS20645.1	N/A	1.23e-07
JAI38837.1	N/A	1.24e-07
JAQ95566.1	N/A	1.24e-07
HDB44571.1	N/A	1.26e-07
MBY20309.1	N/A	1.27e-07
JAS35066.1	N/A	1.28e-07
HDC63942.1	N/A	1.29e-07
MBY25256.1	N/A	1.31e-07
JAM11870.1	N/A	1.32e-07
JAG14989.1	N/A	1.33e-07
JAT29838.1	N/A	1.33e-07
JAQ47206.1	N/A	1.34e-07
JAQ97976.1	N/A	1.35e-07
JAM95586.1	N/A	1.37e-07
JAG67239.1	N/A	1.37e-07
JAS47727.1	N/A	1.38e-07
SBR64369.1	N/A	1.39e-07
JAC16275.1	N/A	1.40e-07
MBW14112.1	N/A	1.40e-07
SBS09225.1	N/A	1.42e-07
MBY28056.1	N/A	1.46e-07
JAB21394.1	N/A	1.47e-07
CDW44812.1	N/A	1.50e-07
JAQ82397.1	N/A	1.50e-07
SBS46649.1	N/A	1.51e-07
SBP44652.1	N/A	1.51e-07
JAQ35591.1	N/A	1.51e-07
JAS72680.1	N/A	1.52e-07
SBR40454.1	N/A	1.53e-07
CDG70911.1	N/A	1.53e-07
SBQ91843.1	N/A	1.53e-07
SBP76728.1	N/A	1.53e-07
HDC53065.1	N/A	1.54e-07
MOS16190.1	N/A	1.55e-07
JAN07656.1	N/A	1.56e-07
CDW44811.1	N/A	1.56e-07
JAI74766.1	N/A	1.56e-07
JAQ01725.1	N/A	1.57e-07
HDA50919.1	N/A	1.60e-07
SBR61278.1	N/A	1.60e-07
SBP48889.1	N/A	1.62e-07
JAA53785.1	N/A	1.63e-07
JAR89798.1	N/A	1.64e-07
JAB31086.1	N/A	1.64e-07
HCZ81493.1	N/A	1.64e-07
JAV42641.1	N/A	1.65e-07
JAR15052.1	N/A	1.69e-07
JAB21395.1	N/A	1.69e-07
JAN68385.1	N/A	1.70e-07
AHH39108.1	N/A	1.73e-07
JAS05707.1	N/A	1.74e-07
JAS70510.1	N/A	1.79e-07
SBP39560.1	N/A	1.79e-07
JAS66265.1	N/A	1.80e-07
HDB73378.1	N/A	1.81e-07
JAG06946.1	N/A	1.85e-07
JAG05969.1	N/A	1.85e-07
SBP51726.1	N/A	1.85e-07
JAQ03891.1	N/A	1.86e-07
HDB66889.1	N/A	1.87e-07
JAA62960.1	N/A	1.89e-07
JAB30647.1	N/A	1.91e-07
AFH33951.1	N/A	1.91e-07
JAM55723.1	N/A	1.91e-07
JAL86063.1	N/A	1.91e-07
JAR73435.1	N/A	1.92e-07
JAB23500.1	N/A	1.94e-07
JAA07346.1	N/A	1.99e-07
SBQ47755.1	N/A	1.99e-07
JAM63885.1	N/A	1.99e-07
JAN00187.1	N/A	2.01e-07
AFP09664.1	N/A	2.04e-07
JAA43472.1	N/A	2.05e-07
JAB26359.1	N/A	2.12e-07
MOS21231.1	N/A	2.12e-07
JAL07004.1	N/A	2.12e-07
JAT27876.1	N/A	2.12e-07
SBP40415.1	N/A	2.13e-07
JAQ65312.1	N/A	2.13e-07
SBP55073.1	N/A	2.16e-07
JAL76831.1	N/A	2.17e-07
JAB30646.1	N/A	2.19e-07
JAP41092.1	N/A	2.20e-07
JAC19983.1	N/A	2.22e-07
JAK19147.1	N/A	2.22e-07
JAK17475.1	N/A	2.26e-07
JAQ47913.1	N/A	2.27e-07
JAK30693.1	N/A	2.28e-07
JAN60065.1	N/A	2.30e-07
JAN99535.1	N/A	2.33e-07
JAT20579.1	N/A	2.34e-07
JAS10587.1	N/A	2.35e-07
JAG06945.1	N/A	2.35e-07
LAA77101.1	N/A	2.39e-07
JAJ75427.1	N/A	2.42e-07
SBP50096.1	N/A	2.43e-07
JAL33501.1	N/A	2.47e-07
MDE46407.1	N/A	2.50e-07
JAL89188.1	N/A	2.50e-07
MDE49149.1	N/A	2.50e-07
JAK81507.1	N/A	2.52e-07
JAT33217.1	N/A	2.52e-07
SBQ88656.1	N/A	2.54e-07
JAR11381.1	N/A	2.56e-07
AFH33952.1	N/A	2.56e-07
LAB54519.1	N/A	2.59e-07
JAI12197.1	N/A	2.59e-07
JAS11391.1	N/A	2.60e-07
JAP80296.1	N/A	2.62e-07
MBY05581.1	N/A	2.65e-07
NOV47582.1	N/A	2.66e-07
AER93817.1	N/A	2.67e-07
JAO01766.1	N/A	2.68e-07
SBR57330.1	N/A	2.71e-07
JAJ24922.1	N/A	2.76e-07
MBY79115.1	N/A	2.76e-07
SBP03010.1	N/A	2.79e-07
JAJ62869.1	N/A	2.80e-07
JAG77605.1	N/A	2.84e-07
JAK50428.1	N/A	2.86e-07
JAK53319.1	N/A	2.88e-07
SBP78877.1	N/A	2.88e-07
JAS38296.1	N/A	2.93e-07
JAI97236.1	N/A	2.93e-07
JAL14255.1	N/A	2.93e-07
JAL04165.1	N/A	2.93e-07
JAL05560.1	N/A	2.94e-07
JAT08337.1	N/A	2.94e-07
JAM57316.1	N/A	2.96e-07
JAM49860.1	N/A	2.96e-07
JAO37101.1	N/A	2.97e-07
JAI63768.1	N/A	2.97e-07
JAM81489.1	N/A	2.98e-07
JAK70911.1	N/A	2.98e-07
JAL07003.1	N/A	2.99e-07
JAN29627.1	N/A	2.99e-07
HDB55795.1	N/A	3.01e-07
HDC72307.1	N/A	3.03e-07
JAB73895.1	N/A	3.04e-07
SBS42669.1	N/A	3.04e-07
JAK82352.1	N/A	3.12e-07
JAN17994.1	N/A	3.12e-07
SBR58769.1	N/A	3.16e-07
JAW03909.1	N/A	3.18e-07
JAA62947.1	N/A	3.18e-07
JAQ83880.1	N/A	3.20e-07
HDB46676.1	N/A	3.21e-07
SBS08361.1	N/A	3.21e-07
JAI91359.1	N/A	3.22e-07
MOS22205.1	N/A	3.24e-07
JAD07974.1	N/A	3.25e-07
MBY04147.1	N/A	3.26e-07
CCP87245.1	N/A	3.26e-07
JAC59250.1	N/A	3.29e-07
HDA47229.1	N/A	3.35e-07
JAL30537.1	N/A	3.36e-07
MDE46848.1	N/A	3.39e-07
JAB15881.1	N/A	3.44e-07
JAI33667.1	N/A	3.46e-07
SBP83010.1	N/A	3.48e-07
JAN89659.1	N/A	3.50e-07
JAM39418.1	N/A	3.53e-07
JAM23636.1	N/A	3.54e-07
SBS51057.1	N/A	3.54e-07
JAB59750.1	N/A	3.57e-07
JAM31578.1	N/A	3.59e-07
JAM30327.1	N/A	3.61e-07
JAN26885.1	N/A	3.62e-07
JAL54576.1	N/A	3.63e-07
SBR07031.1	N/A	3.63e-07
JAT09603.1	N/A	3.65e-07
JAD13039.1	N/A	3.69e-07
JAK69662.1	N/A	3.70e-07
MBW67770.1	N/A	3.73e-07
ADY44223.1	N/A	3.73e-07
JAK85956.1	N/A	3.75e-07
JAR72306.1	N/A	3.77e-07
JAC04158.1	N/A	3.81e-07
SBP22077.1	N/A	3.84e-07
JAG77606.1	N/A	3.86e-07
SBR26599.1	N/A	3.86e-07
JAO00041.1	N/A	3.88e-07
MBY16428.1	N/A	3.89e-07
JAB21257.1	N/A	3.94e-07
JAM82856.1	N/A	3.95e-07
JAK83652.1	N/A	4.00e-07
JAO32833.1	N/A	4.02e-07
SBP15832.1	N/A	4.03e-07
JAD06944.1	N/A	4.08e-07
JAO57265.1	N/A	4.08e-07
JAO03619.1	N/A	4.12e-07
JAC16703.1	N/A	4.15e-07
MBY87026.1	N/A	4.18e-07
JAL02470.1	N/A	4.20e-07
SBP40581.1	N/A	4.21e-07
HDA81127.1	N/A	4.26e-07
SBP24349.1	N/A	4.28e-07
JAI22630.1	N/A	4.34e-07
HCZ80792.1	N/A	4.36e-07
JAM08822.1	N/A	4.46e-07
JAC02577.1	N/A	4.50e-07
SBP18635.1	N/A	4.55e-07
JAI72842.1	N/A	4.56e-07
JAC16120.1	N/A	4.60e-07
JAS76363.1	N/A	4.62e-07
SBQ96729.1	N/A	4.81e-07
JAK98014.1	N/A	4.82e-07
SBP41732.1	N/A	4.87e-07
HCZ89909.1	N/A	4.97e-07
SBP56291.1	N/A	5.03e-07
JAM46519.1	N/A	5.04e-07
SBR43105.1	N/A	5.10e-07
HDA99273.1	N/A	5.11e-07
JAG79452.1	N/A	5.14e-07
MOS15692.1	N/A	5.15e-07
SBQ54282.1	N/A	5.20e-07
SBP82657.1	N/A	5.22e-07
JAN41155.1	N/A	5.31e-07
HDA70177.1	N/A	5.34e-07
CCP84781.1	N/A	5.37e-07
CCP87332.1	N/A	5.39e-07
SBQ63372.1	N/A	5.39e-07
JAT06339.1	N/A	5.40e-07
HCZ74555.1	N/A	5.43e-07
JAL37599.1	N/A	5.44e-07
SBP71633.1	N/A	5.55e-07
MOS20868.1	N/A	5.56e-07
JAC01628.1	N/A	5.62e-07
JAI19881.1	N/A	5.63e-07
AHH39612.1	N/A	5.67e-07
SBP07461.1	N/A	5.69e-07
SBQ64746.1	N/A	5.75e-07
AER96429.1	N/A	5.78e-07
SBP49332.1	N/A	5.81e-07
MOS18718.1	N/A	5.88e-07
JAN37240.1	N/A	5.91e-07
MBY27896.1	N/A	5.94e-07
JAI23169.1	N/A	5.94e-07
AFE67785.1	N/A	5.95e-07
JAN87565.1	N/A	5.95e-07
JAO55786.1	N/A	5.97e-07
AFJ70347.1	N/A	5.98e-07
CCP81273.1	N/A	5.99e-07
JAB03720.1	N/A	5.99e-07
MBW15468.1	N/A	6.10e-07
HDC39969.1	N/A	6.15e-07
AFE70091.1	N/A	6.17e-07
HDC32722.1	N/A	6.26e-07
JAS24826.1	N/A	6.35e-07
JAO57393.1	N/A	6.52e-07
JAR72181.1	N/A	6.67e-07
JAL83510.1	N/A	6.75e-07
HDC42504.1	N/A	6.85e-07
MBY06177.1	N/A	6.92e-07
MOS20487.1	N/A	6.97e-07
AES09840.1	N/A	7.14e-07
JAV33314.1	N/A	7.19e-07
NBJ57821.1	N/A	7.27e-07
SBP52160.1	N/A	7.29e-07
SBR06358.1	N/A	7.30e-07
JAQ73142.1	N/A	7.35e-07
HDC69721.1	N/A	7.43e-07
JAV42765.1	N/A	7.50e-07
SBP16423.1	N/A	7.61e-07
JAC41486.1	N/A	7.62e-07
SBQ65642.1	N/A	7.63e-07
JAO87607.1	N/A	7.70e-07
JAM40538.1	N/A	7.76e-07
AFH30272.1	N/A	7.77e-07
AES03082.1	N/A	7.82e-07
SBR35732.1	N/A	7.82e-07
JAM42609.1	N/A	7.91e-07
ADY46424.1	N/A	7.96e-07
SBS47526.1	N/A	8.03e-07
SBQ79122.1	N/A	8.10e-07
JAV42854.1	N/A	8.16e-07
JAM15737.1	N/A	8.20e-07
MOS13806.1	N/A	8.21e-07
JAJ70310.1	N/A	8.25e-07
JAT86584.1	N/A	8.31e-07
JAL93242.1	N/A	8.38e-07
JAC01768.1	N/A	8.55e-07
JAR85556.1	N/A	8.56e-07
JAN96488.1	N/A	8.56e-07
JAI49463.1	N/A	8.65e-07
CDG71962.1	N/A	8.68e-07
JAQ73712.1	N/A	8.68e-07
JAM07619.1	N/A	8.70e-07
JAT39911.1	N/A	8.74e-07
JAN54386.1	N/A	8.87e-07
SBP75113.1	N/A	8.97e-07
JAO34416.1	N/A	9.01e-07
JAR66544.1	N/A	9.14e-07
SBP02457.1	N/A	9.15e-07
JAK87540.1	N/A	9.26e-07
SBP09452.1	N/A	9.28e-07
SBP57042.1	N/A	9.38e-07
SBR75977.1	N/A	9.45e-07
HDB33137.1	N/A	9.45e-07
SBQ97605.1	N/A	9.54e-07
JAR89690.1	N/A	9.60e-07
HCZ83796.1	N/A	9.63e-07
SBP43732.1	N/A	9.80e-07
SBQ96289.1	N/A	9.86e-07
SBQ62070.1	N/A	9.88e-07
HCZ74714.1	N/A	1.01e-06
JAT18935.1	N/A	1.02e-06
JAM15808.1	N/A	1.04e-06
SBR58281.1	N/A	1.04e-06
SBP05735.1	N/A	1.06e-06
JAQ65311.1	N/A	1.06e-06
SBQ58519.1	N/A	1.07e-06
JAB89795.1	N/A	1.07e-06
JAG79040.1	N/A	1.08e-06
JAC35255.1	N/A	1.08e-06
LAB70849.1	N/A	1.10e-06
JAJ68617.1	N/A	1.11e-06
SBP20311.1	N/A	1.11e-06
SBQ79166.1	N/A	1.12e-06
AFJ50693.1	N/A	1.12e-06
JAN85211.1	N/A	1.14e-06
MOS20148.1	N/A	1.14e-06
SBR09359.1	N/A	1.15e-06
SBQ46685.1	N/A	1.19e-06
JAR74875.1	N/A	1.20e-06
JAT84928.1	N/A	1.20e-06
SBS02800.1	N/A	1.20e-06
SBR67927.1	N/A	1.21e-06
JAJ48117.1	N/A	1.23e-06
SBR85828.1	N/A	1.24e-06
MOS18911.1	N/A	1.24e-06
SBP04288.1	N/A	1.25e-06
JAO39057.1	N/A	1.26e-06
JAN29545.1	N/A	1.27e-06
HCZ81489.1	N/A	1.29e-06
JAQ57686.1	N/A	1.30e-06
JAN95574.1	N/A	1.31e-06
SBP70920.1	N/A	1.33e-06
JAI89632.1	N/A	1.33e-06
JAG73191.1	N/A	1.34e-06
JAB88366.1	N/A	1.35e-06
SBP62750.1	N/A	1.35e-06
CCP87626.1	N/A	1.36e-06
SBP79062.1	N/A	1.37e-06
LAC25071.1	N/A	1.37e-06
SBP62933.1	N/A	1.38e-06
MBY84856.1	N/A	1.39e-06
JAM11734.1	N/A	1.39e-06
JAK13323.1	N/A	1.39e-06
HDB51554.1	N/A	1.40e-06
SBR57475.1	N/A	1.43e-06
HDA58073.1	N/A	1.43e-06
JAC59321.1	N/A	1.45e-06
HCZ79039.1	N/A	1.45e-06
JAM52184.1	N/A	1.46e-06
JAJ45605.1	N/A	1.48e-06
SBP79676.1	N/A	1.49e-06
SBP53968.1	N/A	1.55e-06
JAQ60119.1	N/A	1.55e-06
JAV97099.1	N/A	1.56e-06
JAL95028.1	N/A	1.57e-06
JAA01739.1	N/A	1.58e-06
HDB30562.1	N/A	1.61e-06
JAB91246.1	N/A	1.61e-06
SBP40131.1	N/A	1.61e-06
CDW23320.1	N/A	1.62e-06
JAC51563.1	N/A	1.64e-06
JAT93661.1	N/A	1.66e-06
HCZ81543.1	N/A	1.67e-06
HCZ76651.1	N/A	1.68e-06
JAV06787.1	N/A	1.68e-06
JAI27574.1	N/A	1.71e-06
HDB26809.1	N/A	1.71e-06
JAR85531.1	N/A	1.72e-06
SBP48017.1	N/A	1.73e-06
HDC40555.1	N/A	1.74e-06
JAB18590.1	N/A	1.74e-06
HDB42719.1	N/A	1.74e-06
JAQ78772.1	N/A	1.76e-06
JAO97581.1	N/A	1.78e-06
CCP86335.1	N/A	1.78e-06
MOS20411.1	N/A	1.79e-06
HDB40541.1	N/A	1.79e-06
AFE66178.1	N/A	1.82e-06
HDB44672.1	N/A	1.82e-06
JAK82283.1	N/A	1.82e-06
HDC01211.1	N/A	1.83e-06
SBP82249.1	N/A	1.85e-06
SBP56182.1	N/A	1.85e-06
MOS20729.1	N/A	1.86e-06
SBP81847.1	N/A	1.89e-06
SBQ88494.1	N/A	1.89e-06
JAA34344.1	N/A	1.89e-06
JAO39056.1	N/A	1.92e-06
JAS29901.1	N/A	1.92e-06
JAV06765.1	N/A	1.94e-06
SBP67232.1	N/A	1.95e-06
JAB04200.1	N/A	1.95e-06
SBQ53484.1	N/A	1.96e-06
JAJ01110.1	N/A	1.98e-06
JAO97582.1	N/A	2.01e-06
SBP52165.1	N/A	2.02e-06
SBP75584.1	N/A	2.03e-06
SBR56800.1	N/A	2.05e-06
SBR75462.1	N/A	2.06e-06
JAR73540.1	N/A	2.07e-06
JAS97347.1	N/A	2.09e-06
SBQ41506.1	N/A	2.11e-06
JAO87427.1	N/A	2.11e-06
JAR87907.1	N/A	2.14e-06
HCZ89033.1	N/A	2.15e-06
JAR64886.1	N/A	2.16e-06
SBQ32273.1	N/A	2.17e-06
JAL27967.1	N/A	2.17e-06
SBR46266.1	N/A	2.21e-06
JAV70719.1	N/A	2.21e-06
SBP48375.1	N/A	2.24e-06
JAV84853.1	N/A	2.27e-06
JAR30384.1	N/A	2.28e-06
JAQ41429.1	N/A	2.28e-06
MDE46704.1	N/A	2.29e-06
JAQ82452.1	N/A	2.29e-06
MOS17400.1	N/A	2.30e-06
SBR42915.1	N/A	2.30e-06
SBR81234.1	N/A	2.31e-06
SBP59341.1	N/A	2.32e-06
JAB23847.1	N/A	2.33e-06
CCP86841.1	N/A	2.33e-06
JAJ31069.1	N/A	2.34e-06
SBQ91827.1	N/A	2.35e-06
JAC41019.1	N/A	2.38e-06
ADY45204.1	N/A	2.40e-06
JAM39433.1	N/A	2.40e-06
AEH58262.1	N/A	2.43e-06
HDB29001.1	N/A	2.44e-06
SBP09005.1	N/A	2.47e-06
HDB28270.1	N/A	2.48e-06
SBP71946.1	N/A	2.52e-06
ADY46605.1	N/A	2.58e-06
AES03357.1	N/A	2.58e-06
JAG67328.1	N/A	2.58e-06
JAQ42583.1	N/A	2.60e-06
JAJ20341.1	N/A	2.60e-06
JAL80799.1	N/A	2.60e-06
SBP40583.1	N/A	2.62e-06
AES06021.1	N/A	2.64e-06
JAR79396.1	N/A	2.65e-06
JAQ38338.1	N/A	2.67e-06
SBQ58214.1	N/A	2.67e-06
JAW05697.1	N/A	2.68e-06
SBP26683.1	N/A	2.69e-06
MDE52375.1	N/A	2.72e-06
SBQ67961.1	N/A	2.74e-06
JAL91545.1	N/A	2.75e-06
JAS87547.1	N/A	2.76e-06
HDA82053.1	N/A	2.80e-06
SBQ99261.1	N/A	2.87e-06
SBP68993.1	N/A	2.89e-06
JAN94411.1	N/A	2.90e-06
JAA05952.1	N/A	2.91e-06
HDA91480.1	N/A	2.93e-06
JAK69619.1	N/A	2.93e-06
JAV70718.1	N/A	2.94e-06
MBY09253.1	N/A	3.00e-06
SBS58215.1	N/A	3.00e-06
SBP40648.1	N/A	3.00e-06
JAL66698.1	N/A	3.00e-06
MBY16565.1	N/A	3.02e-06
SBQ66041.1	N/A	3.02e-06
CDG71059.1	N/A	3.04e-06
HDA50744.1	N/A	3.04e-06
JAA88342.1	N/A	3.06e-06
JAK76537.1	N/A	3.07e-06
JAN48742.1	N/A	3.07e-06
JAB95081.1	N/A	3.08e-06
JAV06736.1	N/A	3.09e-06
JAK25902.1	N/A	3.10e-06
JAK98975.1	N/A	3.10e-06
JAN48743.1	N/A	3.10e-06
CCP72894.1	N/A	3.13e-06
JAK33250.1	N/A	3.14e-06
JAM09241.1	N/A	3.15e-06
JAL91546.1	N/A	3.16e-06
JAL27968.1	N/A	3.17e-06
JAA01296.1	N/A	3.17e-06
MBY33004.1	N/A	3.24e-06
JAR86133.1	N/A	3.25e-06
JAJ69125.1	N/A	3.28e-06
JAO93039.1	N/A	3.30e-06
SBP74070.1	N/A	3.30e-06
AFH30485.1	N/A	3.31e-06
JAI52455.1	N/A	3.38e-06
JAV06715.1	N/A	3.39e-06
JAR31786.1	N/A	3.39e-06
SBR42727.1	N/A	3.40e-06
JAB97683.1	N/A	3.40e-06
SBQ52401.1	N/A	3.42e-06
AFO98146.1	N/A	3.42e-06
JAL03193.1	N/A	3.49e-06
JAC97870.1	N/A	3.50e-06
HDA59569.1	N/A	3.51e-06
SBP03571.1	N/A	3.53e-06
JAO01073.1	N/A	3.61e-06
HCZ87344.1	N/A	3.61e-06
JAG05887.1	N/A	3.62e-06
MOS20778.1	N/A	3.64e-06
JAC59320.1	N/A	3.65e-06
HDA56455.1	N/A	3.70e-06
SBP71788.1	N/A	3.72e-06
JAA19498.1	N/A	3.72e-06
JAC05553.1	N/A	3.76e-06
SBP51383.1	N/A	3.76e-06
JAL51404.1	N/A	3.77e-06
JAB95869.1	N/A	3.78e-06
JAR70742.1	N/A	3.80e-06
MOS21043.1	N/A	3.81e-06
JAK55859.1	N/A	3.83e-06
JAB24694.1	N/A	3.85e-06
JAG05889.1	N/A	3.85e-06
AFP59651.1	N/A	3.88e-06
JAA93014.1	N/A	3.89e-06
SBP14183.1	N/A	3.89e-06
SBQ64252.1	N/A	3.89e-06
JAB99823.1	N/A	3.97e-06
JAS20948.1	N/A	3.99e-06
SBP50245.1	N/A	3.99e-06
SBP74381.1	N/A	4.00e-06
JAQ95345.1	N/A	4.00e-06
AER95717.1	N/A	4.06e-06
JAL30516.1	N/A	4.09e-06
JAJ46439.1	N/A	4.09e-06
JAK98976.1	N/A	4.10e-06
JAB21249.1	N/A	4.10e-06
SBQ55848.1	N/A	4.10e-06
SBP60001.1	N/A	4.13e-06
HDA88341.1	N/A	4.21e-06
SBR85617.1	N/A	4.24e-06
AFE65835.1	N/A	4.25e-06
JAK26478.1	N/A	4.27e-06
JAK98977.1	N/A	4.28e-06
JAK03701.1	N/A	4.28e-06
JAK03702.1	N/A	4.28e-06
JAK44946.1	N/A	4.28e-06
JAK44945.1	N/A	4.28e-06
SBQ82854.1	N/A	4.34e-06
HCZ89219.1	N/A	4.35e-06
JAK48044.1	N/A	4.36e-06
JAK46393.1	N/A	4.36e-06
JAL39525.1	N/A	4.37e-06
JAI65771.1	N/A	4.40e-06
JAK48045.1	N/A	4.40e-06
JAK46394.1	N/A	4.40e-06
SBP06135.1	N/A	4.40e-06
MBY31418.1	N/A	4.42e-06
SBP12920.1	N/A	4.42e-06
HCZ87572.1	N/A	4.44e-06
SBQ65019.1	N/A	4.46e-06
SBQ47654.1	N/A	4.53e-06
JAG82593.1	N/A	4.56e-06
JAJ46440.1	N/A	4.56e-06
JAJ22986.1	N/A	4.56e-06
SBR68252.1	N/A	4.61e-06
MDE48968.1	N/A	4.63e-06
JAK95194.1	N/A	4.64e-06
JAM82261.1	N/A	4.65e-06
SBQ66421.1	N/A	4.66e-06
SBS05572.1	N/A	4.70e-06
SBQ84570.1	N/A	4.70e-06
SBS41413.1	N/A	4.75e-06
JAD10261.1	N/A	4.79e-06
JAF98610.1	N/A	4.81e-06
SBQ55969.1	N/A	4.83e-06
JAK46162.1	N/A	4.85e-06
JAK90530.1	N/A	4.90e-06
JAV87076.1	N/A	4.94e-06
JAB26732.1	N/A	5.00e-06
JAS07154.1	N/A	5.03e-06
JAN71923.1	N/A	5.04e-06
JAQ71446.1	N/A	5.04e-06
JAW13318.1	N/A	5.04e-06
JAG24856.1	N/A	5.07e-06
MBY79299.1	N/A	5.13e-06
MBY78682.1	N/A	5.14e-06
JAO05021.1	N/A	5.17e-06
MDE50240.1	N/A	5.18e-06
AHH39222.1	N/A	5.22e-06
JAO93465.1	N/A	5.28e-06
JAV72093.1	N/A	5.30e-06
CDG71411.1	N/A	5.31e-06
JAT99848.1	N/A	5.37e-06
SBP60454.1	N/A	5.37e-06
LAA05286.1	N/A	5.50e-06
JAM93996.1	N/A	5.54e-06
CDG72132.1	N/A	5.54e-06
JAS72227.1	N/A	5.57e-06
SBP59824.1	N/A	5.59e-06
SBP64917.1	N/A	5.61e-06
HDA58468.1	N/A	5.63e-06
JAI31699.1	N/A	5.67e-06
MOS21346.1	N/A	5.68e-06
JAL83844.1	N/A	5.71e-06
JAS54314.1	N/A	5.78e-06
HDB62577.1	N/A	5.91e-06
AFE78045.1	N/A	5.93e-06
SBS06969.1	N/A	5.93e-06
JAJ25602.1	N/A	5.98e-06
JAG79956.1	N/A	5.99e-06
JAA06735.1	N/A	6.03e-06
JAN96487.1	N/A	6.04e-06
MOS17815.1	N/A	6.05e-06
JAR57190.1	N/A	6.19e-06
AFP06088.1	N/A	6.19e-06
SBP76766.1	N/A	6.21e-06
JAJ78228.1	N/A	6.24e-06
SBP16021.1	N/A	6.33e-06
JAI36611.1	N/A	6.34e-06
JAC00327.1	N/A	6.35e-06
JAN96558.1	N/A	6.39e-06
HDA93468.1	N/A	6.41e-06
LAA33511.1	N/A	6.46e-06
MBY20487.1	N/A	6.54e-06
MBY13230.1	N/A	6.56e-06
MBW15828.1	N/A	6.57e-06
JAR74414.1	N/A	6.67e-06
SBP44694.1	N/A	6.68e-06
SBR75213.1	N/A	6.74e-06
JAG72748.1	N/A	6.80e-06
HDA84549.1	N/A	6.83e-06
JAL04052.1	N/A	6.84e-06
HDC06072.1	N/A	6.89e-06
HDC42271.1	N/A	6.91e-06
JAO02310.1	N/A	7.11e-06
JAQ82262.1	N/A	7.11e-06
MOS19927.1	N/A	7.24e-06
MBY85437.1	N/A	7.28e-06
JAJ37173.1	N/A	7.34e-06
SBS11408.1	N/A	7.37e-06
JAN75242.1	N/A	7.43e-06
JAJ13458.1	N/A	7.44e-06
SBP51292.1	N/A	7.45e-06
JAI47595.1	N/A	7.51e-06
JAJ77748.1	N/A	7.57e-06
HDB69049.1	N/A	7.61e-06
HDA51255.1	N/A	7.63e-06
JAJ13457.1	N/A	7.70e-06
HCZ88619.1	N/A	7.73e-06
JAK47805.1	N/A	7.79e-06
JAJ56558.1	N/A	7.83e-06
JAI43396.1	N/A	7.84e-06
JAQ93413.1	N/A	7.92e-06
JAO00737.1	N/A	8.00e-06
MOS19602.1	N/A	8.05e-06
SBP19893.1	N/A	8.14e-06
SBP33886.1	N/A	8.17e-06
LAA98030.1	N/A	8.19e-06
JAS42925.1	N/A	8.19e-06
HDB71612.1	N/A	8.22e-06
SBR40578.1	N/A	8.23e-06
JAK27934.1	N/A	8.30e-06
SBP17797.1	N/A	8.31e-06
HCZ88166.1	N/A	8.34e-06
JAP84627.1	N/A	8.36e-06
JAC39471.1	N/A	8.41e-06
MOS19237.1	N/A	8.50e-06
CCP83828.1	N/A	8.51e-06
JAV06627.1	N/A	8.53e-06
JAD12469.1	N/A	8.54e-06
JAD12558.1	N/A	8.62e-06
SBQ61504.1	N/A	8.70e-06
MBW19467.1	N/A	8.73e-06
JAA11084.1	N/A	8.74e-06
SBS14412.1	N/A	8.80e-06
JAQ33606.1	N/A	8.99e-06
JAL63784.1	N/A	9.07e-06
JAN82539.1	N/A	9.13e-06
JAQ10656.1	N/A	9.19e-06
JAR74917.1	N/A	9.20e-06
SBP44990.1	N/A	9.32e-06
JAJ57115.1	N/A	9.33e-06
MOS20806.1	N/A	9.36e-06
HCZ74683.1	N/A	9.45e-06
HCZ78196.1	N/A	9.47e-06
JAK93279.1	N/A	9.50e-06
NBJ59093.1	N/A	9.54e-06
JAO59520.1	N/A	9.54e-06
JAO02904.1	N/A	9.61e-06
JAL81714.1	N/A	9.64e-06
JAN40178.1	N/A	9.65e-06
HDC02658.1	N/A	9.71e-06
HDA94740.1	N/A	9.77e-06
JAL88025.1	N/A	9.78e-06
SBR90292.1	N/A	9.81e-06
AEO33479.1	N/A	9.92e-06
SBS19572.1	N/A	9.92e-06
JAK03252.1	N/A	9.95e-06
SBP11618.1	N/A	9.97e-06
JAV42435.1	N/A	1.01e-05
SBP24362.1	N/A	1.02e-05
MDE49237.1	N/A	1.03e-05
JAK19199.1	N/A	1.04e-05
HDA46616.1	N/A	1.05e-05
JAJ12927.1	N/A	1.05e-05
HDC23440.1	N/A	1.05e-05
JAV37076.1	N/A	1.06e-05
JAS66983.1	N/A	1.06e-05
JAJ27933.1	N/A	1.07e-05
SBR55444.1	N/A	1.07e-05
JAN98195.1	N/A	1.09e-05
CCP72289.1	N/A	1.09e-05
JAR12763.1	N/A	1.10e-05
SBP21916.1	N/A	1.10e-05
SBP67617.1	N/A	1.10e-05
JAC02412.1	N/A	1.10e-05
SBQ42586.1	N/A	1.11e-05
SBP58293.1	N/A	1.11e-05
CCP80326.1	N/A	1.13e-05
LAB44092.1	N/A	1.14e-05
JAQ80301.1	N/A	1.15e-05
JAS31026.1	N/A	1.15e-05
JAS75243.1	N/A	1.15e-05
SBQ95323.1	N/A	1.15e-05
JAR81440.1	N/A	1.17e-05
JAO41197.1	N/A	1.17e-05
MOS18484.1	N/A	1.17e-05
JAA09197.1	N/A	1.20e-05
HCZ84847.1	N/A	1.20e-05
SBR01274.1	N/A	1.21e-05
HDC33539.1	N/A	1.21e-05
JAR77520.1	N/A	1.22e-05
SBP46100.1	N/A	1.22e-05
HCZ85944.1	N/A	1.22e-05
JAD01994.1	N/A	1.23e-05
JAI44005.1	N/A	1.23e-05
JAP66986.1	N/A	1.23e-05
JAI33710.1	N/A	1.25e-05
JAL34472.1	N/A	1.25e-05
JAR72129.1	N/A	1.25e-05
JAC55033.1	N/A	1.27e-05
JAJ56559.1	N/A	1.28e-05
MOS19200.1	N/A	1.28e-05
JAA53528.1	N/A	1.30e-05
JAJ45506.1	N/A	1.31e-05
HCZ92250.1	N/A	1.32e-05
JAL64778.1	N/A	1.33e-05
HDA70090.1	N/A	1.33e-05
SBP85832.1	N/A	1.34e-05
SBQ57781.1	N/A	1.36e-05
SBP47082.1	N/A	1.36e-05
SBP61641.1	N/A	1.36e-05
JAC99723.1	N/A	1.37e-05
JAM27629.1	N/A	1.38e-05
JAJ63776.1	N/A	1.39e-05
JAO55338.1	N/A	1.39e-05
JAL13492.1	N/A	1.40e-05
JAL55722.1	N/A	1.41e-05
MBY16277.1	N/A	1.42e-05
JAJ57577.1	N/A	1.42e-05
JAK31369.1	N/A	1.44e-05
HDB22536.1	N/A	1.44e-05
JAC12301.1	N/A	1.44e-05
SBS50659.1	N/A	1.44e-05
JAJ04596.1	N/A	1.45e-05
JAK04677.1	N/A	1.47e-05
SBP11040.1	N/A	1.47e-05
SBR57044.1	N/A	1.47e-05
JAI84811.1	N/A	1.51e-05
SBP69135.1	N/A	1.52e-05
HDC49836.1	N/A	1.52e-05
SBR61241.1	N/A	1.53e-05
SBS10993.1	N/A	1.56e-05
SBP53165.1	N/A	1.59e-05
AEH58727.1	N/A	1.62e-05
JAJ99036.1	N/A	1.62e-05
JAJ60465.1	N/A	1.63e-05
SBQ52476.1	N/A	1.63e-05
LAA45268.1	N/A	1.63e-05
SBR61250.1	N/A	1.65e-05
JAV06614.1	N/A	1.65e-05
SBP68368.1	N/A	1.65e-05
HCZ81178.1	N/A	1.66e-05
SBP39073.1	N/A	1.68e-05
JAB53945.1	N/A	1.68e-05
JAC06104.1	N/A	1.68e-05
SBR32637.1	N/A	1.70e-05
JAL58838.1	N/A	1.70e-05
JAI38872.1	N/A	1.70e-05
JAJ59208.1	N/A	1.70e-05
SBP19179.1	N/A	1.70e-05
SBR99089.1	N/A	1.71e-05
JAR74833.1	N/A	1.71e-05
JAJ64519.1	N/A	1.72e-05
SBS58100.1	N/A	1.73e-05
JAB91607.1	N/A	1.75e-05
HDA50513.1	N/A	1.77e-05
JAJ67708.1	N/A	1.79e-05
JAA62979.1	N/A	1.80e-05
MDE50561.1	N/A	1.80e-05
JAD00131.1	N/A	1.82e-05
JAT14796.1	N/A	1.83e-05
JAQ94761.1	N/A	1.83e-05
JAI29738.1	N/A	1.83e-05
MOS21884.1	N/A	1.83e-05
JAM64217.1	N/A	1.85e-05
JAB69419.1	N/A	1.85e-05
JAS39899.1	N/A	1.87e-05
SBQ55242.1	N/A	1.88e-05
JAV36775.1	N/A	1.88e-05
JAR83587.1	N/A	1.92e-05
JAC59324.1	N/A	1.93e-05
MOS20753.1	N/A	1.93e-05
JAK00391.1	N/A	1.94e-05
JAM58722.1	N/A	1.94e-05
SBR77205.1	N/A	1.94e-05
JAO41198.1	N/A	1.94e-05
JAG62362.1	N/A	1.95e-05
JAR90502.1	N/A	1.95e-05
NOV44358.1	N/A	1.97e-05
JAN51618.1	N/A	1.97e-05
MBY28083.1	N/A	1.97e-05
MOS18783.1	N/A	1.98e-05
JAQ53859.1	N/A	2.00e-05
JAM08730.1	N/A	2.04e-05
JAM42132.1	N/A	2.05e-05
JAR82962.1	N/A	2.06e-05
AER99332.1	N/A	2.06e-05
HDB82869.1	N/A	2.06e-05
AFP07771.1	N/A	2.06e-05
JAM28361.1	N/A	2.06e-05
JAA52346.1	N/A	2.07e-05
JAA62828.1	N/A	2.07e-05
SBQ52537.1	N/A	2.10e-05
JAR78965.1	N/A	2.10e-05
HCZ92842.1	N/A	2.14e-05
SBP44681.1	N/A	2.16e-05
SBP65419.1	N/A	2.16e-05
JAO73777.1	N/A	2.17e-05
HCZ81546.1	N/A	2.17e-05
HDA50803.1	N/A	2.21e-05
SBP45955.1	N/A	2.23e-05
JAO05366.1	N/A	2.23e-05
JAL06911.1	N/A	2.24e-05
SBS56142.1	N/A	2.24e-05
AER96873.1	N/A	2.25e-05
CCP86294.1	N/A	2.27e-05
JAM27534.1	N/A	2.30e-05
SBP55785.1	N/A	2.31e-05
SBR95654.1	N/A	2.32e-05
MOS18882.1	N/A	2.36e-05
JAQ54434.1	N/A	2.36e-05
JAQ56962.1	N/A	2.36e-05
JAR74413.1	N/A	2.37e-05
JAM45129.1	N/A	2.37e-05
JAL82087.1	N/A	2.39e-05
SBS42720.1	N/A	2.40e-05
JAQ66568.1	N/A	2.40e-05
JAG78630.1	N/A	2.41e-05
JAO98772.1	N/A	2.41e-05
JAB95611.1	N/A	2.42e-05
SBQ56992.1	N/A	2.44e-05
JAD12726.1	N/A	2.50e-05
JAK97928.1	N/A	2.50e-05
MOS18939.1	N/A	2.50e-05
SBQ90775.1	N/A	2.50e-05
JAQ59403.1	N/A	2.52e-05
SBR47560.1	N/A	2.54e-05
JAO73776.1	N/A	2.56e-05
JAK39044.1	N/A	2.57e-05
AFE64852.1	N/A	2.59e-05
MAA21134.1	N/A	2.60e-05
JAI80594.1	N/A	2.60e-05
SBP84023.1	N/A	2.62e-05
JAL02648.1	N/A	2.63e-05
JAT27872.1	N/A	2.70e-05
JAP77327.1	N/A	2.70e-05
JAM93845.1	N/A	2.71e-05
JAO87688.1	N/A	2.71e-05
JAJ27978.1	N/A	2.73e-05
JAG67505.1	N/A	2.74e-05
JAS20802.1	N/A	2.77e-05
JAQ42037.1	N/A	2.81e-05
JAV46820.1	N/A	2.82e-05
JAA52347.1	N/A	2.82e-05
SBP25405.1	N/A	2.82e-05
JAG80817.1	N/A	2.83e-05
AFP02247.1	N/A	2.83e-05
JAQ78958.1	N/A	2.84e-05
SBR54768.1	N/A	2.86e-05
JAQ98947.1	N/A	2.88e-05
SBP54007.1	N/A	2.89e-05
SBS09718.1	N/A	2.94e-05
JAL34645.1	N/A	2.95e-05
JAL34646.1	N/A	2.95e-05
SBQ55748.1	N/A	2.96e-05
JAK91995.1	N/A	2.97e-05
JAJ95505.1	N/A	3.02e-05
SBQ51527.1	N/A	3.06e-05
MBY75825.1	N/A	3.06e-05
SBP40770.1	N/A	3.06e-05
JAN54440.1	N/A	3.11e-05
JAM00341.1	N/A	3.15e-05
JAJ49156.1	N/A	3.21e-05
JAM62325.1	N/A	3.22e-05
AER99317.1	N/A	3.29e-05
JAM76452.1	N/A	3.31e-05
AHH38568.1	N/A	3.32e-05
JAB12901.1	N/A	3.33e-05
JAQ55122.1	N/A	3.34e-05
JAO87428.1	N/A	3.35e-05
JAN65620.1	N/A	3.36e-05
AER95770.1	N/A	3.38e-05
LAA34010.1	N/A	3.40e-05
JAN64318.1	N/A	3.40e-05
AFE69323.1	N/A	3.44e-05
SBQ35938.1	N/A	3.45e-05
JAQ60116.1	N/A	3.46e-05
JAT33254.1	N/A	3.51e-05
JAK38081.1	N/A	3.52e-05
JAI69643.1	N/A	3.52e-05
JAL11098.1	N/A	3.53e-05
JAC52913.1	N/A	3.53e-05
JAO02104.1	N/A	3.54e-05
JAO20544.1	N/A	3.55e-05
JAJ66071.1	N/A	3.59e-05
CCP73818.1	N/A	3.61e-05
JAJ75370.1	N/A	3.68e-05
MBW19927.1	N/A	3.69e-05
SBR53468.1	N/A	3.69e-05
JAK47156.1	N/A	3.73e-05
HDC55348.1	N/A	3.73e-05
JAL91933.1	N/A	3.79e-05
JAN62221.1	N/A	3.84e-05
JAG70401.1	N/A	3.85e-05
HDB47173.1	N/A	3.85e-05
JAI70776.1	N/A	3.87e-05
AHH40166.1	N/A	3.89e-05
LAC43536.1	N/A	3.97e-05
JAI81635.1	N/A	3.98e-05
JAO20540.1	N/A	3.99e-05
JAM96072.1	N/A	4.01e-05
HDC48552.1	N/A	4.06e-05
JAV43105.1	N/A	4.08e-05
JAQ78617.1	N/A	4.16e-05
JAL95097.1	N/A	4.29e-05
LAA94823.1	N/A	4.31e-05
MOS18716.1	N/A	4.41e-05
JAJ26841.1	N/A	4.43e-05
MBY08568.1	N/A	4.45e-05
MBY14393.1	N/A	4.48e-05
HDC40554.1	N/A	4.49e-05
SBP05239.1	N/A	4.52e-05
MOS20529.1	N/A	4.54e-05
SBR77326.1	N/A	4.54e-05
HCZ80838.1	N/A	4.54e-05
JAR69872.1	N/A	4.63e-05
MDE51426.1	N/A	4.66e-05
JAS58320.1	N/A	4.69e-05
LAB29428.1	N/A	4.70e-05
JAG69904.1	N/A	4.70e-05
JAJ76819.1	N/A	4.71e-05
JAN98452.1	N/A	4.73e-05
SBR91909.1	N/A	4.75e-05
JAK52274.1	N/A	4.81e-05
SBP80755.1	N/A	4.89e-05
JAT13715.1	N/A	4.89e-05
JAU01058.1	N/A	4.93e-05
