MOS16714.1	N/A	4.68e-59
JAC15687.1	N/A	1.31e-45
JAM94099.1	N/A	2.00e-44
JAN75210.1	N/A	2.12e-44
HCZ76028.1	N/A	1.60e-43
SBR48231.1	N/A	7.26e-43
SBQ90499.1	N/A	8.46e-43
HDA47995.1	N/A	1.01e-42
JAV99628.1	N/A	1.31e-42
MOS16298.1	N/A	2.76e-42
SBS42146.1	N/A	3.50e-42
JAM68504.1	N/A	7.69e-42
JAN51780.1	N/A	1.12e-41
MBY20807.1	N/A	1.43e-41
JAN47732.1	N/A	2.78e-41
SBP56639.1	N/A	3.92e-41
JAR85840.1	N/A	1.02e-40
MBY83018.1	N/A	1.17e-40
JAG63746.1	N/A	1.38e-40
SBP02319.1	N/A	1.71e-40
MBY73150.1	N/A	3.54e-40
SBR72480.1	N/A	6.01e-40
HCZ74993.1	N/A	6.41e-40
MOS14528.1	N/A	8.96e-40
JAQ25965.1	N/A	1.64e-39
SBQ85946.1	N/A	2.69e-39
JAR75706.1	N/A	3.24e-39
SBQ63459.1	N/A	3.52e-39
SBP57860.1	N/A	4.20e-39
SBR45648.1	N/A	4.66e-39
JAR50433.1	N/A	5.90e-39
JAQ89326.1	N/A	6.54e-39
AFP59838.1	N/A	1.07e-38
SBP48703.1	N/A	1.35e-38
SBP09586.1	N/A	1.60e-38
JAL43186.1	N/A	2.83e-38
JAR66174.1	N/A	2.90e-38
SBS44971.1	N/A	3.51e-38
MBW11881.1	N/A	7.29e-38
JAV06622.1	N/A	9.78e-38
JAG40793.1	N/A	1.24e-37
MBW21010.1	N/A	1.45e-37
MBW55670.1	N/A	1.47e-37
MBY78844.1	N/A	1.63e-37
JAG40794.1	N/A	1.68e-37
JAV06637.1	N/A	2.08e-37
MBW70498.1	N/A	2.20e-37
MBW21003.1	N/A	2.24e-37
MBY04491.1	N/A	2.31e-37
MBW68602.1	N/A	2.39e-37
MBW55669.1	N/A	2.44e-37
JAA98494.1	N/A	2.62e-37
JAR74781.1	N/A	3.05e-37
SBR55865.1	N/A	4.02e-37
JAQ57895.1	N/A	4.81e-37
JAB00544.1	N/A	5.31e-37
MBW33959.1	N/A	5.74e-37
JAK96953.1	N/A	5.82e-37
JAR75719.1	N/A	7.27e-37
AFM43710.1	N/A	8.44e-37
JAL30538.1	N/A	8.49e-37
JAK79098.1	N/A	9.03e-37
MBW16784.1	N/A	1.01e-36
JAQ68656.1	N/A	1.01e-36
AFM43712.1	N/A	1.24e-36
JAM02013.1	N/A	1.25e-36
JAR69803.1	N/A	1.33e-36
JAQ59849.1	N/A	1.42e-36
JAR19746.1	N/A	1.60e-36
JAD12545.1	N/A	2.30e-36
AFM75825.1	N/A	2.44e-36
JAM58867.1	N/A	2.68e-36
JAJ41227.1	N/A	2.71e-36
MBW55671.1	N/A	2.74e-36
JAM83545.1	N/A	3.04e-36
JAN57799.1	N/A	3.08e-36
JAK80040.1	N/A	4.01e-36
JAC58189.1	N/A	4.13e-36
NBJ61860.1	N/A	4.80e-36
JAI43425.1	N/A	4.81e-36
JAC03980.1	N/A	5.12e-36
JAJ24459.1	N/A	5.44e-36
JAL96456.1	N/A	5.82e-36
JAB57952.1	N/A	5.84e-36
JAN18937.1	N/A	6.45e-36
JAM19527.1	N/A	6.74e-36
AFM75824.1	N/A	6.84e-36
MBY30570.1	N/A	7.09e-36
JAK79097.1	N/A	8.06e-36
MBW33964.1	N/A	8.60e-36
MBW34161.1	N/A	9.05e-36
JAR19745.1	N/A	1.01e-35
JAK79099.1	N/A	1.17e-35
JAK40072.1	N/A	1.17e-35
JAM02016.1	N/A	1.41e-35
JAK41029.1	N/A	1.43e-35
JAJ24460.1	N/A	1.47e-35
JAN07555.1	N/A	1.56e-35
JAM40627.1	N/A	1.81e-35
JAL30536.1	N/A	2.01e-35
AFM43711.1	N/A	2.14e-35
JAK59004.1	N/A	2.17e-35
JAL19125.1	N/A	2.21e-35
JAI59574.1	N/A	2.22e-35
JAN33073.1	N/A	2.26e-35
JAL41132.1	N/A	2.26e-35
AHH38320.1	N/A	2.86e-35
JAI27933.1	N/A	3.02e-35
JAK94546.1	N/A	3.04e-35
JAM91983.1	N/A	3.13e-35
JAK99850.1	N/A	3.23e-35
SBQ56083.1	N/A	3.25e-35
JAJ49161.1	N/A	3.28e-35
SBP48421.1	N/A	3.37e-35
JAB57557.1	N/A	3.47e-35
SBP45098.1	N/A	3.49e-35
JAN66929.1	N/A	3.54e-35
SBS43728.1	N/A	3.61e-35
JAL99113.1	N/A	3.62e-35
JAL41176.1	N/A	3.66e-35
SBR48819.1	N/A	3.73e-35
JAM65504.1	N/A	3.79e-35
JAL13332.1	N/A	4.09e-35
JAL15935.1	N/A	4.26e-35
SBP19876.1	N/A	4.31e-35
JAN30481.1	N/A	4.31e-35
JAI96661.1	N/A	4.49e-35
JAM36147.1	N/A	4.58e-35
JAJ49162.1	N/A	4.62e-35
JAL77161.1	N/A	4.76e-35
JAM03714.1	N/A	4.95e-35
JAM83149.1	N/A	4.97e-35
JAK19572.1	N/A	4.97e-35
JAM45598.1	N/A	5.38e-35
JAL55726.1	N/A	5.54e-35
JAK69104.1	N/A	6.00e-35
JAJ04108.1	N/A	6.13e-35
JAM27058.1	N/A	6.73e-35
JAN56157.1	N/A	6.90e-35
JAJ37808.1	N/A	7.25e-35
JAM22114.1	N/A	7.61e-35
JAI86207.1	N/A	8.17e-35
JAL37181.1	N/A	8.18e-35
JAK10971.1	N/A	8.37e-35
JAL99112.1	N/A	9.24e-35
JAI69883.1	N/A	9.49e-35
JAM51701.1	N/A	9.64e-35
JAN23877.1	N/A	9.80e-35
JAK29918.1	N/A	9.81e-35
SBP76486.1	N/A	9.97e-35
SBP54092.1	N/A	1.03e-34
JAJ28668.1	N/A	1.06e-34
JAJ37810.1	N/A	1.15e-34
JAJ37809.1	N/A	1.20e-34
SBR08306.1	N/A	1.33e-34
JAK46958.1	N/A	1.36e-34
SBP43195.1	N/A	1.36e-34
JAK09824.1	N/A	1.39e-34
JAN71070.1	N/A	1.40e-34
JAM31304.1	N/A	1.42e-34
JAL20890.1	N/A	1.42e-34
JAK16466.1	N/A	1.42e-34
JAM78403.1	N/A	1.49e-34
JAM76304.1	N/A	1.49e-34
JAV31037.1	N/A	1.51e-34
JAK84650.1	N/A	1.56e-34
JAK89862.1	N/A	1.56e-34
SBR05708.1	N/A	1.58e-34
JAM02014.1	N/A	1.59e-34
SBR96488.1	N/A	1.60e-34
JAK96952.1	N/A	1.61e-34
JAK89863.1	N/A	1.63e-34
JAK72051.1	N/A	1.66e-34
JAK33972.1	N/A	1.70e-34
AFP61493.1	N/A	1.74e-34
JAK67853.1	N/A	1.76e-34
JAQ26548.1	N/A	1.80e-34
JAN45867.1	N/A	1.85e-34
JAJ81404.1	N/A	1.89e-34
JAL73615.1	N/A	1.90e-34
JAL52568.1	N/A	2.01e-34
JAV30906.1	N/A	2.04e-34
JAL70908.1	N/A	2.14e-34
JAJ04109.1	N/A	2.15e-34
JAK46957.1	N/A	2.30e-34
JAL23488.1	N/A	2.31e-34
JAL57183.1	N/A	2.33e-34
JAK01383.1	N/A	2.34e-34
JAL26577.1	N/A	2.38e-34
JAM43306.1	N/A	2.67e-34
JAM75667.1	N/A	2.69e-34
JAJ49160.1	N/A	2.71e-34
JAK93163.1	N/A	2.82e-34
JAK61858.1	N/A	2.89e-34
JAK45561.1	N/A	2.90e-34
JAD01743.1	N/A	2.99e-34
JAL15934.1	N/A	3.00e-34
JAL09638.1	N/A	3.09e-34
JAI83060.1	N/A	3.10e-34
JAM53000.1	N/A	3.12e-34
JAI85661.1	N/A	3.15e-34
JAK33971.1	N/A	3.24e-34
JAK60449.1	N/A	3.25e-34
JAK91191.1	N/A	3.28e-34
JAK32820.1	N/A	3.31e-34
JAK72105.1	N/A	3.38e-34
JAN66072.1	N/A	3.63e-34
JAM77711.1	N/A	3.79e-34
JAJ48300.1	N/A	3.92e-34
JAK09579.1	N/A	3.92e-34
JAJ39057.1	N/A	4.06e-34
JAL40031.1	N/A	4.24e-34
AFE71204.1	N/A	4.24e-34
JAN30832.1	N/A	4.37e-34
JAK67711.1	N/A	4.39e-34
JAK70694.1	N/A	4.46e-34
JAJ62407.1	N/A	4.59e-34
JAJ49159.1	N/A	4.59e-34
SBP06641.1	N/A	4.83e-34
JAL62785.1	N/A	4.85e-34
JAJ03111.1	N/A	4.88e-34
JAJ14611.1	N/A	4.99e-34
JAN49263.1	N/A	5.24e-34
JAK55461.1	N/A	5.35e-34
JAK73500.1	N/A	5.35e-34
JAM08521.1	N/A	5.63e-34
JAL07990.1	N/A	5.69e-34
JAL54072.1	N/A	5.93e-34
JAQ49601.1	N/A	6.26e-34
JAJ80056.1	N/A	6.28e-34
JAK81555.1	N/A	6.39e-34
JAL43182.1	N/A	6.55e-34
JAJ03113.1	N/A	6.74e-34
JAN53204.1	N/A	7.04e-34
JAL38480.1	N/A	8.13e-34
JAN32215.1	N/A	8.13e-34
JAK10970.1	N/A	8.29e-34
JAN77298.1	N/A	8.34e-34
JAK48863.1	N/A	8.39e-34
JAN21733.1	N/A	8.41e-34
JAJ08459.1	N/A	8.76e-34
JAL37180.1	N/A	9.13e-34
JAK91355.1	N/A	9.42e-34
JAS20512.1	N/A	9.75e-34
JAL84907.1	N/A	1.07e-33
JAB57387.1	N/A	1.11e-33
JAM51809.1	N/A	1.16e-33
JAL02807.1	N/A	1.17e-33
JAI72735.1	N/A	1.17e-33
JAV31036.1	N/A	1.18e-33
JAN51423.1	N/A	1.22e-33
JAN15954.1	N/A	1.26e-33
JAV30905.1	N/A	1.26e-33
JAK72046.1	N/A	1.29e-33
JAL82809.1	N/A	1.32e-33
JAK73501.1	N/A	1.35e-33
JAK34383.1	N/A	1.48e-33
JAR75773.1	N/A	1.50e-33
JAL36147.1	N/A	1.51e-33
JAL96502.1	N/A	1.53e-33
JAK89746.1	N/A	1.58e-33
JAN58431.1	N/A	1.61e-33
JAK12733.1	N/A	1.66e-33
JAI30384.1	N/A	1.66e-33
JAN74204.1	N/A	1.68e-33
JAM09605.1	N/A	1.68e-33
JAM19007.1	N/A	1.76e-33
JAB24935.1	N/A	1.83e-33
JAM52999.1	N/A	1.83e-33
JAK33232.1	N/A	1.85e-33
JAN56155.1	N/A	1.85e-33
JAN10726.1	N/A	1.86e-33
JAA08345.1	N/A	1.89e-33
JAK70695.1	N/A	1.94e-33
JAJ48301.1	N/A	2.06e-33
SBP74534.1	N/A	2.29e-33
JAJ53460.1	N/A	2.35e-33
JAI91663.1	N/A	2.50e-33
HDB63590.1	N/A	3.04e-33
JAR80542.1	N/A	3.14e-33
JAK18716.1	N/A	3.34e-33
JAN64792.1	N/A	3.37e-33
JAI57196.1	N/A	3.43e-33
MBY33097.1	N/A	3.50e-33
JAK35119.1	N/A	3.68e-33
JAR77431.1	N/A	3.86e-33
JAJ47355.1	N/A	4.02e-33
HDB63591.1	N/A	4.08e-33
SBP11492.1	N/A	4.11e-33
JAK15363.1	N/A	4.19e-33
JAK12732.1	N/A	4.32e-33
JAM09606.1	N/A	4.38e-33
SBP59874.1	N/A	4.49e-33
JAK15175.1	N/A	4.87e-33
HDB63584.1	N/A	5.06e-33
JAN93241.1	N/A	5.55e-33
JAM15560.1	N/A	5.77e-33
JAJ25557.1	N/A	6.00e-33
JAJ68173.1	N/A	6.44e-33
JAJ57114.1	N/A	6.56e-33
JAC51040.1	N/A	6.61e-33
JAK18717.1	N/A	6.63e-33
JAN30665.1	N/A	6.83e-33
HDB63585.1	N/A	6.86e-33
JAK01561.1	N/A	7.67e-33
JAL15930.1	N/A	8.38e-33
JAL08043.1	N/A	9.65e-33
HDC65553.1	N/A	9.70e-33
SBP49411.1	N/A	9.91e-33
JAL91555.1	N/A	1.02e-32
JAL92865.1	N/A	1.12e-32
SBR72280.1	N/A	1.23e-32
JAJ03112.1	N/A	1.23e-32
JAL92867.1	N/A	1.56e-32
JAJ81592.1	N/A	1.57e-32
HDC65551.1	N/A	1.63e-32
JAK00065.1	N/A	1.78e-32
JAL84908.1	N/A	1.79e-32
JAM87448.1	N/A	1.98e-32
LAB67474.1	N/A	2.21e-32
JAA92594.1	N/A	2.71e-32
JAR45428.1	N/A	2.73e-32
JAK73499.1	N/A	2.94e-32
JAN47363.1	N/A	2.98e-32
HDB23524.1	N/A	2.99e-32
JAO38469.1	N/A	3.24e-32
JAL07989.1	N/A	3.33e-32
JAK51557.1	N/A	3.54e-32
JAK37763.1	N/A	3.71e-32
JAM22053.1	N/A	3.76e-32
JAG75061.1	N/A	3.78e-32
SBP78340.1	N/A	4.07e-32
JAK91286.1	N/A	4.09e-32
JAK47158.1	N/A	4.13e-32
JAR78542.1	N/A	4.20e-32
JAG50721.1	N/A	4.42e-32
JAL66035.1	N/A	4.62e-32
JAM22054.1	N/A	4.66e-32
JAN30831.1	N/A	4.73e-32
ADD20084.1	N/A	4.78e-32
JAL34280.1	N/A	4.99e-32
SBQ89366.1	N/A	5.75e-32
JAK24121.1	N/A	6.09e-32
JAS20427.1	N/A	6.35e-32
JAW06057.1	N/A	6.77e-32
JAL38431.1	N/A	7.30e-32
JAN45868.1	N/A	7.79e-32
MBY06813.1	N/A	7.85e-32
JAL71178.1	N/A	7.89e-32
JAR45431.1	N/A	8.38e-32
JAR45430.1	N/A	8.81e-32
JAK67852.1	N/A	9.27e-32
JAK78948.1	N/A	9.41e-32
JAL92866.1	N/A	9.68e-32
JAR40177.1	N/A	1.16e-31
JAJ12261.1	N/A	1.16e-31
JAR45429.1	N/A	1.20e-31
HDC65068.1	N/A	1.27e-31
JAK26479.1	N/A	1.46e-31
JAN37538.1	N/A	1.56e-31
JAN50805.1	N/A	1.56e-31
JAL11588.1	N/A	1.90e-31
HDB64715.1	N/A	1.96e-31
JAN78261.1	N/A	2.00e-31
SBP08352.1	N/A	2.05e-31
JAM43929.1	N/A	2.11e-31
HDC63855.1	N/A	2.13e-31
HDB64174.1	N/A	2.15e-31
HDB62725.1	N/A	2.20e-31
JAL52168.1	N/A	2.52e-31
JAR79968.1	N/A	2.58e-31
HDC63854.1	N/A	2.58e-31
JAL51641.1	N/A	2.66e-31
HDC63852.1	N/A	2.77e-31
JAM57600.1	N/A	2.93e-31
JAN18006.1	N/A	2.97e-31
HDB63588.1	N/A	2.97e-31
HDB74364.1	N/A	3.01e-31
SBP50041.1	N/A	3.18e-31
JAL27602.1	N/A	3.18e-31
JAK93417.1	N/A	3.36e-31
JAJ52759.1	N/A	3.55e-31
HDC63850.1	N/A	3.95e-31
JAL38588.1	N/A	4.13e-31
JAM56146.1	N/A	4.33e-31
JAJ70351.1	N/A	4.45e-31
HDC63848.1	N/A	4.55e-31
JAK54479.1	N/A	4.74e-31
JAM91650.1	N/A	4.77e-31
JAJ57260.1	N/A	4.96e-31
SBP36176.1	N/A	4.97e-31
JAN45268.1	N/A	5.24e-31
JAC00790.1	N/A	5.42e-31
JAK19233.1	N/A	5.47e-31
JAC06024.1	N/A	5.60e-31
JAL90265.1	N/A	5.94e-31
JAM10069.1	N/A	6.03e-31
JAN34976.1	N/A	6.14e-31
SBR42733.1	N/A	6.62e-31
JAR70852.1	N/A	6.83e-31
JAL84715.1	N/A	6.91e-31
JAL77653.1	N/A	7.02e-31
JAL29534.1	N/A	7.12e-31
JAL54292.1	N/A	7.50e-31
JAK80944.1	N/A	7.69e-31
JAN55116.1	N/A	7.70e-31
JAJ52702.1	N/A	8.16e-31
JAM86303.1	N/A	8.55e-31
JAL80680.1	N/A	8.72e-31
JAD07330.1	N/A	8.73e-31
JAK40073.1	N/A	8.91e-31
JAL96758.1	N/A	9.55e-31
JAM01084.1	N/A	1.08e-30
JAL82286.1	N/A	1.14e-30
JAL31281.1	N/A	1.16e-30
JAN86704.1	N/A	1.20e-30
JAM38155.1	N/A	1.21e-30
JAI94930.1	N/A	1.29e-30
JAN69476.1	N/A	1.36e-30
JAM86001.1	N/A	1.36e-30
JAL84180.1	N/A	1.38e-30
JAL80682.1	N/A	1.43e-30
JAK85440.1	N/A	1.48e-30
JAN48377.1	N/A	1.52e-30
JAL19993.1	N/A	1.53e-30
JAJ04739.1	N/A	1.54e-30
JAL72624.1	N/A	1.54e-30
JAM43926.1	N/A	1.56e-30
JAR84058.1	N/A	1.56e-30
JAN20754.1	N/A	1.64e-30
JAK72910.1	N/A	1.65e-30
JAL80679.1	N/A	1.74e-30
JAL60351.1	N/A	1.75e-30
JAK76164.1	N/A	1.76e-30
JAI94931.1	N/A	1.77e-30
JAJ31037.1	N/A	1.80e-30
JAL60352.1	N/A	1.84e-30
JAJ52774.1	N/A	1.88e-30
JAI97187.1	N/A	1.96e-30
JAT39539.1	N/A	2.05e-30
JAK76168.1	N/A	2.09e-30
JAK76165.1	N/A	2.12e-30
AFP60345.1	N/A	2.20e-30
JAL60348.1	N/A	2.26e-30
HDB64714.1	N/A	2.30e-30
JAL94809.1	N/A	2.31e-30
JAJ18792.1	N/A	2.31e-30
JAJ16786.1	N/A	2.36e-30
JAJ06636.1	N/A	2.37e-30
JAP97579.1	N/A	2.37e-30
JAQ16510.1	N/A	2.39e-30
HDB63589.1	N/A	2.41e-30
JAJ04740.1	N/A	2.44e-30
JAN72516.1	N/A	2.45e-30
JAN49688.1	N/A	2.45e-30
JAN49689.1	N/A	2.50e-30
JAN48378.1	N/A	2.52e-30
JAL27605.1	N/A	2.62e-30
JAJ31036.1	N/A	2.65e-30
JAM59805.1	N/A	2.78e-30
JAK22764.1	N/A	2.79e-30
JAJ28028.1	N/A	3.43e-30
JAL29544.1	N/A	3.44e-30
JAN20752.1	N/A	3.48e-30
JAI96162.1	N/A	3.48e-30
JAL12159.1	N/A	3.66e-30
JAL56002.1	N/A	3.82e-30
JAJ52726.1	N/A	3.87e-30
JAJ09304.1	N/A	3.89e-30
JAK76167.1	N/A	3.91e-30
JAM59806.1	N/A	3.92e-30
JAM21288.1	N/A	3.97e-30
JAJ96925.1	N/A	4.10e-30
JAJ31035.1	N/A	4.11e-30
JAL48586.1	N/A	4.16e-30
JAJ52761.1	N/A	4.22e-30
JAL58049.1	N/A	4.23e-30
HDB63583.1	N/A	4.29e-30
JAL29546.1	N/A	4.52e-30
JAN34984.1	N/A	4.56e-30
JAJ46853.1	N/A	4.64e-30
JAK95619.1	N/A	4.68e-30
JAJ18738.1	N/A	4.71e-30
JAL27599.1	N/A	4.72e-30
JAL27600.1	N/A	4.72e-30
JAJ28027.1	N/A	4.74e-30
JAL29545.1	N/A	4.74e-30
JAK73728.1	N/A	4.75e-30
JAN45271.1	N/A	4.81e-30
JAM67547.1	N/A	4.87e-30
JAN34982.1	N/A	4.89e-30
JAK95618.1	N/A	4.91e-30
JAN52670.1	N/A	4.98e-30
JAJ60801.1	N/A	4.99e-30
JAJ52727.1	N/A	5.23e-30
JAK95615.1	N/A	5.24e-30
JAL27598.1	N/A	5.51e-30
JAK36835.1	N/A	5.60e-30
JAL25653.1	N/A	5.84e-30
JAN34983.1	N/A	5.88e-30
JAJ89570.1	N/A	5.88e-30
JAN67924.1	N/A	5.93e-30
JAL96757.1	N/A	5.94e-30
HDC62849.1	N/A	5.99e-30
JAJ52703.1	N/A	6.04e-30
JAM44658.1	N/A	6.06e-30
HDC62850.1	N/A	6.15e-30
JAN37539.1	N/A	6.17e-30
JAN29731.1	N/A	6.18e-30
JAJ74107.1	N/A	6.20e-30
JAJ11613.1	N/A	6.20e-30
JAN32986.1	N/A	6.29e-30
JAN45272.1	N/A	6.44e-30
JAM68749.1	N/A	6.53e-30
HDC62848.1	N/A	7.11e-30
JAK72815.1	N/A	7.15e-30
JAL05754.1	N/A	7.16e-30
JAL05755.1	N/A	7.24e-30
HDC62843.1	N/A	7.33e-30
HDC62844.1	N/A	7.45e-30
JAN37766.1	N/A	7.86e-30
JAM01085.1	N/A	7.88e-30
JAJ46854.1	N/A	8.20e-30
HDB61493.1	N/A	8.35e-30
JAK54483.1	N/A	8.39e-30
HDC62853.1	N/A	8.41e-30
JAN52673.1	N/A	8.66e-30
JAK91711.1	N/A	8.66e-30
JAK72816.1	N/A	8.76e-30
JAL54300.1	N/A	8.82e-30
LAA07964.1	N/A	8.90e-30
HDC64321.1	N/A	8.96e-30
JAL07112.1	N/A	9.00e-30
JAV30594.1	N/A	9.00e-30
JAN29732.1	N/A	9.02e-30
HDC62851.1	N/A	9.06e-30
HDC63853.1	N/A	9.06e-30
JAN37533.1	N/A	9.09e-30
JAJ12764.1	N/A	9.09e-30
JAN31238.1	N/A	9.12e-30
SBR90915.1	N/A	9.15e-30
JAN30991.1	N/A	9.19e-30
HDB61494.1	N/A	9.24e-30
HDC65552.1	N/A	9.24e-30
SBR29851.1	N/A	9.34e-30
JAJ29329.1	N/A	9.35e-30
HDC62852.1	N/A	9.43e-30
HDC62846.1	N/A	9.52e-30
JAK00519.1	N/A	9.54e-30
JAK91710.1	N/A	9.57e-30
HDC64317.1	N/A	9.62e-30
HDB62726.1	N/A	9.72e-30
JAK91712.1	N/A	9.81e-30
HDB61497.1	N/A	9.92e-30
JAM48543.1	N/A	9.99e-30
JAL13486.1	N/A	1.01e-29
JAK56086.1	N/A	1.02e-29
HDC62845.1	N/A	1.02e-29
JAN56461.1	N/A	1.03e-29
JAN13960.1	N/A	1.04e-29
HDB61496.1	N/A	1.04e-29
HDC62847.1	N/A	1.06e-29
HDB61492.1	N/A	1.09e-29
JAK54484.1	N/A	1.09e-29
JAJ07314.1	N/A	1.10e-29
JAN47364.1	N/A	1.11e-29
LAA07962.1	N/A	1.12e-29
HDC65067.1	N/A	1.12e-29
JAL29547.1	N/A	1.12e-29
JAL29548.1	N/A	1.15e-29
JAN93094.1	N/A	1.20e-29
JAN55520.1	N/A	1.25e-29
JAN52672.1	N/A	1.26e-29
JAV30907.1	N/A	1.27e-29
JAN55519.1	N/A	1.28e-29
JAL10208.1	N/A	1.31e-29
HDC64319.1	N/A	1.33e-29
JAK19235.1	N/A	1.35e-29
HDC64320.1	N/A	1.36e-29
HDC64323.1	N/A	1.37e-29
HDB62723.1	N/A	1.40e-29
CDW45760.1	N/A	1.41e-29
HDC62842.1	N/A	1.43e-29
HDC64324.1	N/A	1.44e-29
JAL84231.1	N/A	1.45e-29
JAN76461.1	N/A	1.53e-29
JAM01080.1	N/A	1.54e-29
HDB61495.1	N/A	1.58e-29
HDB61491.1	N/A	1.62e-29
JAL10205.1	N/A	1.65e-29
MBY26703.1	N/A	1.78e-29
HDC63849.1	N/A	1.85e-29
JAN20753.1	N/A	1.86e-29
JAK38263.1	N/A	1.87e-29
JAN86703.1	N/A	1.93e-29
JAK15540.1	N/A	1.93e-29
JAL84232.1	N/A	1.99e-29
JAK54482.1	N/A	2.00e-29
JAL83968.1	N/A	2.06e-29
HDC64322.1	N/A	2.07e-29
JAJ68321.1	N/A	2.12e-29
JAL44399.1	N/A	2.16e-29
JAM60905.1	N/A	2.19e-29
JAM01083.1	N/A	2.25e-29
HDC64318.1	N/A	2.33e-29
JAN72760.1	N/A	2.35e-29
JAL44398.1	N/A	2.38e-29
JAL14498.1	N/A	2.43e-29
JAJ06588.1	N/A	2.46e-29
JAI68769.1	N/A	3.13e-29
JAM01081.1	N/A	3.28e-29
JAL40397.1	N/A	3.38e-29
JAN20748.1	N/A	3.47e-29
JAN62060.1	N/A	3.60e-29
JAL44401.1	N/A	3.64e-29
JAJ52707.1	N/A	3.64e-29
JAQ41277.1	N/A	3.68e-29
JAL07113.1	N/A	3.68e-29
JAK21430.1	N/A	3.71e-29
JAJ52758.1	N/A	3.72e-29
JAI68768.1	N/A	3.72e-29
JAL60349.1	N/A	3.73e-29
JAL98171.1	N/A	3.77e-29
JAK35107.1	N/A	3.84e-29
JAL54301.1	N/A	4.07e-29
JAL58048.1	N/A	4.22e-29
JAN20751.1	N/A	4.46e-29
JAM07679.1	N/A	4.67e-29
JAL74871.1	N/A	4.74e-29
JAJ13717.1	N/A	4.77e-29
JAL60289.1	N/A	4.87e-29
JAL42199.1	N/A	4.90e-29
JAK57981.1	N/A	4.96e-29
JAJ52706.1	N/A	5.04e-29
JAN63009.1	N/A	5.36e-29
JAL58047.1	N/A	5.75e-29
JAN22165.1	N/A	5.76e-29
JAK36832.1	N/A	5.79e-29
JAM07680.1	N/A	5.81e-29
JAK21232.1	N/A	6.16e-29
JAL58091.1	N/A	6.37e-29
JAN52668.1	N/A	6.67e-29
JAJ16785.1	N/A	6.69e-29
SBR48427.1	N/A	6.78e-29
JAN22166.1	N/A	6.83e-29
JAJ52728.1	N/A	6.86e-29
JAK78463.1	N/A	7.11e-29
JAK78465.1	N/A	7.40e-29
SBQ51727.1	N/A	7.41e-29
JAJ07311.1	N/A	7.58e-29
JAK78464.1	N/A	7.84e-29
JAJ52712.1	N/A	7.95e-29
JAL38853.1	N/A	8.00e-29
JAJ46850.1	N/A	8.01e-29
JAN37534.1	N/A	8.20e-29
JAJ52760.1	N/A	8.21e-29
JAL98172.1	N/A	8.38e-29
JAM43924.1	N/A	8.54e-29
JAL47578.1	N/A	8.55e-29
JAK36830.1	N/A	8.74e-29
JAL82287.1	N/A	9.21e-29
JAM52315.1	N/A	9.61e-29
JAM44657.1	N/A	9.62e-29
JAJ75168.1	N/A	9.86e-29
JAN78671.1	N/A	1.03e-28
JAL82285.1	N/A	1.04e-28
JAM92199.1	N/A	1.06e-28
SBP58898.1	N/A	1.07e-28
SBP18719.1	N/A	1.07e-28
MBW14918.1	N/A	1.12e-28
JAK21444.1	N/A	1.18e-28
JAL43671.1	N/A	1.25e-28
JAM81442.1	N/A	1.25e-28
HDA51136.1	N/A	1.26e-28
JAL13485.1	N/A	1.36e-28
JAL14504.1	N/A	1.39e-28
HDC63856.1	N/A	1.44e-28
HDB63586.1	N/A	1.66e-28
JAL82284.1	N/A	1.69e-28
JAG71747.1	N/A	1.71e-28
JAL23960.1	N/A	1.76e-28
JAK76166.1	N/A	1.82e-28
JAL80681.1	N/A	1.88e-28
JAM23532.1	N/A	2.14e-28
JAJ16787.1	N/A	2.18e-28
JAJ31038.1	N/A	2.22e-28
JAK90208.1	N/A	2.26e-28
JAJ18737.1	N/A	2.33e-28
JAM65169.1	N/A	2.40e-28
HDC63851.1	N/A	2.45e-28
JAN37043.1	N/A	2.53e-28
JAL14499.1	N/A	2.54e-28
JAL80447.1	N/A	2.71e-28
HDB63645.1	N/A	3.01e-28
JAL14496.1	N/A	3.18e-28
JAL14505.1	N/A	3.19e-28
JAK56082.1	N/A	3.20e-28
JAK36831.1	N/A	3.21e-28
HDB63646.1	N/A	3.23e-28
HDB63644.1	N/A	3.31e-28
JAM98097.1	N/A	3.52e-28
HDB63636.1	N/A	3.56e-28
JAL14500.1	N/A	3.58e-28
HDC65079.1	N/A	3.59e-28
JAK19234.1	N/A	3.60e-28
JAK98218.1	N/A	3.61e-28
JAK19236.1	N/A	3.61e-28
HDC65080.1	N/A	3.64e-28
HDB61413.1	N/A	3.64e-28
JAK98217.1	N/A	3.65e-28
HDB63635.1	N/A	3.66e-28
JAM69554.1	N/A	3.78e-28
JAK22765.1	N/A	4.05e-28
JAL10207.1	N/A	4.08e-28
JAN55521.1	N/A	4.35e-28
HDB61418.1	N/A	4.48e-28
HDB63637.1	N/A	4.50e-28
JAK19237.1	N/A	4.50e-28
JAK36833.1	N/A	4.54e-28
HDB61411.1	N/A	4.61e-28
HDB64295.1	N/A	4.67e-28
JAN88371.1	N/A	4.84e-28
JAK54485.1	N/A	4.87e-28
JAN11009.1	N/A	4.94e-28
CDW40350.1	N/A	4.98e-28
JAK98222.1	N/A	5.06e-28
HDC63811.1	N/A	5.09e-28
HDC63812.1	N/A	5.39e-28
HDB64294.1	N/A	5.46e-28
HDC62837.1	N/A	5.50e-28
JAM18043.1	N/A	5.52e-28
JAR68856.1	N/A	5.54e-28
JAL70159.1	N/A	5.58e-28
HDC62836.1	N/A	5.75e-28
JAK19232.1	N/A	5.87e-28
HDB61416.1	N/A	6.14e-28
HDB63649.1	N/A	6.26e-28
HDB64814.1	N/A	6.28e-28
HDB62778.1	N/A	6.35e-28
HDB64815.1	N/A	6.37e-28
HDC62840.1	N/A	6.41e-28
HDC62835.1	N/A	6.62e-28
JAL27606.1	N/A	6.69e-28
JAN18934.1	N/A	6.74e-28
JAL08505.1	N/A	6.79e-28
JAM82655.1	N/A	6.85e-28
JAL08504.1	N/A	6.91e-28
HDB61409.1	N/A	7.06e-28
HDB66377.1	N/A	7.09e-28
JAM43923.1	N/A	7.11e-28
HDB63640.1	N/A	7.27e-28
HDB63627.1	N/A	7.35e-28
HDB62770.1	N/A	7.38e-28
HDB62776.1	N/A	7.49e-28
HDB63626.1	N/A	7.54e-28
HDB61407.1	N/A	7.76e-28
HDC63809.1	N/A	7.76e-28
HDC62839.1	N/A	7.83e-28
HDB68732.1	N/A	7.96e-28
HDB66376.1	N/A	7.99e-28
JAL14501.1	N/A	8.05e-28
JAM98846.1	N/A	8.19e-28
HDB63643.1	N/A	8.44e-28
HDB62774.1	N/A	8.44e-28
HDB62772.1	N/A	8.49e-28
HDB62766.1	N/A	8.52e-28
HDB63628.1	N/A	8.55e-28
HDB61414.1	N/A	8.59e-28
JAL58092.1	N/A	8.59e-28
JAJ67422.1	N/A	8.66e-28
JAN55522.1	N/A	8.69e-28
HDB63642.1	N/A	8.75e-28
JAL55996.1	N/A	8.76e-28
HDC62834.1	N/A	8.85e-28
JAN25147.1	N/A	8.97e-28
JAJ83132.1	N/A	9.15e-28
HDC63810.1	N/A	9.16e-28
HDB62764.1	N/A	9.48e-28
HDB66374.1	N/A	9.86e-28
JAN52669.1	N/A	9.93e-28
HDC65078.1	N/A	1.00e-27
HDB63641.1	N/A	1.01e-27
HDB62768.1	N/A	1.05e-27
HDB63632.1	N/A	1.05e-27
HDB64818.1	N/A	1.07e-27
JAR82907.1	N/A	1.08e-27
HDC63815.1	N/A	1.09e-27
HDC64720.1	N/A	1.12e-27
JAM55048.1	N/A	1.12e-27
HDB63634.1	N/A	1.13e-27
JAM65650.1	N/A	1.14e-27
HDA51800.1	N/A	1.15e-27
HDB66371.1	N/A	1.16e-27
HDB63633.1	N/A	1.18e-27
HDB66372.1	N/A	1.18e-27
JAN36178.1	N/A	1.19e-27
HDB66379.1	N/A	1.19e-27
HDB64819.1	N/A	1.22e-27
HDC64719.1	N/A	1.23e-27
HDC63816.1	N/A	1.26e-27
HDB66370.1	N/A	1.27e-27
HDC64721.1	N/A	1.29e-27
HDC65287.1	N/A	1.30e-27
JAN55518.1	N/A	1.32e-27
HDB63631.1	N/A	1.34e-27
HDB62762.1	N/A	1.35e-27
JAK87373.1	N/A	1.36e-27
HDB66378.1	N/A	1.37e-27
JAN00545.1	N/A	1.38e-27
HDB64301.1	N/A	1.41e-27
JAM04872.1	N/A	1.45e-27
JAL54302.1	N/A	1.47e-27
HDC62838.1	N/A	1.47e-27
HDC64717.1	N/A	1.49e-27
HDA49190.1	N/A	1.52e-27
JAJ10861.1	N/A	1.57e-27
HDC63813.1	N/A	1.59e-27
HDB64299.1	N/A	1.60e-27
HDC65077.1	N/A	1.60e-27
HDC64716.1	N/A	1.67e-27
HDB68731.1	N/A	1.69e-27
HDB69895.1	N/A	1.75e-27
HDC70918.1	N/A	1.77e-27
HDB62756.1	N/A	1.85e-27
JAJ39543.1	N/A	1.89e-27
HDB62758.1	N/A	2.00e-27
HDB63624.1	N/A	2.01e-27
HDB66375.1	N/A	2.03e-27
HDB62760.1	N/A	2.12e-27
HDB66373.1	N/A	2.13e-27
HDB64820.1	N/A	2.19e-27
HDB63625.1	N/A	2.21e-27
HDB68663.1	N/A	2.21e-27
HDB62777.1	N/A	2.23e-27
HDB67715.1	N/A	2.23e-27
HDB63623.1	N/A	2.32e-27
HDB67718.1	N/A	2.42e-27
JAK90207.1	N/A	2.49e-27
HDB67719.1	N/A	2.53e-27
HDB64823.1	N/A	2.60e-27
HDB64817.1	N/A	2.63e-27
JAO79896.1	N/A	2.64e-27
HDB62769.1	N/A	2.64e-27
HDB67720.1	N/A	2.72e-27
HDB64824.1	N/A	2.81e-27
HDC65289.1	N/A	2.82e-27
HDC64713.1	N/A	2.89e-27
HDC64711.1	N/A	2.94e-27
HDB64305.1	N/A	3.07e-27
HDB67717.1	N/A	3.12e-27
HDC64712.1	N/A	3.16e-27
JAJ62840.1	N/A	3.32e-27
HDB67714.1	N/A	3.42e-27
HDB64816.1	N/A	3.43e-27
HDC64718.1	N/A	3.53e-27
JAI83530.1	N/A	3.54e-27
JAI84772.1	N/A	3.59e-27
JAJ26882.1	N/A	3.65e-27
JAN12402.1	N/A	3.87e-27
JAL92173.1	N/A	3.92e-27
JAN92961.1	N/A	4.15e-27
JAM64720.1	N/A	4.27e-27
JAM40633.1	N/A	4.38e-27
HDB64303.1	N/A	4.56e-27
JAJ26883.1	N/A	4.67e-27
HDC64714.1	N/A	4.72e-27
HCZ86391.1	N/A	4.74e-27
HDB62761.1	N/A	4.91e-27
JAM16837.1	N/A	4.94e-27
JAM15785.1	N/A	4.99e-27
HDB64825.1	N/A	5.16e-27
JAK88861.1	N/A	5.27e-27
JAM01082.1	N/A	5.49e-27
JAN18938.1	N/A	6.70e-27
HDC64710.1	N/A	7.10e-27
JAB01301.1	N/A	7.98e-27
HDB64822.1	N/A	8.04e-27
HDB65244.1	N/A	8.06e-27
HDB64821.1	N/A	8.25e-27
JAN18005.1	N/A	8.69e-27
JAN11010.1	N/A	8.94e-27
JAJ83084.1	N/A	8.97e-27
JAN42807.1	N/A	9.12e-27
JAN18007.1	N/A	9.36e-27
HDB67716.1	N/A	9.79e-27
JAN18001.1	N/A	9.91e-27
JAN34981.1	N/A	1.02e-26
JAI91462.1	N/A	1.03e-26
JAN18000.1	N/A	1.08e-26
JAJ19710.1	N/A	1.09e-26
JAN36181.1	N/A	1.12e-26
JAL29535.1	N/A	1.13e-26
JAN80010.1	N/A	1.13e-26
JAK26480.1	N/A	1.14e-26
HDB65249.1	N/A	1.15e-26
JAN48379.1	N/A	1.21e-26
HDB65246.1	N/A	1.22e-26
JAN32984.1	N/A	1.24e-26
JAN75169.1	N/A	1.25e-26
CDW38630.1	N/A	1.28e-26
AFP07039.1	N/A	1.32e-26
JAG09689.1	N/A	1.59e-26
JAK16691.1	N/A	1.65e-26
HDB65251.1	N/A	1.70e-26
JAN32985.1	N/A	1.71e-26
JAL58138.1	N/A	1.76e-26
SBP12009.1	N/A	2.02e-26
JAO99224.1	N/A	2.13e-26
JAK74278.1	N/A	2.34e-26
JAJ00968.1	N/A	2.44e-26
JAK21429.1	N/A	2.60e-26
JAG79904.1	N/A	2.70e-26
JAK74269.1	N/A	3.16e-26
JAL10204.1	N/A	3.55e-26
JAM63547.1	N/A	3.74e-26
SBP28903.1	N/A	4.32e-26
JAN36177.1	N/A	4.97e-26
MBW42950.1	N/A	5.21e-26
JAN20747.1	N/A	5.23e-26
JAO32832.1	N/A	5.23e-26
JAJ64946.1	N/A	5.60e-26
JAO99223.1	N/A	6.48e-26
JAK44105.1	N/A	7.08e-26
JAM06507.1	N/A	7.31e-26
JAJ22189.1	N/A	7.38e-26
JAM78405.1	N/A	7.72e-26
JAN81778.1	N/A	8.17e-26
JAM15743.1	N/A	8.88e-26
JAG36235.1	N/A	9.89e-26
JAN53407.1	N/A	1.05e-25
JAM53755.1	N/A	1.08e-25
JAN56359.1	N/A	1.10e-25
MBY23440.1	N/A	1.12e-25
JAK30271.1	N/A	1.14e-25
JAK85705.1	N/A	1.17e-25
JAN72268.1	N/A	1.18e-25
JAL09446.1	N/A	1.20e-25
HDC65288.1	N/A	1.23e-25
SBS57368.1	N/A	1.25e-25
JAN82040.1	N/A	1.39e-25
JAM10608.1	N/A	1.39e-25
JAL74713.1	N/A	1.41e-25
JAK81959.1	N/A	1.45e-25
JAM60514.1	N/A	1.71e-25
MBW68737.1	N/A	1.80e-25
MBW15218.1	N/A	1.81e-25
JAJ27505.1	N/A	1.88e-25
JAI85881.1	N/A	1.90e-25
JAN18933.1	N/A	2.06e-25
JAK36474.1	N/A	2.44e-25
JAV30491.1	N/A	2.55e-25
JAO51209.1	N/A	2.71e-25
MBY75083.1	N/A	2.77e-25
JAL93857.1	N/A	2.92e-25
JAW10971.1	N/A	3.17e-25
JAI93335.1	N/A	3.49e-25
JAN36420.1	N/A	3.82e-25
JAN32981.1	N/A	3.83e-25
SBP39322.1	N/A	3.98e-25
JAM19686.1	N/A	4.10e-25
JAI93336.1	N/A	4.15e-25
JAK35970.1	N/A	4.50e-25
JAN15853.1	N/A	5.04e-25
MBY24923.1	N/A	5.29e-25
MBW24803.1	N/A	5.50e-25
JAM23531.1	N/A	6.04e-25
SBQ33110.1	N/A	6.17e-25
JAJ13910.1	N/A	6.68e-25
JAN15855.1	N/A	6.83e-25
JAN15854.1	N/A	7.03e-25
SBP81901.1	N/A	7.16e-25
JAK74270.1	N/A	7.37e-25
JAL14497.1	N/A	7.72e-25
JAR67027.1	N/A	7.87e-25
JAK83095.1	N/A	8.26e-25
JAM08640.1	N/A	8.33e-25
JAK22568.1	N/A	8.51e-25
SBP02967.1	N/A	8.71e-25
JAM00971.1	N/A	8.90e-25
SBP18585.1	N/A	9.04e-25
JAN35320.1	N/A	9.29e-25
MOY45431.1	N/A	9.54e-25
JAJ08463.1	N/A	9.61e-25
JAJ98214.1	N/A	1.02e-24
HDB73223.1	N/A	1.06e-24
JAQ69592.1	N/A	1.08e-24
JAL49734.1	N/A	1.11e-24
JAM43305.1	N/A	1.16e-24
JAK70113.1	N/A	1.17e-24
JAK99149.1	N/A	1.22e-24
JAJ02178.1	N/A	1.43e-24
JAN44534.1	N/A	1.44e-24
JAA98843.1	N/A	1.60e-24
JAR72590.1	N/A	1.66e-24
SBP45186.1	N/A	1.70e-24
JAR48426.1	N/A	1.70e-24
SBP42303.1	N/A	1.78e-24
JAN84718.1	N/A	1.78e-24
JAK38893.1	N/A	1.87e-24
JAN32427.1	N/A	1.92e-24
JAR48421.1	N/A	1.96e-24
JAM99642.1	N/A	2.18e-24
JAK60212.1	N/A	2.20e-24
JAL78825.1	N/A	2.24e-24
JAK38892.1	N/A	2.25e-24
JAI98714.1	N/A	2.48e-24
JAL33923.1	N/A	2.79e-24
SBQ52259.1	N/A	2.98e-24
JAJ11706.1	N/A	3.13e-24
JAR81055.1	N/A	3.15e-24
JAM88803.1	N/A	3.22e-24
JAR81056.1	N/A	3.27e-24
JAK96352.1	N/A	3.40e-24
AEY61192.1	N/A	3.52e-24
JAR48423.1	N/A	3.61e-24
JAM29400.1	N/A	3.92e-24
JAM58881.1	N/A	4.09e-24
JAJ70154.1	N/A	4.40e-24
JAJ64152.1	N/A	4.97e-24
JAK66206.1	N/A	5.14e-24
JAI59576.1	N/A	5.21e-24
JAM30662.1	N/A	5.25e-24
JAJ23481.1	N/A	5.29e-24
JAM00973.1	N/A	6.14e-24
JAJ47662.1	N/A	6.30e-24
JAJ68504.1	N/A	6.59e-24
SBS42614.1	N/A	6.94e-24
JAM93797.1	N/A	7.00e-24
JAN06383.1	N/A	7.46e-24
JAL56873.1	N/A	8.20e-24
SBQ98945.1	N/A	8.22e-24
JAK15174.1	N/A	8.33e-24
JAJ41107.1	N/A	8.52e-24
JAL22185.1	N/A	8.71e-24
JAJ33338.1	N/A	9.42e-24
JAJ53571.1	N/A	9.77e-24
JAM00972.1	N/A	9.83e-24
JAJ57164.1	N/A	1.21e-23
AFP03346.1	N/A	1.26e-23
MBY74321.1	N/A	1.33e-23
JAM12163.1	N/A	1.52e-23
SBR90502.1	N/A	1.69e-23
JAP99012.1	N/A	1.74e-23
JAK25109.1	N/A	1.93e-23
JAL70028.1	N/A	2.01e-23
JAJ37954.1	N/A	2.19e-23
JAJ56956.1	N/A	3.97e-23
JAN31237.1	N/A	4.48e-23
SBS48935.1	N/A	4.77e-23
JAO93037.1	N/A	5.07e-23
AHH39082.1	N/A	5.24e-23
JAK27463.1	N/A	6.49e-23
JAN64911.1	N/A	6.67e-23
JAK30270.1	N/A	6.70e-23
JAL17236.1	N/A	7.26e-23
JAV06616.1	N/A	7.54e-23
JAA93013.1	N/A	7.66e-23
JAJ55410.1	N/A	8.28e-23
JAN65314.1	N/A	8.38e-23
JAV06687.1	N/A	8.56e-23
JAL29364.1	N/A	9.70e-23
JAM59544.1	N/A	1.00e-22
JAJ27614.1	N/A	1.05e-22
JAN45267.1	N/A	1.07e-22
JAS54789.1	N/A	1.09e-22
JAR28520.1	N/A	1.15e-22
JAJ69517.1	N/A	1.31e-22
JAR75737.1	N/A	1.41e-22
CDW39655.1	N/A	1.45e-22
JAI76445.1	N/A	1.49e-22
JAJ62962.1	N/A	1.51e-22
AEY58196.1	N/A	1.69e-22
JAM35470.1	N/A	1.81e-22
JAL11538.1	N/A	1.83e-22
JAV06630.1	N/A	1.85e-22
JAL23908.1	N/A	1.86e-22
JAT38467.1	N/A	1.90e-22
JAK70112.1	N/A	1.93e-22
JAJ03065.1	N/A	2.05e-22
JAV06617.1	N/A	2.29e-22
JAS44559.1	N/A	2.30e-22
HDB73902.1	N/A	2.41e-22
HDB72845.1	N/A	2.46e-22
SBP21394.1	N/A	2.95e-22
JAL93581.1	N/A	2.97e-22
JAG03726.1	N/A	3.12e-22
JAS42007.1	N/A	3.53e-22
JAD11040.1	N/A	4.05e-22
JAS52135.1	N/A	4.07e-22
JAK77256.1	N/A	4.23e-22
JAC47856.1	N/A	5.06e-22
JAJ45075.1	N/A	5.27e-22
JAK03282.1	N/A	5.57e-22
JAC04215.1	N/A	5.83e-22
JAN28194.1	N/A	5.90e-22
JAJ30611.1	N/A	6.43e-22
JAN40335.1	N/A	6.72e-22
JAS79665.1	N/A	6.89e-22
JAL08502.1	N/A	6.96e-22
SBR87581.1	N/A	7.04e-22
JAS39439.1	N/A	7.68e-22
JAN65315.1	N/A	8.00e-22
JAS22051.1	N/A	1.16e-21
JAT36067.1	N/A	1.23e-21
JAL94988.1	N/A	1.24e-21
JAT37998.1	N/A	1.37e-21
JAQ40076.1	N/A	1.53e-21
JAL77111.1	N/A	1.63e-21
JAN83162.1	N/A	1.68e-21
JAJ28759.1	N/A	1.89e-21
JAI94929.1	N/A	2.13e-21
JAN04839.1	N/A	2.66e-21
JAN11525.1	N/A	2.72e-21
JAI50335.1	N/A	2.79e-21
JAR72899.1	N/A	2.93e-21
JAC47857.1	N/A	3.16e-21
MOS19237.1	N/A	3.31e-21
JAJ28810.1	N/A	3.41e-21
JAL76886.1	N/A	3.71e-21
JAS11175.1	N/A	3.74e-21
JAJ42165.1	N/A	4.45e-21
MBW15542.1	N/A	4.82e-21
JAD03297.1	N/A	5.75e-21
JAM54209.1	N/A	6.67e-21
JAL17730.1	N/A	6.68e-21
JAJ33712.1	N/A	9.79e-21
JAN62155.1	N/A	9.93e-21
JAM21711.1	N/A	1.23e-20
JAN65657.1	N/A	1.27e-20
CCP78437.1	N/A	1.32e-20
SBQ61256.1	N/A	1.38e-20
JAI59577.1	N/A	1.38e-20
JAS26316.1	N/A	1.40e-20
JAN60630.1	N/A	1.66e-20
JAI85882.1	N/A	1.70e-20
JAK47661.1	N/A	1.78e-20
JAN41107.1	N/A	1.82e-20
JAM03123.1	N/A	2.01e-20
JAB00954.1	N/A	2.13e-20
JAN66519.1	N/A	2.24e-20
JAM32789.1	N/A	2.28e-20
JAC04214.1	N/A	2.30e-20
JAI59456.1	N/A	2.30e-20
JAL46543.1	N/A	2.35e-20
SBR68614.1	N/A	2.54e-20
JAR53933.1	N/A	2.64e-20
JAK30472.1	N/A	3.05e-20
JAC15131.1	N/A	3.09e-20
JAI59457.1	N/A	3.17e-20
JAK16273.1	N/A	3.23e-20
JAM86655.1	N/A	3.72e-20
JAG79452.1	N/A	3.72e-20
JAI93334.1	N/A	3.84e-20
JAN95273.1	N/A	4.20e-20
JAM55009.1	N/A	4.38e-20
JAR48422.1	N/A	4.56e-20
JAV29955.1	N/A	4.59e-20
JAV30012.1	N/A	5.41e-20
SBR85479.1	N/A	5.62e-20
JAK74277.1	N/A	5.63e-20
JAG75321.1	N/A	5.80e-20
JAN18008.1	N/A	5.95e-20
JAI59458.1	N/A	6.17e-20
JAM48597.1	N/A	6.54e-20
CDW48803.1	N/A	6.57e-20
JAK88854.1	N/A	6.87e-20
SBS09692.1	N/A	7.26e-20
JAL00235.1	N/A	7.81e-20
JAN15858.1	N/A	8.19e-20
SBP62961.1	N/A	8.77e-20
JAL42200.1	N/A	1.34e-19
JAV30132.1	N/A	1.46e-19
JAL47589.1	N/A	1.48e-19
JAV30186.1	N/A	1.56e-19
JAL38849.1	N/A	1.76e-19
JAL38849.1	N/A	4.80e-06
AFP10374.1	N/A	1.94e-19
JAV69110.1	N/A	1.94e-19
JAV30119.1	N/A	1.97e-19
JAN04838.1	N/A	2.04e-19
JAN81477.1	N/A	2.07e-19
JAL92864.1	N/A	2.15e-19
JAK81556.1	N/A	2.18e-19
JAV30189.1	N/A	2.28e-19
JAK38894.1	N/A	2.58e-19
JAN28432.1	N/A	2.65e-19
JAN28432.1	N/A	3.64e-06
JAC16708.1	N/A	2.65e-19
JAL40088.1	N/A	2.69e-19
JAJ81591.1	N/A	2.71e-19
JAJ39308.1	N/A	2.92e-19
JAN63115.1	N/A	2.95e-19
JAN10727.1	N/A	3.43e-19
JAM42133.1	N/A	3.55e-19
JAM42133.1	N/A	5.61e-06
JAM27909.1	N/A	3.77e-19
JAL52569.1	N/A	3.91e-19
CDG71962.1	N/A	4.04e-19
JAK61857.1	N/A	4.19e-19
HDC32928.1	N/A	4.78e-19
JAQ76281.1	N/A	4.93e-19
JAK63153.1	N/A	5.26e-19
JAA99658.1	N/A	5.53e-19
JAN07656.1	N/A	6.34e-19
HCZ80659.1	N/A	7.25e-19
JAL44397.1	N/A	7.81e-19
JAL91554.1	N/A	7.87e-19
JAM08522.1	N/A	8.02e-19
SBS05216.1	N/A	1.02e-18
JAT88500.1	N/A	1.03e-18
JAR22761.1	N/A	1.23e-18
JAK63001.1	N/A	1.27e-18
AFP08959.1	N/A	1.28e-18
JAJ69516.1	N/A	1.37e-18
HCZ74934.1	N/A	1.41e-18
JAL14495.1	N/A	1.55e-18
JAK64452.1	N/A	1.75e-18
JAV30467.1	N/A	1.76e-18
SBQ82257.1	N/A	1.77e-18
JAN57365.1	N/A	1.83e-18
JAL74020.1	N/A	2.05e-18
CDW23194.1	N/A	2.17e-18
JAK16467.1	N/A	2.28e-18
JAS47349.1	N/A	2.34e-18
MCH29436.1	N/A	2.36e-18
JAV30458.1	N/A	2.85e-18
JAJ19711.1	N/A	3.08e-18
SBR30450.1	N/A	3.13e-18
JAK58805.1	N/A	3.75e-18
JAK46951.1	N/A	4.49e-18
HDB70828.1	N/A	4.66e-18
JAN57173.1	N/A	5.27e-18
JAR11893.1	N/A	5.36e-18
JAM07678.1	N/A	5.75e-18
JAK47157.1	N/A	5.87e-18
JAV97099.1	N/A	5.90e-18
JAT00137.1	N/A	5.96e-18
JAJ71263.1	N/A	6.10e-18
JAJ71264.1	N/A	6.27e-18
JAK58804.1	N/A	6.33e-18
CDG70858.1	N/A	6.92e-18
HDB70827.1	N/A	7.00e-18
JAL36258.1	N/A	7.82e-18
JAR81482.1	N/A	7.84e-18
JAR49723.1	N/A	8.78e-18
MBW66364.1	N/A	8.79e-18
JAL10206.1	N/A	9.40e-18
CDW23193.1	N/A	9.46e-18
JAJ13006.1	N/A	9.85e-18
JAI73871.1	N/A	1.00e-17
JAN55526.1	N/A	1.05e-17
LAA10747.1	N/A	1.24e-17
JAN27967.1	N/A	1.32e-17
JAT21439.1	N/A	1.39e-17
JAW00863.1	N/A	1.45e-17
JAK88491.1	N/A	1.46e-17
JAJ26463.1	N/A	1.49e-17
JAJ54865.1	N/A	1.60e-17
JAJ62862.1	N/A	1.73e-17
JAQ51415.1	N/A	1.80e-17
CDW21828.1	N/A	1.82e-17
JAN62154.1	N/A	1.87e-17
MBY83219.1	N/A	2.04e-17
JAN62153.1	N/A	2.04e-17
SBQ72852.1	N/A	2.14e-17
JAM60745.1	N/A	2.32e-17
JAN13961.1	N/A	2.38e-17
CCP73259.1	N/A	2.40e-17
MBW14112.1	N/A	2.43e-17
JAK92950.1	N/A	2.47e-17
JAN83336.1	N/A	2.53e-17
JAM32883.1	N/A	2.58e-17
MBY20309.1	N/A	2.60e-17
JAM53754.1	N/A	2.65e-17
JAL58043.1	N/A	2.66e-17
JAL40087.1	N/A	2.69e-17
JAJ31208.1	N/A	2.91e-17
MBW16815.1	N/A	3.00e-17
JAN30666.1	N/A	3.06e-17
JAN62822.1	N/A	3.31e-17
JAK57975.1	N/A	3.42e-17
JAK84010.1	N/A	3.81e-17
JAI82063.1	N/A	3.96e-17
SBP42192.1	N/A	3.96e-17
JAJ32508.1	N/A	4.12e-17
JAL26929.1	N/A	4.14e-17
JAK51609.1	N/A	4.49e-17
MOS19602.1	N/A	4.58e-17
JAM65804.1	N/A	5.19e-17
JAV18891.1	N/A	5.61e-17
SBR61250.1	N/A	5.75e-17
SBR99089.1	N/A	6.60e-17
JAL20047.1	N/A	6.80e-17
SBR06041.1	N/A	6.81e-17
JAL86679.1	N/A	6.92e-17
SBQ49423.1	N/A	7.64e-17
JAL33088.1	N/A	8.19e-17
MXU95173.1	N/A	8.29e-17
SBR35732.1	N/A	8.78e-17
JAM65805.1	N/A	8.92e-17
JAI93390.1	N/A	9.60e-17
JAM96248.1	N/A	1.00e-16
JAJ52705.1	N/A	1.02e-16
JAK41409.1	N/A	1.09e-16
JAK08626.1	N/A	1.10e-16
JAJ51764.1	N/A	1.19e-16
HDA56455.1	N/A	1.25e-16
JAK26672.1	N/A	1.30e-16
JAJ51706.1	N/A	1.32e-16
JAL08079.1	N/A	1.35e-16
JAM80992.1	N/A	1.42e-16
JAW05697.1	N/A	1.43e-16
MOS13827.1	N/A	1.56e-16
JAL27408.1	N/A	1.60e-16
JAB36611.1	N/A	1.64e-16
NBJ57821.1	N/A	1.67e-16
JAL32087.1	N/A	1.69e-16
MBY09549.1	N/A	1.88e-16
JAK26422.1	N/A	1.90e-16
SBR43870.1	N/A	2.22e-16
JAM04265.1	N/A	2.42e-16
JAN06388.1	N/A	2.46e-16
JAK26423.1	N/A	2.55e-16
JAI66271.1	N/A	2.65e-16
MOS14411.1	N/A	2.67e-16
JAN51006.1	N/A	2.67e-16
JAG67239.1	N/A	2.69e-16
JAA03363.1	N/A	2.81e-16
JAC44122.1	N/A	2.84e-16
JAN32980.1	N/A	2.88e-16
JAK25373.1	N/A	3.07e-16
JAK26421.1	N/A	3.10e-16
JAV06613.1	N/A	3.14e-16
SBP16423.1	N/A	3.17e-16
SBP16091.1	N/A	3.20e-16
JAB25148.1	N/A	3.37e-16
JAL70278.1	N/A	3.38e-16
JAI84535.1	N/A	3.42e-16
JAI84531.1	N/A	3.75e-16
JAI84532.1	N/A	3.75e-16
MOS20645.1	N/A	3.77e-16
JAL07490.1	N/A	3.78e-16
JAJ52704.1	N/A	3.86e-16
JAI84533.1	N/A	3.89e-16
JAK43285.1	N/A	4.02e-16
JAK04280.1	N/A	4.14e-16
JAM77958.1	N/A	4.21e-16
MOS19969.1	N/A	4.21e-16
JAN83616.1	N/A	4.42e-16
JAJ75171.1	N/A	4.54e-16
JAM64591.1	N/A	4.58e-16
JAL02903.1	N/A	4.69e-16
JAB05283.1	N/A	4.79e-16
JAK25375.1	N/A	4.91e-16
JAK93096.1	N/A	5.10e-16
JAR90617.1	N/A	5.51e-16
JAR37833.1	N/A	6.05e-16
JAL00943.1	N/A	6.15e-16
SBP76887.1	N/A	6.38e-16
JAJ53378.1	N/A	6.50e-16
JAL89174.1	N/A	6.88e-16
JAL89174.1	N/A	3.23e-08
JAN47417.1	N/A	6.99e-16
JAL51405.1	N/A	7.17e-16
JAL22751.1	N/A	7.38e-16
JAJ21809.1	N/A	7.51e-16
JAJ32509.1	N/A	7.79e-16
SBQ32802.1	N/A	7.95e-16
JAK93097.1	N/A	8.30e-16
HCZ87344.1	N/A	8.48e-16
JAJ36205.1	N/A	8.52e-16
JAK25374.1	N/A	9.18e-16
SBS02599.1	N/A	9.29e-16
SBP80126.1	N/A	9.49e-16
JAG82274.1	N/A	9.54e-16
SBP44163.1	N/A	9.79e-16
SBQ87056.1	N/A	1.02e-15
JAK36258.1	N/A	1.04e-15
JAJ64852.1	N/A	1.05e-15
SBP53518.1	N/A	1.06e-15
SBS11652.1	N/A	1.07e-15
JAL77511.1	N/A	1.11e-15
SBR60318.1	N/A	1.16e-15
JAK27668.1	N/A	1.18e-15
MOS19138.1	N/A	1.21e-15
SBS13350.1	N/A	1.22e-15
JAM53150.1	N/A	1.27e-15
SBP03955.1	N/A	1.27e-15
JAR34304.1	N/A	1.32e-15
MOS16332.1	N/A	1.33e-15
JAJ73703.1	N/A	1.33e-15
SBP09273.1	N/A	1.37e-15
JAK27669.1	N/A	1.52e-15
SBP32588.1	N/A	1.59e-15
SBQ72742.1	N/A	1.59e-15
LAA77101.1	N/A	1.69e-15
SBQ66378.1	N/A	1.76e-15
SBR06358.1	N/A	1.77e-15
AHH38087.1	N/A	1.80e-15
JAL82961.1	N/A	1.94e-15
SBP57042.1	N/A	1.99e-15
SBP75113.1	N/A	2.03e-15
JAC12301.1	N/A	2.07e-15
JAK38888.1	N/A	2.09e-15
JAK27670.1	N/A	2.22e-15
JAG78599.1	N/A	2.25e-15
JAL58042.1	N/A	2.33e-15
CDW21666.1	N/A	2.34e-15
JAR63632.1	N/A	2.36e-15
JAO03327.1	N/A	2.43e-15
JAM77007.1	N/A	2.45e-15
CCP79190.1	N/A	2.52e-15
SBR41600.1	N/A	2.52e-15
SBP48232.1	N/A	2.60e-15
JAK78462.1	N/A	2.70e-15
SBP59344.1	N/A	2.78e-15
SBR02860.1	N/A	2.84e-15
JAR85488.1	N/A	2.86e-15
JAR85751.1	N/A	2.87e-15
JAM91892.1	N/A	3.04e-15
JAQ72948.1	N/A	3.06e-15
SBP64410.1	N/A	3.25e-15
SBP18472.1	N/A	3.27e-15
JAK66205.1	N/A	3.29e-15
JAI92032.1	N/A	3.32e-15
JAM44708.1	N/A	3.48e-15
JAJ20889.1	N/A	3.51e-15
JAN09171.1	N/A	3.75e-15
JAJ52709.1	N/A	3.77e-15
JAJ56709.1	N/A	3.78e-15
SBS19225.1	N/A	3.80e-15
JAK61856.1	N/A	3.84e-15
JAQ74031.1	N/A	3.87e-15
JAJ03718.1	N/A	4.09e-15
ADY44223.1	N/A	4.48e-15
HDB73224.1	N/A	4.51e-15
SBQ65642.1	N/A	4.51e-15
JAJ01105.1	N/A	4.54e-15
JAJ24609.1	N/A	4.59e-15
JAQ39883.1	N/A	4.65e-15
JAR89798.1	N/A	4.71e-15
JAI59581.1	N/A	4.78e-15
JAJ08458.1	N/A	4.79e-15
JAO87608.1	N/A	4.85e-15
JAJ08464.1	N/A	4.88e-15
JAM80162.1	N/A	5.66e-15
JAK93414.1	N/A	5.87e-15
JAJ08967.1	N/A	6.01e-15
CCP82651.1	N/A	6.15e-15
JAJ24265.1	N/A	6.32e-15
JAB26719.1	N/A	6.59e-15
JAI87429.1	N/A	7.20e-15
JAJ16732.1	N/A	7.20e-15
JAK34189.1	N/A	7.38e-15
JAN51888.1	N/A	7.68e-15
CDG72124.1	N/A	7.72e-15
JAI94921.1	N/A	7.89e-15
JAR48425.1	N/A	8.11e-15
JAJ57115.1	N/A	8.38e-15
AHH38144.1	N/A	8.52e-15
JAQ17510.1	N/A	8.52e-15
MOS20260.1	N/A	8.54e-15
SBP04289.1	N/A	8.60e-15
JAK91613.1	N/A	8.82e-15
JAJ32980.1	N/A	9.06e-15
JAC02642.1	N/A	9.25e-15
MBY05581.1	N/A	1.01e-14
JAM14863.1	N/A	1.07e-14
LAB72039.1	N/A	1.08e-14
JAR62785.1	N/A	1.10e-14
JAI84534.1	N/A	1.14e-14
JAM27910.1	N/A	1.16e-14
MOS18939.1	N/A	1.24e-14
MBY81552.1	N/A	1.27e-14
JAB56256.1	N/A	1.27e-14
SBQ61405.1	N/A	1.36e-14
JAQ70295.1	N/A	1.56e-14
JAN97418.1	N/A	1.57e-14
JAM75107.1	N/A	1.63e-14
MOS19226.1	N/A	1.66e-14
JAK88564.1	N/A	1.67e-14
JAA74417.1	N/A	1.74e-14
JAM16105.1	N/A	1.89e-14
JAM18132.1	N/A	2.02e-14
MBX92091.1	N/A	2.34e-14
JAM76355.1	N/A	2.35e-14
JAN68825.1	N/A	2.53e-14
JAN68825.1	N/A	1.80e-08
SBS18971.1	N/A	2.65e-14
JAJ13457.1	N/A	2.69e-14
SBP42007.1	N/A	2.69e-14
SBP16234.1	N/A	2.72e-14
JAB13581.1	N/A	2.75e-14
AHH39611.1	N/A	2.88e-14
JAL82283.1	N/A	2.98e-14
MAA21134.1	N/A	3.00e-14
JAP66986.1	N/A	3.02e-14
JAP77327.1	N/A	3.06e-14
JAO59308.1	N/A	3.07e-14
JAJ37110.1	N/A	3.07e-14
AER99323.1	N/A	3.08e-14
JAA62828.1	N/A	3.14e-14
JAL95028.1	N/A	3.20e-14
JAA62979.1	N/A	3.23e-14
JAA93851.1	N/A	3.25e-14
HDB70574.1	N/A	3.38e-14
JAJ46856.1	N/A	3.38e-14
HCZ77214.1	N/A	3.39e-14
JAQ99853.1	N/A	3.45e-14
JAQ98063.1	N/A	3.47e-14
JAI89620.1	N/A	3.66e-14
AHH40085.1	N/A	3.67e-14
JAJ46855.1	N/A	3.81e-14
JAD10525.1	N/A	3.92e-14
HDB61648.1	N/A	4.14e-14
SBP21909.1	N/A	4.22e-14
SBS18068.1	N/A	4.24e-14
JAA78430.1	N/A	4.26e-14
MBY75002.1	N/A	4.27e-14
HDB44672.1	N/A	4.43e-14
MBY18623.1	N/A	4.58e-14
HDC40555.1	N/A	4.65e-14
HDB51554.1	N/A	5.07e-14
MBY80350.1	N/A	5.14e-14
HDB26809.1	N/A	5.23e-14
JAJ13458.1	N/A	5.29e-14
JAM99740.1	N/A	5.64e-14
JAM99740.1	N/A	1.87e-13
HDA47972.1	N/A	6.16e-14
HDA49590.1	N/A	6.36e-14
MBW13337.1	N/A	6.40e-14
JAA13963.1	N/A	6.83e-14
JAV65880.1	N/A	6.96e-14
CDW29551.1	N/A	6.97e-14
HDB40541.1	N/A	7.21e-14
JAC04794.1	N/A	7.45e-14
AFP00411.1	N/A	7.46e-14
SBS48262.1	N/A	7.72e-14
MBY73820.1	N/A	7.88e-14
JAK81505.1	N/A	7.97e-14
JAV06627.1	N/A	8.10e-14
JAJ59479.1	N/A	8.22e-14
JAB19591.1	N/A	8.35e-14
MBY87036.1	N/A	8.55e-14
JAQ42019.1	N/A	9.08e-14
JAJ52708.1	N/A	9.08e-14
MBW16119.1	N/A	9.45e-14
SBP50096.1	N/A	9.58e-14
JAK05120.1	N/A	9.64e-14
HCZ84288.1	N/A	9.99e-14
HDB44571.1	N/A	1.02e-13
JAJ49156.1	N/A	1.03e-13
JAM76452.1	N/A	1.05e-13
JAN56459.1	N/A	1.09e-13
HDC53065.1	N/A	1.10e-13
JAM88572.1	N/A	1.16e-13
JAQ31759.1	N/A	1.16e-13
MBY20487.1	N/A	1.19e-13
HDB66889.1	N/A	1.24e-13
JAV06715.1	N/A	1.28e-13
JAM43688.1	N/A	1.33e-13
JAI50100.1	N/A	1.34e-13
HDB73378.1	N/A	1.41e-13
HDC72307.1	N/A	1.47e-13
JAB21395.1	N/A	1.50e-13
JAB21394.1	N/A	1.57e-13
HDA81127.1	N/A	1.59e-13
HDA55003.1	N/A	1.63e-13
JAL29077.1	N/A	1.98e-13
JAJ75370.1	N/A	2.03e-13
HCZ89114.1	N/A	2.06e-13
JAK47372.1	N/A	2.17e-13
MOS21884.1	N/A	2.23e-13
JAI63615.1	N/A	2.31e-13
JAM61359.1	N/A	2.32e-13
JAJ25060.1	N/A	2.38e-13
JAK60565.1	N/A	2.45e-13
JAJ13456.1	N/A	2.46e-13
JAN41155.1	N/A	2.52e-13
JAQ42449.1	N/A	2.58e-13
SBP62105.1	N/A	2.68e-13
JAQ88988.1	N/A	2.77e-13
JAO03619.1	N/A	2.78e-13
MOS18872.1	N/A	2.78e-13
JAJ41317.1	N/A	2.79e-13
SBP55463.1	N/A	3.00e-13
JAS10073.1	N/A	3.04e-13
JAJ02174.1	N/A	3.10e-13
CEK66180.1	N/A	3.42e-13
JAL39525.1	N/A	3.46e-13
JAT99848.1	N/A	3.75e-13
SBP65950.1	N/A	3.93e-13
MOS16729.1	N/A	3.96e-13
JAK90997.1	N/A	4.51e-13
JAI63616.1	N/A	4.57e-13
JAC16710.1	N/A	4.79e-13
JAQ82397.1	N/A	4.85e-13
JAT00622.1	N/A	4.90e-13
JAN99535.1	N/A	5.01e-13
JAD10946.1	N/A	5.02e-13
JAT93661.1	N/A	5.35e-13
JAI81929.1	N/A	5.51e-13
JAI61689.1	N/A	5.53e-13
JAJ21021.1	N/A	5.62e-13
SBS46466.1	N/A	5.68e-13
SBR53839.1	N/A	5.88e-13
JAN73548.1	N/A	6.00e-13
JAV84382.1	N/A	6.01e-13
SBQ52758.1	N/A	6.04e-13
JAB69419.1	N/A	6.15e-13
JAM65216.1	N/A	6.23e-13
JAK10028.1	N/A	6.28e-13
MBY81253.1	N/A	6.36e-13
HDA93468.1	N/A	6.37e-13
JAM77066.1	N/A	6.38e-13
HDB33137.1	N/A	6.59e-13
JAJ66463.1	N/A	6.60e-13
JAL18491.1	N/A	6.63e-13
SBR57879.1	N/A	6.75e-13
MBY09253.1	N/A	6.85e-13
AHH40630.1	N/A	6.93e-13
JAK11789.1	N/A	6.97e-13
JAO87607.1	N/A	7.10e-13
JAM39800.1	N/A	7.11e-13
MOS14933.1	N/A	7.12e-13
JAK82149.1	N/A	7.21e-13
SBQ34827.1	N/A	7.44e-13
JAB30647.1	N/A	7.50e-13
JAL90769.1	N/A	7.50e-13
JAR69045.1	N/A	7.68e-13
HCZ81068.1	N/A	7.88e-13
SBP20921.1	N/A	7.96e-13
SBP52027.1	N/A	8.08e-13
HDB02765.1	N/A	8.15e-13
JAB30646.1	N/A	8.23e-13
JAQ77980.1	N/A	8.33e-13
JAM07539.1	N/A	8.44e-13
HDA84549.1	N/A	8.75e-13
JAB15881.1	N/A	8.94e-13
JAK49141.1	N/A	9.11e-13
HDA46616.1	N/A	9.28e-13
JAR74776.1	N/A	9.82e-13
JAP84627.1	N/A	1.02e-12
JAL36308.1	N/A	1.02e-12
JAN18391.1	N/A	1.07e-12
JAI90826.1	N/A	1.07e-12
MOS18101.1	N/A	1.10e-12
SBS41141.1	N/A	1.13e-12
JAN41158.1	N/A	1.20e-12
MDE45009.1	N/A	1.28e-12
SBP50573.1	N/A	1.28e-12
JAM82648.1	N/A	1.31e-12
JAG78860.1	N/A	1.33e-12
JAJ58007.1	N/A	1.40e-12
AFO95143.1	N/A	1.43e-12
JAN83363.1	N/A	1.44e-12
JAN28435.1	N/A	1.46e-12
JAV36860.1	N/A	1.49e-12
JAL12207.1	N/A	1.54e-12
HDB29001.1	N/A	1.57e-12
JAN28436.1	N/A	1.59e-12
MBW14700.1	N/A	1.67e-12
CDG71483.1	N/A	1.71e-12
JAK85795.1	N/A	1.73e-12
SBQ91352.1	N/A	1.74e-12
JAL60292.1	N/A	1.81e-12
SBR67582.1	N/A	1.83e-12
JAG03839.1	N/A	1.83e-12
JAO32833.1	N/A	1.83e-12
SBP50700.1	N/A	1.84e-12
MBY07040.1	N/A	1.88e-12
SBP45430.1	N/A	1.91e-12
JAR84534.1	N/A	1.91e-12
SBP71456.1	N/A	1.93e-12
JAC39471.1	N/A	1.97e-12
SBP21176.1	N/A	1.98e-12
SBP01414.1	N/A	1.98e-12
JAJ69768.1	N/A	1.99e-12
SBR28639.1	N/A	2.00e-12
SBS12417.1	N/A	2.06e-12
HDB47173.1	N/A	2.09e-12
JAL02408.1	N/A	2.10e-12
SBP62836.1	N/A	2.12e-12
SBR06800.1	N/A	2.15e-12
HDB42719.1	N/A	2.18e-12
CCP84381.1	N/A	2.19e-12
SBR40454.1	N/A	2.20e-12
JAG54984.1	N/A	2.20e-12
ADY45970.1	N/A	2.23e-12
JAG05921.1	N/A	2.24e-12
NOV40473.1	N/A	2.26e-12
ADY45282.1	N/A	2.40e-12
SBQ98857.1	N/A	2.41e-12
SBP84414.1	N/A	2.42e-12
HDB30562.1	N/A	2.48e-12
MBY70726.1	N/A	2.54e-12
LAC27443.1	N/A	2.59e-12
JAQ80314.1	N/A	2.59e-12
JAB25306.1	N/A	2.60e-12
JAL75672.1	N/A	2.60e-12
JAC00469.1	N/A	2.63e-12
JAR81152.1	N/A	2.69e-12
MOS21756.1	N/A	3.00e-12
HDC48552.1	N/A	3.01e-12
SBR30040.1	N/A	3.04e-12
SBQ88656.1	N/A	3.11e-12
MOY40146.1	N/A	3.29e-12
JAJ95502.1	N/A	3.30e-12
JAC59317.1	N/A	3.31e-12
SBS08361.1	N/A	3.35e-12
JAQ69080.1	N/A	3.55e-12
SBQ56326.1	N/A	3.59e-12
JAR89690.1	N/A	3.61e-12
ADY46424.1	N/A	3.66e-12
MOS21096.1	N/A	3.67e-12
SBQ67961.1	N/A	3.67e-12
JAR00200.1	N/A	3.73e-12
JAR00200.1	N/A	2.59e-11
JAT06339.1	N/A	3.77e-12
SBQ46484.1	N/A	3.94e-12
SBR58769.1	N/A	4.05e-12
MBY04201.1	N/A	4.07e-12
CDW29179.1	N/A	4.07e-12
JAR53086.1	N/A	4.07e-12
JAB14560.1	N/A	4.12e-12
JAK08839.1	N/A	4.24e-12
JAL11913.1	N/A	4.27e-12
AFE78450.1	N/A	4.38e-12
JAR74478.1	N/A	4.42e-12
JAR82633.1	N/A	4.46e-12
SBP24472.1	N/A	4.47e-12
SBS47974.1	N/A	4.48e-12
SBP37046.1	N/A	4.55e-12
SBR41888.1	N/A	4.67e-12
CDW29178.1	N/A	4.71e-12
JAD12558.1	N/A	4.73e-12
MDE50561.1	N/A	4.91e-12
JAD12469.1	N/A	5.00e-12
JAR78081.1	N/A	5.03e-12
SBP10081.1	N/A	5.11e-12
JAR34344.1	N/A	5.41e-12
SBQ66421.1	N/A	5.61e-12
JAW11505.1	N/A	5.74e-12
JAB05614.1	N/A	5.81e-12
JAR82245.1	N/A	5.87e-12
JAP69991.1	N/A	5.88e-12
JAW11719.1	N/A	5.98e-12
JAJ48118.1	N/A	6.00e-12
JAG65756.1	N/A	6.03e-12
JAN53508.1	N/A	6.09e-12
SBP45269.1	N/A	6.16e-12
SBP50990.1	N/A	6.35e-12
SBP02457.1	N/A	6.43e-12
JAR34345.1	N/A	6.66e-12
MDE51743.1	N/A	6.81e-12
JAR34342.1	N/A	6.83e-12
JAK94647.1	N/A	6.88e-12
JAL09962.1	N/A	6.89e-12
JAT33217.1	N/A	7.13e-12
JAR74833.1	N/A	7.23e-12
SNX37469.1	N/A	7.24e-12
MOS12705.1	N/A	7.34e-12
JAR34343.1	N/A	7.47e-12
JAN20508.1	N/A	7.65e-12
SBP51726.1	N/A	7.85e-12
JAN00692.1	N/A	7.88e-12
JAR34346.1	N/A	7.93e-12
AHH39222.1	N/A	7.99e-12
JAR68683.1	N/A	8.10e-12
JAO01627.1	N/A	8.21e-12
JAV34440.1	N/A	8.45e-12
JAV72092.1	N/A	8.55e-12
JAN74972.1	N/A	8.60e-12
JAN91862.1	N/A	8.85e-12
JAR74794.1	N/A	9.20e-12
JAW11038.1	N/A	9.69e-12
JAJ78223.1	N/A	9.72e-12
JAM75868.1	N/A	1.01e-11
JAQ54769.1	N/A	1.03e-11
SBS49666.1	N/A	1.04e-11
MBY30710.1	N/A	1.04e-11
JAB57007.1	N/A	1.05e-11
JAT37308.1	N/A	1.07e-11
MOS20868.1	N/A	1.07e-11
JAM97091.1	N/A	1.08e-11
MAA26358.1	N/A	1.08e-11
SBP60454.1	N/A	1.09e-11
CCP87359.1	N/A	1.13e-11
SBR40332.1	N/A	1.20e-11
SBP78877.1	N/A	1.21e-11
JAN03391.1	N/A	1.26e-11
SBP62225.1	N/A	1.27e-11
JAB56298.1	N/A	1.27e-11
JAB91607.1	N/A	1.28e-11
JAL58838.1	N/A	1.29e-11
MBW13114.1	N/A	1.31e-11
JAG72747.1	N/A	1.31e-11
MBY82258.1	N/A	1.32e-11
JAK00391.1	N/A	1.32e-11
JAM28361.1	N/A	1.34e-11
LAB30437.1	N/A	1.34e-11
MBW14219.1	N/A	1.34e-11
JAL51404.1	N/A	1.34e-11
CDW24249.1	N/A	1.35e-11
HDB33187.1	N/A	1.48e-11
JAI89632.1	N/A	1.48e-11
SBQ52625.1	N/A	1.52e-11
JAL34645.1	N/A	1.53e-11
JAL34646.1	N/A	1.54e-11
JAB23847.1	N/A	1.58e-11
HDB75446.1	N/A	1.60e-11
JAN29633.1	N/A	1.61e-11
JAN65620.1	N/A	1.61e-11
JAN96523.1	N/A	1.69e-11
JAK55033.1	N/A	1.76e-11
JAJ66071.1	N/A	1.77e-11
JAL83636.1	N/A	1.78e-11
JAJ99036.1	N/A	1.80e-11
SBR45756.1	N/A	1.81e-11
JAN62221.1	N/A	1.83e-11
JAM53665.1	N/A	1.84e-11
JAI82171.1	N/A	1.87e-11
JAK38081.1	N/A	1.89e-11
JAL11098.1	N/A	1.89e-11
HCZ76651.1	N/A	1.92e-11
SBP48909.1	N/A	1.92e-11
JAK52274.1	N/A	1.96e-11
JAI70776.1	N/A	2.02e-11
MDE49018.1	N/A	2.04e-11
JAN64318.1	N/A	2.07e-11
JAL77412.1	N/A	2.14e-11
JAR68773.1	N/A	2.14e-11
JAN57017.1	N/A	2.16e-11
SBQ48129.1	N/A	2.18e-11
ADY47194.1	N/A	2.20e-11
JAO93039.1	N/A	2.27e-11
SBQ62070.1	N/A	2.30e-11
JAR45427.1	N/A	2.32e-11
JAN14883.1	N/A	2.32e-11
JAM96072.1	N/A	2.32e-11
JAQ82396.1	N/A	2.36e-11
SBP45342.1	N/A	2.41e-11
MBY78682.1	N/A	2.51e-11
JAN70377.1	N/A	2.60e-11
JAQ82262.1	N/A	2.61e-11
JAN98452.1	N/A	2.65e-11
AHH37375.1	N/A	2.69e-11
HDB74108.1	N/A	2.73e-11
JAQ00728.1	N/A	2.84e-11
SBP44049.1	N/A	2.89e-11
JAL54895.1	N/A	2.93e-11
CCP84781.1	N/A	2.93e-11
JAP99132.1	N/A	2.94e-11
SBP74070.1	N/A	2.96e-11
CDG71456.1	N/A	3.03e-11
MDE48078.1	N/A	3.03e-11
JAC59336.1	N/A	3.06e-11
JAG71682.1	N/A	3.06e-11
MBW15491.1	N/A	3.09e-11
JAB99735.1	N/A	3.12e-11
JAI53178.1	N/A	3.17e-11
SBQ58214.1	N/A	3.27e-11
CDW27102.1	N/A	3.31e-11
JAI73657.1	N/A	3.47e-11
AEO33479.1	N/A	3.65e-11
JAT84928.1	N/A	3.73e-11
AFJ70340.1	N/A	3.80e-11
JAV19226.1	N/A	3.83e-11
SBQ52285.1	N/A	3.83e-11
JAS09647.1	N/A	3.96e-11
JAR68379.1	N/A	3.96e-11
JAP58756.1	N/A	4.08e-11
JAQ78274.1	N/A	4.14e-11
SBP19712.1	N/A	4.18e-11
SBP08961.1	N/A	4.22e-11
MBY05256.1	N/A	4.31e-11
MOS20869.1	N/A	4.37e-11
SBR46266.1	N/A	4.60e-11
MAA38671.1	N/A	4.61e-11
JAT26743.1	N/A	4.63e-11
SBP67232.1	N/A	4.68e-11
JAJ33043.1	N/A	4.69e-11
MBY84856.1	N/A	4.90e-11
JAP64472.1	N/A	4.94e-11
SBP52165.1	N/A	4.94e-11
JAI89631.1	N/A	4.98e-11
JAV52394.1	N/A	5.25e-11
SBP04288.1	N/A	5.33e-11
HDC69721.1	N/A	5.35e-11
MBY79937.1	N/A	5.61e-11
JAC01768.1	N/A	5.76e-11
JAP01984.1	N/A	5.92e-11
HDA71699.1	N/A	5.93e-11
JAI64079.1	N/A	6.14e-11
JAC35753.1	N/A	6.18e-11
JAS11477.1	N/A	6.21e-11
JAQ35591.1	N/A	6.26e-11
JAK24670.1	N/A	6.37e-11
AFH30485.1	N/A	6.50e-11
AFE68441.1	N/A	6.72e-11
SBP47973.1	N/A	6.79e-11
JAR11381.1	N/A	6.80e-11
SBR04314.1	N/A	6.85e-11
JAQ44823.1	N/A	7.05e-11
JAL49853.1	N/A	7.05e-11
JAQ60563.1	N/A	7.07e-11
MBY12049.1	N/A	7.08e-11
SBQ51839.1	N/A	7.17e-11
JAN95991.1	N/A	7.19e-11
JAR83587.1	N/A	7.42e-11
JAC41486.1	N/A	7.48e-11
AFH30272.1	N/A	7.71e-11
MBY24612.1	N/A	7.71e-11
SBP18964.1	N/A	7.79e-11
JAV52395.1	N/A	7.85e-11
MOS20175.1	N/A	7.95e-11
JAK20016.1	N/A	8.24e-11
JAJ11073.1	N/A	8.34e-11
MOS20148.1	N/A	8.43e-11
JAK47382.1	N/A	8.79e-11
JAC16120.1	N/A	8.80e-11
SBP85689.1	N/A	8.84e-11
JAR37693.1	N/A	8.85e-11
JAL26938.1	N/A	8.94e-11
JAG73807.1	N/A	9.08e-11
JAL71817.1	N/A	9.13e-11
JAS87547.1	N/A	9.24e-11
CCP80453.1	N/A	9.47e-11
JAR37692.1	N/A	9.61e-11
SBR39549.1	N/A	9.77e-11
SBP01490.1	N/A	1.04e-10
MOS17958.1	N/A	1.05e-10
JAW05674.1	N/A	1.07e-10
JAQ73772.1	N/A	1.07e-10
CDG67423.1	N/A	1.11e-10
JAB89795.1	N/A	1.12e-10
SBS47690.1	N/A	1.12e-10
HCZ74714.1	N/A	1.13e-10
SBR01172.1	N/A	1.13e-10
MOS24969.1	N/A	1.16e-10
JAO05021.1	N/A	1.16e-10
JAM30419.1	N/A	1.17e-10
JAC84969.1	N/A	1.18e-10
HDA82053.1	N/A	1.19e-10
MBY32240.1	N/A	1.20e-10
SBR50472.1	N/A	1.24e-10
MBW69440.1	N/A	1.26e-10
MDE51051.1	N/A	1.27e-10
CCP73723.1	N/A	1.30e-10
HCZ92250.1	N/A	1.30e-10
JAT18453.1	N/A	1.30e-10
AFH28224.1	N/A	1.30e-10
JAG82968.1	N/A	1.31e-10
HDB02962.1	N/A	1.31e-10
JAK10186.1	N/A	1.34e-10
SBP02681.1	N/A	1.34e-10
HDB22536.1	N/A	1.36e-10
JAN39788.1	N/A	1.36e-10
JAA52347.1	N/A	1.38e-10
SBP16532.1	N/A	1.39e-10
JAC19983.1	N/A	1.39e-10
JAA52346.1	N/A	1.42e-10
JAI92038.1	N/A	1.46e-10
JAM39386.1	N/A	1.48e-10
JAL78334.1	N/A	1.48e-10
MOS20529.1	N/A	1.49e-10
JAL55722.1	N/A	1.50e-10
JAM84906.1	N/A	1.51e-10
SBR75462.1	N/A	1.51e-10
SBP27079.1	N/A	1.52e-10
JAA92964.1	N/A	1.53e-10
JAM31536.1	N/A	1.53e-10
JAP80296.1	N/A	1.54e-10
JAQ60119.1	N/A	1.57e-10
MOS19879.1	N/A	1.61e-10
SBP73730.1	N/A	1.63e-10
MDE51426.1	N/A	1.66e-10
JAB26732.1	N/A	1.67e-10
JAB03720.1	N/A	1.67e-10
AFE64852.1	N/A	1.71e-10
MOS20182.1	N/A	1.73e-10
JAA14166.1	N/A	1.73e-10
AHH40323.1	N/A	1.80e-10
SBP43419.1	N/A	1.85e-10
HCZ81601.1	N/A	1.89e-10
SBP66590.1	N/A	1.92e-10
HDC17206.1	N/A	1.92e-10
JAQ83880.1	N/A	1.93e-10
CDW23320.1	N/A	1.95e-10
JAV06765.1	N/A	1.96e-10
AFJ50693.1	N/A	1.97e-10
HDC55348.1	N/A	1.99e-10
JAW06703.1	N/A	2.01e-10
SBQ80165.1	N/A	2.04e-10
SBS14876.1	N/A	2.08e-10
JAV06596.1	N/A	2.08e-10
JAQ71824.1	N/A	2.08e-10
JAD06162.1	N/A	2.10e-10
JAS96008.1	N/A	2.14e-10
JAJ60016.1	N/A	2.17e-10
JAN41731.1	N/A	2.20e-10
JAI63768.1	N/A	2.20e-10
MOS21231.1	N/A	2.23e-10
JAL73169.1	N/A	2.30e-10
JAC04158.1	N/A	2.31e-10
JAC16703.1	N/A	2.32e-10
SBR92754.1	N/A	2.34e-10
JAS12641.1	N/A	2.36e-10
JAK04677.1	N/A	2.36e-10
SBR80513.1	N/A	2.38e-10
JAO93465.1	N/A	2.46e-10
HCZ79800.1	N/A	2.51e-10
JAC02839.1	N/A	2.54e-10
JAK26478.1	N/A	2.55e-10
SBP51383.1	N/A	2.60e-10
JAS24826.1	N/A	2.66e-10
JAN96526.1	N/A	2.66e-10
JAB12901.1	N/A	2.66e-10
MBW67770.1	N/A	2.66e-10
JAR60860.1	N/A	2.69e-10
SBP50525.1	N/A	2.69e-10
SBQ80781.1	N/A	2.71e-10
JAL79568.1	N/A	2.72e-10
JAO48046.1	N/A	2.72e-10
JAT89025.1	N/A	2.75e-10
JAC99878.1	N/A	2.84e-10
JAL70567.1	N/A	2.88e-10
AHH37825.1	N/A	2.88e-10
MDE48968.1	N/A	2.91e-10
JAQ20986.1	N/A	2.94e-10
SBQ57773.1	N/A	2.99e-10
JAK64654.1	N/A	2.99e-10
JAQ36476.1	N/A	3.00e-10
JAM12219.1	N/A	3.02e-10
JAL89224.1	N/A	3.03e-10
MAA24899.1	N/A	3.04e-10
MOS19281.1	N/A	3.07e-10
JAQ33809.1	N/A	3.07e-10
SBQ51400.1	N/A	3.11e-10
JAS91220.1	N/A	3.13e-10
SBP51404.1	N/A	3.18e-10
JAK95419.1	N/A	3.20e-10
HDB72995.1	N/A	3.22e-10
JAO85815.1	N/A	3.23e-10
JAL18500.1	N/A	3.24e-10
JAQ56390.1	N/A	3.24e-10
SBP34021.1	N/A	3.26e-10
MOS17179.1	N/A	3.28e-10
MDE48989.1	N/A	3.32e-10
JAJ78228.1	N/A	3.32e-10
SBQ55399.1	N/A	3.33e-10
JAO85817.1	N/A	3.35e-10
SBQ41695.1	N/A	3.35e-10
MOS16971.1	N/A	3.36e-10
JAB95869.1	N/A	3.38e-10
MBY74456.1	N/A	3.41e-10
JAV06804.1	N/A	3.54e-10
JAV46837.1	N/A	3.59e-10
SBP26693.1	N/A	3.64e-10
JAJ56558.1	N/A	3.65e-10
SBP21010.1	N/A	3.67e-10
SBR21486.1	N/A	3.70e-10
SBR41674.1	N/A	3.72e-10
SBR45765.1	N/A	3.72e-10
JAA01296.1	N/A	3.73e-10
JAS05707.1	N/A	3.74e-10
MBW15828.1	N/A	3.76e-10
JAO85816.1	N/A	3.77e-10
JAN99066.1	N/A	3.78e-10
SBQ98657.1	N/A	3.83e-10
SBP13946.1	N/A	3.84e-10
MOS21447.1	N/A	3.86e-10
SBP40349.1	N/A	3.86e-10
MDE45505.1	N/A	3.89e-10
HCZ76660.1	N/A	3.91e-10
HDA84515.1	N/A	3.94e-10
JAR85531.1	N/A	3.99e-10
JAN98195.1	N/A	3.99e-10
JAQ44537.1	N/A	4.02e-10
SBP16131.1	N/A	4.06e-10
JAI49463.1	N/A	4.10e-10
MBY79754.1	N/A	4.10e-10
CCP74183.1	N/A	4.18e-10
SBP69341.1	N/A	4.20e-10
JAJ77748.1	N/A	4.22e-10
JAV34980.1	N/A	4.22e-10
JAR66544.1	N/A	4.25e-10
JAB95720.1	N/A	4.27e-10
NBJ59626.1	N/A	4.31e-10
SBR57283.1	N/A	4.32e-10
SBR91062.1	N/A	4.35e-10
JAI32321.1	N/A	4.42e-10
JAR72181.1	N/A	4.48e-10
JAS34543.1	N/A	4.50e-10
JAK36367.1	N/A	4.50e-10
SBP46754.1	N/A	4.56e-10
SBR91909.1	N/A	4.61e-10
MOS21508.1	N/A	4.61e-10
SBQ98851.1	N/A	4.65e-10
JAS41664.1	N/A	4.68e-10
SBS59359.1	N/A	4.72e-10
JAR47629.1	N/A	4.77e-10
MOS17815.1	N/A	4.81e-10
JAV34976.1	N/A	4.91e-10
JAR80791.1	N/A	4.93e-10
JAS08840.1	N/A	5.04e-10
JAI32735.1	N/A	5.05e-10
JAO02217.1	N/A	5.05e-10
JAK98008.1	N/A	5.31e-10
SBP63958.1	N/A	5.41e-10
JAB89624.1	N/A	5.46e-10
SBS06762.1	N/A	5.48e-10
SBP55785.1	N/A	5.52e-10
ADY48715.1	N/A	5.63e-10
SBP02964.1	N/A	5.74e-10
AFJ51503.1	N/A	5.77e-10
JAS30844.1	N/A	5.81e-10
JAA93014.1	N/A	5.91e-10
SBQ66067.1	N/A	5.94e-10
SBQ82854.1	N/A	6.10e-10
MOS21864.1	N/A	6.14e-10
JAS28171.1	N/A	6.17e-10
JAK32126.1	N/A	6.17e-10
LAA66972.1	N/A	6.20e-10
JAJ02228.1	N/A	6.23e-10
JAS95534.1	N/A	6.29e-10
MOS22227.1	N/A	6.32e-10
SBP49377.1	N/A	6.49e-10
JAS80416.1	N/A	6.56e-10
SBP43747.1	N/A	6.65e-10
JAR33557.1	N/A	6.65e-10
JAR12762.1	N/A	6.66e-10
JAK24066.1	N/A	6.81e-10
JAQ39088.1	N/A	6.85e-10
SBP24362.1	N/A	7.08e-10
JAL44442.1	N/A	7.14e-10
JAO40529.1	N/A	7.30e-10
JAO02685.1	N/A	7.60e-10
JAD00131.1	N/A	7.70e-10
JAS45413.1	N/A	7.92e-10
JAJ22220.1	N/A	7.93e-10
JAI79384.1	N/A	8.18e-10
AFE74962.1	N/A	8.40e-10
SBS48350.1	N/A	8.47e-10
MBY25980.1	N/A	8.49e-10
JAQ33715.1	N/A	8.58e-10
JAL76831.1	N/A	8.65e-10
JAM32867.1	N/A	8.68e-10
HCZ84168.1	N/A	8.69e-10
MBY04147.1	N/A	8.73e-10
JAS39444.1	N/A	8.81e-10
JAI31699.1	N/A	8.81e-10
SBQ54328.1	N/A	8.82e-10
JAO55338.1	N/A	8.93e-10
JAM07619.1	N/A	9.22e-10
SBP24994.1	N/A	9.27e-10
JAM49860.1	N/A	9.34e-10
SBR49894.1	N/A	9.38e-10
JAN75793.1	N/A	9.44e-10
SBP80351.1	N/A	9.53e-10
JAN96036.1	N/A	9.67e-10
JAG31130.1	N/A	9.79e-10
JAB59750.1	N/A	9.81e-10
JAI91359.1	N/A	9.95e-10
SBP49391.1	N/A	9.99e-10
HCZ79039.1	N/A	1.00e-09
JAG05889.1	N/A	1.01e-09
JAS47727.1	N/A	1.02e-09
JAN60065.1	N/A	1.05e-09
JAM81489.1	N/A	1.06e-09
SBP06228.1	N/A	1.07e-09
JAV42649.1	N/A	1.08e-09
MBW18123.1	N/A	1.09e-09
JAK07575.1	N/A	1.09e-09
SBQ67497.1	N/A	1.09e-09
NBJ58315.1	N/A	1.09e-09
JAV42641.1	N/A	1.11e-09
JAK50428.1	N/A	1.12e-09
JAJ06006.1	N/A	1.15e-09
CCP87310.1	N/A	1.15e-09
SBP79062.1	N/A	1.16e-09
MBY86692.1	N/A	1.17e-09
MBY79115.1	N/A	1.18e-09
SBP55073.1	N/A	1.19e-09
JAK85956.1	N/A	1.21e-09
SBR84981.1	N/A	1.21e-09
JAN44786.1	N/A	1.24e-09
MBW13621.1	N/A	1.25e-09
JAR74528.1	N/A	1.28e-09
SBQ53595.1	N/A	1.29e-09
JAS29901.1	N/A	1.32e-09
HCZ83358.1	N/A	1.33e-09
JAN03632.1	N/A	1.33e-09
JAG05887.1	N/A	1.33e-09
SBQ54343.1	N/A	1.34e-09
JAK64915.1	N/A	1.37e-09
JAJ57577.1	N/A	1.38e-09
JAR75938.1	N/A	1.38e-09
SBP80937.1	N/A	1.43e-09
JAN89659.1	N/A	1.43e-09
MBW24352.1	N/A	1.43e-09
CCP72260.1	N/A	1.44e-09
JAR72152.1	N/A	1.45e-09
JAJ64519.1	N/A	1.45e-09
JAL93616.1	N/A	1.46e-09
SBP80389.1	N/A	1.49e-09
SBP60001.1	N/A	1.49e-09
JAT37595.1	N/A	1.49e-09
LAA44411.1	N/A	1.53e-09
JAQ42152.1	N/A	1.54e-09
HDA90973.1	N/A	1.57e-09
SBQ62812.1	N/A	1.58e-09
JAO20544.1	N/A	1.59e-09
LAB67710.1	N/A	1.59e-09
JAC41021.1	N/A	1.61e-09
SBP27329.1	N/A	1.62e-09
JAL41133.1	N/A	1.63e-09
JAJ63776.1	N/A	1.65e-09
MOS16743.1	N/A	1.65e-09
JAS92603.1	N/A	1.66e-09
JAR74413.1	N/A	1.68e-09
MBW14850.1	N/A	1.71e-09
SBP40415.1	N/A	1.71e-09
SBR96532.1	N/A	1.72e-09
SBP58580.1	N/A	1.73e-09
JAS35066.1	N/A	1.73e-09
JAN81736.1	N/A	1.73e-09
MBY06772.1	N/A	1.77e-09
HDB33293.1	N/A	1.78e-09
JAK95194.1	N/A	1.79e-09
JAJ65310.1	N/A	1.80e-09
SBR50002.1	N/A	1.80e-09
JAJ56559.1	N/A	1.82e-09
JAM80214.1	N/A	1.83e-09
HDA51132.1	N/A	1.83e-09
JAK84947.1	N/A	1.83e-09
MBW14716.1	N/A	1.83e-09
HDB33399.1	N/A	1.84e-09
CCP86897.1	N/A	1.84e-09
JAO20540.1	N/A	1.84e-09
JAJ04596.1	N/A	1.85e-09
JAV06736.1	N/A	1.85e-09
JAB97624.1	N/A	1.87e-09
SBR43105.1	N/A	1.87e-09
HCZ80843.1	N/A	1.89e-09
SBP82657.1	N/A	1.89e-09
JAK97928.1	N/A	1.89e-09
JAJ55705.1	N/A	1.91e-09
SBP17632.1	N/A	1.92e-09
JAP70038.1	N/A	1.92e-09
JAD12726.1	N/A	1.93e-09
SBP55165.1	N/A	1.93e-09
SBR21269.1	N/A	1.94e-09
JAO40530.1	N/A	1.95e-09
LAC41074.1	N/A	1.97e-09
SBR81371.1	N/A	1.97e-09
JAM45129.1	N/A	1.99e-09
JAL81943.1	N/A	2.01e-09
JAL42298.1	N/A	2.01e-09
JAD02197.1	N/A	2.01e-09
SBQ96729.1	N/A	2.07e-09
SBQ51955.1	N/A	2.07e-09
JAK62119.1	N/A	2.09e-09
SBP40770.1	N/A	2.09e-09
CDW31343.1	N/A	2.11e-09
HDB04679.1	N/A	2.13e-09
JAN79433.1	N/A	2.14e-09
JAC36151.1	N/A	2.14e-09
JAK88756.1	N/A	2.14e-09
JAM63885.1	N/A	2.14e-09
MBY13284.1	N/A	2.15e-09
SBR49400.1	N/A	2.17e-09
SBP03606.1	N/A	2.19e-09
SBQ55748.1	N/A	2.20e-09
AFE79830.1	N/A	2.21e-09
JAM00341.1	N/A	2.21e-09
SBR20288.1	N/A	2.22e-09
SBQ52537.1	N/A	2.22e-09
JAR69652.1	N/A	2.25e-09
JAB18447.1	N/A	2.27e-09
JAC57898.1	N/A	2.29e-09
AFP12982.1	N/A	2.36e-09
JAQ35358.1	N/A	2.37e-09
MOS19200.1	N/A	2.40e-09
JAM42130.1	N/A	2.41e-09
JAK34019.1	N/A	2.44e-09
JAJ25602.1	N/A	2.45e-09
HDB13920.1	N/A	2.48e-09
JAO00576.1	N/A	2.49e-09
CDG71093.1	N/A	2.50e-09
HDB33340.1	N/A	2.51e-09
JAL67812.1	N/A	2.52e-09
JAG75790.1	N/A	2.53e-09
JAQ35974.1	N/A	2.54e-09
JAK73722.1	N/A	2.59e-09
JAL91933.1	N/A	2.62e-09
JAL95175.1	N/A	2.63e-09
MOS20860.1	N/A	2.64e-09
JAR84546.1	N/A	2.66e-09
JAV06598.1	N/A	2.68e-09
JAM42129.1	N/A	2.68e-09
JAK68185.1	N/A	2.70e-09
MOS18622.1	N/A	2.71e-09
CEK71727.1	N/A	2.71e-09
MBY18177.1	N/A	2.72e-09
JAC49114.1	N/A	2.74e-09
JAO03005.1	N/A	2.77e-09
SBQ63372.1	N/A	2.91e-09
SBQ55969.1	N/A	2.95e-09
JAN34498.1	N/A	2.96e-09
JAR84133.1	N/A	3.02e-09
MBW41854.1	N/A	3.03e-09
JAK47156.1	N/A	3.03e-09
MBW53108.1	N/A	3.04e-09
JAS40298.1	N/A	3.06e-09
AEY57937.1	N/A	3.06e-09
CCP87245.1	N/A	3.10e-09
MBW16919.1	N/A	3.15e-09
SBP43247.1	N/A	3.15e-09
MBW53107.1	N/A	3.15e-09
MOS21043.1	N/A	3.18e-09
JAI31259.1	N/A	3.23e-09
MBW53106.1	N/A	3.30e-09
NBJ59647.1	N/A	3.35e-09
MBW53105.1	N/A	3.39e-09
JAO20542.1	N/A	3.50e-09
JAB97683.1	N/A	3.54e-09
HCZ85464.1	N/A	3.56e-09
JAN58727.1	N/A	3.58e-09
JAD03528.1	N/A	3.64e-09
JAL37599.1	N/A	3.65e-09
JAR82184.1	N/A	3.66e-09
JAT85331.1	N/A	3.67e-09
JAV84853.1	N/A	3.72e-09
JAK98014.1	N/A	3.74e-09
AFO98064.1	N/A	3.77e-09
AER95774.1	N/A	3.80e-09
JAL74195.1	N/A	3.85e-09
JAJ58701.1	N/A	3.85e-09
SBP05735.1	N/A	3.85e-09
MBY33004.1	N/A	3.85e-09
HCZ84847.1	N/A	3.86e-09
JAB31086.1	N/A	3.88e-09
SBR85617.1	N/A	3.90e-09
JAC02577.1	N/A	3.90e-09
JAQ24250.1	N/A	3.91e-09
SBQ64746.1	N/A	3.92e-09
MOS13216.1	N/A	3.93e-09
JAQ98362.1	N/A	3.97e-09
JAQ67347.1	N/A	3.99e-09
JAL65016.1	N/A	4.00e-09
SBR67229.1	N/A	4.02e-09
SBP54007.1	N/A	4.04e-09
MOS12916.1	N/A	4.18e-09
JAR70729.1	N/A	4.19e-09
SBQ45286.1	N/A	4.20e-09
JAJ06544.1	N/A	4.24e-09
JAL02797.1	N/A	4.24e-09
MBW15468.1	N/A	4.25e-09
JAT34207.1	N/A	4.25e-09
JAO02104.1	N/A	4.29e-09
JAM15808.1	N/A	4.31e-09
JAJ48117.1	N/A	4.31e-09
JAD01489.1	N/A	4.48e-09
JAN29545.1	N/A	4.49e-09
MOS20070.1	N/A	4.50e-09
SBP63982.1	N/A	4.51e-09
JAR68425.1	N/A	4.55e-09
JAL89513.1	N/A	4.55e-09
JAQ04477.1	N/A	4.55e-09
JAM55918.1	N/A	4.55e-09
HCZ80846.1	N/A	4.56e-09
JAN89619.1	N/A	4.59e-09
SBP56291.1	N/A	4.60e-09
JAK85859.1	N/A	4.70e-09
SBR77697.1	N/A	4.71e-09
HDB31853.1	N/A	4.71e-09
HDC67391.1	N/A	4.76e-09
JAG12329.1	N/A	4.80e-09
JAN82539.1	N/A	4.80e-09
SBQ95572.1	N/A	4.80e-09
JAR85703.1	N/A	4.83e-09
ADY44716.1	N/A	4.83e-09
JAK91802.1	N/A	4.88e-09
MBW24215.1	N/A	4.89e-09
JAM95344.1	N/A	4.94e-09
MBW13797.1	N/A	4.94e-09
AFE66205.1	N/A	4.95e-09
JAL15399.1	N/A	4.96e-09
JAJ99088.1	N/A	4.96e-09
JAD05118.1	N/A	4.98e-09
JAC04103.1	N/A	5.01e-09
SBP44518.1	N/A	5.01e-09
MOS20718.1	N/A	5.13e-09
JAN20893.1	N/A	5.31e-09
JAN68776.1	N/A	5.36e-09
JAJ38325.1	N/A	5.37e-09
JAM57563.1	N/A	5.40e-09
JAM57608.1	N/A	5.57e-09
SBP56079.1	N/A	5.61e-09
SBS18063.1	N/A	5.61e-09
JAM18042.1	N/A	5.64e-09
SBP50585.1	N/A	5.64e-09
JAQ72348.1	N/A	5.65e-09
AFJ70506.1	N/A	5.66e-09
JAL81714.1	N/A	5.67e-09
JAK19380.1	N/A	5.69e-09
JAK87455.1	N/A	5.69e-09
JAR72129.1	N/A	5.74e-09
JAJ63716.1	N/A	5.74e-09
JAI19884.1	N/A	5.74e-09
JAS14420.1	N/A	5.79e-09
JAQ66568.1	N/A	5.85e-09
JAM42131.1	N/A	5.87e-09
JAJ23527.1	N/A	5.88e-09
JAM53572.1	N/A	5.90e-09
JAO05428.1	N/A	5.92e-09
JAC16275.1	N/A	5.97e-09
AHH39320.1	N/A	6.05e-09
SBR77023.1	N/A	6.06e-09
JAQ59403.1	N/A	6.15e-09
SBR02886.1	N/A	6.19e-09
SBS09718.1	N/A	6.22e-09
MBY78484.1	N/A	6.24e-09
SBP43732.1	N/A	6.26e-09
JAO94806.1	N/A	6.27e-09
SBQ47826.1	N/A	6.34e-09
JAI66036.1	N/A	6.36e-09
SBQ97605.1	N/A	6.43e-09
JAK58820.1	N/A	6.45e-09
MBW66928.1	N/A	6.48e-09
AHH38284.1	N/A	6.50e-09
JAO93038.1	N/A	6.51e-09
JAJ51374.1	N/A	6.53e-09
HDC63942.1	N/A	6.57e-09
JAB73895.1	N/A	6.59e-09
JAQ59683.1	N/A	6.60e-09
JAK34239.1	N/A	6.60e-09
MOS20031.1	N/A	6.71e-09
JAK35336.1	N/A	6.72e-09
SBP07461.1	N/A	6.79e-09
JAB88366.1	N/A	6.80e-09
MBY78395.1	N/A	6.81e-09
JAA56936.1	N/A	6.84e-09
JAQ94761.1	N/A	6.86e-09
JAK82755.1	N/A	6.92e-09
JAA56937.1	N/A	6.96e-09
SBP74381.1	N/A	6.99e-09
LAC43347.1	N/A	7.05e-09
SBQ29321.1	N/A	7.07e-09
HCZ74555.1	N/A	7.10e-09
JAL77220.1	N/A	7.12e-09
JAJ62019.1	N/A	7.13e-09
SBR58281.1	N/A	7.16e-09
JAG72748.1	N/A	7.21e-09
JAN32987.1	N/A	7.23e-09
SBP61618.1	N/A	7.27e-09
JAN07790.1	N/A	7.27e-09
JAK75613.1	N/A	7.30e-09
JAJ24927.1	N/A	7.31e-09
JAK30967.1	N/A	7.35e-09
SBP08179.1	N/A	7.44e-09
JAJ71311.1	N/A	7.47e-09
SBS56227.1	N/A	7.51e-09
JAO01766.1	N/A	7.51e-09
JAI79993.1	N/A	7.65e-09
JAM30476.1	N/A	7.66e-09
SBP60267.1	N/A	7.71e-09
HDB04550.1	N/A	7.72e-09
JAI36795.1	N/A	7.73e-09
JAS58320.1	N/A	7.76e-09
JAK15683.1	N/A	7.79e-09
JAB99823.1	N/A	7.85e-09
SBQ99769.1	N/A	7.89e-09
HDB22464.1	N/A	7.92e-09
JAN74667.1	N/A	7.92e-09
HCZ90109.1	N/A	7.93e-09
SBR20736.1	N/A	8.01e-09
MOS17642.1	N/A	8.03e-09
JAS10587.1	N/A	8.03e-09
SBP44990.1	N/A	8.07e-09
JAR78155.1	N/A	8.14e-09
MBW14241.1	N/A	8.18e-09
MOS15707.1	N/A	8.18e-09
SBQ56992.1	N/A	8.22e-09
JAO90722.1	N/A	8.26e-09
JAM16166.1	N/A	8.35e-09
HDB58317.1	N/A	8.47e-09
HCZ74647.1	N/A	8.48e-09
JAM54223.1	N/A	8.51e-09
CCP72894.1	N/A	8.52e-09
JAI81889.1	N/A	8.57e-09
JAQ32371.1	N/A	8.58e-09
SBQ90775.1	N/A	8.60e-09
JAM87187.1	N/A	8.64e-09
SBR75977.1	N/A	8.73e-09
SBP84023.1	N/A	8.75e-09
SBR54768.1	N/A	8.75e-09
MDE48870.1	N/A	8.88e-09
CEK57124.1	N/A	8.95e-09
SBR56714.1	N/A	9.07e-09
JAB26359.1	N/A	9.12e-09
JAN93105.1	N/A	9.17e-09
JAT13715.1	N/A	9.37e-09
JAB89849.1	N/A	9.39e-09
SBP14306.1	N/A	9.49e-09
HDB75497.1	N/A	9.53e-09
SBR06999.1	N/A	9.53e-09
SBQ52455.1	N/A	9.55e-09
SBP45955.1	N/A	9.57e-09
SBP66777.1	N/A	9.58e-09
JAM70021.1	N/A	9.58e-09
JAO94805.1	N/A	9.72e-09
SBP44102.1	N/A	9.77e-09
JAV97309.1	N/A	9.81e-09
HDB40884.1	N/A	9.86e-09
SBP13044.1	N/A	1.01e-08
JAI27639.1	N/A	1.01e-08
AES03083.1	N/A	1.01e-08
JAI50577.1	N/A	1.02e-08
JAI23169.1	N/A	1.02e-08
SBP50652.1	N/A	1.02e-08
JAI85782.1	N/A	1.06e-08
SBR05233.1	N/A	1.07e-08
JAR14350.1	N/A	1.10e-08
SBP16021.1	N/A	1.12e-08
JAG67328.1	N/A	1.12e-08
JAM86156.1	N/A	1.13e-08
MAA27118.1	N/A	1.13e-08
SBQ40776.1	N/A	1.13e-08
JAB99527.1	N/A	1.14e-08
JAR17197.1	N/A	1.15e-08
JAI22630.1	N/A	1.15e-08
JAN54480.1	N/A	1.17e-08
JAV42676.1	N/A	1.18e-08
JAV06621.1	N/A	1.19e-08
JAR67875.1	N/A	1.19e-08
JAN89660.1	N/A	1.21e-08
JAG71737.1	N/A	1.22e-08
JAV44788.1	N/A	1.22e-08
JAC51563.1	N/A	1.22e-08
ADY45410.1	N/A	1.24e-08
JAS70510.1	N/A	1.24e-08
JAV44789.1	N/A	1.25e-08
AFP02247.1	N/A	1.25e-08
JAL80669.1	N/A	1.27e-08
SBP45006.1	N/A	1.28e-08
SBP39930.1	N/A	1.29e-08
JAI19881.1	N/A	1.30e-08
SBQ80219.1	N/A	1.31e-08
JAO93765.1	N/A	1.32e-08
JAK77712.1	N/A	1.33e-08
JAR82620.1	N/A	1.35e-08
JAJ73652.1	N/A	1.35e-08
JAK69659.1	N/A	1.36e-08
JAK53082.1	N/A	1.37e-08
HDA51255.1	N/A	1.37e-08
SBS46984.1	N/A	1.38e-08
SBP19667.1	N/A	1.41e-08
HCZ91113.1	N/A	1.42e-08
SBR24127.1	N/A	1.42e-08
JAK72179.1	N/A	1.44e-08
SBR03453.1	N/A	1.44e-08
JAT33254.1	N/A	1.44e-08
SBR85071.1	N/A	1.46e-08
SBP76149.1	N/A	1.47e-08
SBR70389.1	N/A	1.47e-08
SBS42950.1	N/A	1.48e-08
JAR67305.1	N/A	1.50e-08
JAM43869.1	N/A	1.51e-08
SBP19705.1	N/A	1.54e-08
HDA59569.1	N/A	1.55e-08
HCZ74816.1	N/A	1.55e-08
SBP42208.1	N/A	1.56e-08
SBR62046.1	N/A	1.57e-08
AFJ70410.1	N/A	1.57e-08
JAG06946.1	N/A	1.59e-08
SBR41930.1	N/A	1.59e-08
JAB07562.1	N/A	1.60e-08
JAV42661.1	N/A	1.60e-08
SBQ57163.1	N/A	1.60e-08
JAM31660.1	N/A	1.62e-08
JAG06945.1	N/A	1.65e-08
JAK93279.1	N/A	1.66e-08
JAV54783.1	N/A	1.69e-08
JAM74422.1	N/A	1.70e-08
JAC51803.1	N/A	1.72e-08
JAM52223.1	N/A	1.73e-08
HCZ87572.1	N/A	1.74e-08
MBY25256.1	N/A	1.74e-08
SBP52694.1	N/A	1.75e-08
JAK45565.1	N/A	1.76e-08
JAJ38366.1	N/A	1.76e-08
SBS58320.1	N/A	1.77e-08
JAB18139.1	N/A	1.78e-08
JAM97941.1	N/A	1.78e-08
JAQ03891.1	N/A	1.78e-08
JAB97623.1	N/A	1.78e-08
JAJ29275.1	N/A	1.79e-08
MBY17770.1	N/A	1.80e-08
JAM16814.1	N/A	1.81e-08
JAQ73142.1	N/A	1.81e-08
AHH38367.1	N/A	1.82e-08
JAR72734.1	N/A	1.83e-08
JAV54787.1	N/A	1.84e-08
JAT99189.1	N/A	1.86e-08
JAJ68617.1	N/A	1.87e-08
CCP84679.1	N/A	1.89e-08
SBQ74687.1	N/A	1.90e-08
LAA06154.1	N/A	1.92e-08
JAM15732.1	N/A	1.94e-08
JAS67540.1	N/A	1.94e-08
AEQ17804.1	N/A	1.94e-08
MOS22527.1	N/A	1.97e-08
JAI69643.1	N/A	1.98e-08
SBR81234.1	N/A	2.01e-08
MBW16153.1	N/A	2.03e-08
SBP67811.1	N/A	2.03e-08
JAP41092.1	N/A	2.03e-08
SBQ56223.1	N/A	2.04e-08
SBQ41506.1	N/A	2.04e-08
SBR87323.1	N/A	2.09e-08
JAM57413.1	N/A	2.10e-08
JAK92302.1	N/A	2.12e-08
SBS40766.1	N/A	2.12e-08
LAA09721.1	N/A	2.12e-08
SBR48872.1	N/A	2.12e-08
JAJ97729.1	N/A	2.15e-08
SBR00204.1	N/A	2.18e-08
JAT09603.1	N/A	2.18e-08
JAN28241.1	N/A	2.18e-08
AER93835.1	N/A	2.18e-08
JAT29838.1	N/A	2.20e-08
JAL20039.1	N/A	2.21e-08
SBP08024.1	N/A	2.23e-08
MOS17936.1	N/A	2.23e-08
SBR57251.1	N/A	2.25e-08
JAV43105.1	N/A	2.27e-08
JAD12326.1	N/A	2.27e-08
JAT20486.1	N/A	2.28e-08
JAQ33606.1	N/A	2.29e-08
NBJ60990.1	N/A	2.36e-08
SBP76719.1	N/A	2.37e-08
JAM47260.1	N/A	2.37e-08
JAT14796.1	N/A	2.37e-08
JAI33667.1	N/A	2.40e-08
JAQ37290.1	N/A	2.40e-08
JAQ64177.1	N/A	2.43e-08
JAK47070.1	N/A	2.45e-08
JAT13927.1	N/A	2.46e-08
JAM10418.1	N/A	2.46e-08
HCZ80838.1	N/A	2.46e-08
AFO98457.1	N/A	2.49e-08
LAC24217.1	N/A	2.52e-08
JAJ51375.1	N/A	2.53e-08
SBP44379.1	N/A	2.56e-08
SBR53672.1	N/A	2.56e-08
JAO94804.1	N/A	2.57e-08
JAM84192.1	N/A	2.58e-08
LAB70849.1	N/A	2.58e-08
MOS13806.1	N/A	2.63e-08
SBP21419.1	N/A	2.65e-08
JAL71482.1	N/A	2.69e-08
JAR69872.1	N/A	2.70e-08
AFE69323.1	N/A	2.71e-08
JAB57006.1	N/A	2.71e-08
SBS58215.1	N/A	2.72e-08
SBP40648.1	N/A	2.72e-08
SBP18445.1	N/A	2.73e-08
JAQ71446.1	N/A	2.73e-08
JAK73960.1	N/A	2.75e-08
JAM48215.1	N/A	2.75e-08
SBP68993.1	N/A	2.77e-08
JAM39433.1	N/A	2.81e-08
MBY28491.1	N/A	2.82e-08
JAN54386.1	N/A	2.82e-08
SBP51598.1	N/A	2.82e-08
JAR82962.1	N/A	2.84e-08
SBP79751.1	N/A	2.85e-08
JAN04587.1	N/A	2.85e-08
JAR80398.1	N/A	2.86e-08
HCZ91067.1	N/A	2.87e-08
SBQ41429.1	N/A	2.89e-08
SBP17639.1	N/A	2.90e-08
SBP63439.1	N/A	2.90e-08
JAM35328.1	N/A	2.90e-08
JAG13559.1	N/A	2.90e-08
JAI85113.1	N/A	2.94e-08
SBP82593.1	N/A	2.95e-08
SBQ99261.1	N/A	2.95e-08
JAM52184.1	N/A	2.98e-08
JAK35019.1	N/A	2.99e-08
JAL51732.1	N/A	3.00e-08
JAO58407.1	N/A	3.01e-08
JAN04634.1	N/A	3.03e-08
JAJ02312.1	N/A	3.04e-08
SBR79334.1	N/A	3.06e-08
SBR44746.1	N/A	3.06e-08
SBP27320.1	N/A	3.06e-08
MBY78800.1	N/A	3.08e-08
JAN34967.1	N/A	3.11e-08
MDE48112.1	N/A	3.13e-08
SBR85897.1	N/A	3.15e-08
SBQ54881.1	N/A	3.16e-08
SBR09686.1	N/A	3.17e-08
HDC39969.1	N/A	3.20e-08
SBP82249.1	N/A	3.22e-08
JAN29830.1	N/A	3.24e-08
JAM49669.1	N/A	3.25e-08
JAI38837.1	N/A	3.26e-08
SBP14125.1	N/A	3.28e-08
HDC42504.1	N/A	3.32e-08
JAM15810.1	N/A	3.33e-08
SBQ55848.1	N/A	3.37e-08
JAS78316.1	N/A	3.38e-08
JAL48722.1	N/A	3.40e-08
JAL66180.1	N/A	3.45e-08
JAG70400.1	N/A	3.46e-08
JAM52258.1	N/A	3.51e-08
LAC25071.1	N/A	3.60e-08
JAJ49783.1	N/A	3.62e-08
JAB91246.1	N/A	3.66e-08
JAM16813.1	N/A	3.66e-08
MOS17181.1	N/A	3.68e-08
JAB12902.1	N/A	3.69e-08
JAI36618.1	N/A	3.70e-08
JAL02648.1	N/A	3.71e-08
MBY27443.1	N/A	3.71e-08
MBY75305.1	N/A	3.74e-08
JAN68385.1	N/A	3.75e-08
SBP48442.1	N/A	3.78e-08
HCZ91732.1	N/A	3.81e-08
MBY23149.1	N/A	3.83e-08
JAJ83083.1	N/A	3.88e-08
JAD07974.1	N/A	3.90e-08
JAM06471.1	N/A	4.03e-08
ADY43287.1	N/A	4.04e-08
SBP70920.1	N/A	4.05e-08
MBW19662.1	N/A	4.11e-08
JAO02904.1	N/A	4.17e-08
JAS16114.1	N/A	4.22e-08
JAS47122.1	N/A	4.25e-08
JAJ68264.1	N/A	4.25e-08
JAQ42583.1	N/A	4.29e-08
JAN63562.1	N/A	4.36e-08
SBP70431.1	N/A	4.41e-08
LAC43616.1	N/A	4.42e-08
SBQ61578.1	N/A	4.42e-08
JAO54523.1	N/A	4.42e-08
JAQ82050.1	N/A	4.44e-08
JAA31057.1	N/A	4.44e-08
JAQ03275.1	N/A	4.54e-08
NOV47582.1	N/A	4.60e-08
JAL59374.1	N/A	4.62e-08
SBP40581.1	N/A	4.66e-08
JAJ54316.1	N/A	4.67e-08
SBQ55880.1	N/A	4.70e-08
JAK25635.1	N/A	4.72e-08
SBP51292.1	N/A	4.78e-08
JAM16786.1	N/A	4.80e-08
JAR74414.1	N/A	4.81e-08
JAL76775.1	N/A	4.81e-08
HDA50576.1	N/A	4.91e-08
JAV52401.1	N/A	4.92e-08
CDG70963.1	N/A	4.96e-08
JAM44921.1	N/A	5.00e-08
JAR70742.1	N/A	5.03e-08
JAR83331.1	N/A	5.04e-08
SBR09359.1	N/A	5.06e-08
CEK53058.1	N/A	5.15e-08
SBP26945.1	N/A	5.17e-08
JAW11939.1	N/A	5.20e-08
MOS18783.1	N/A	5.23e-08
JAJ26841.1	N/A	5.23e-08
JAI74766.1	N/A	5.25e-08
JAI84620.1	N/A	5.26e-08
JAG79040.1	N/A	5.27e-08
JAK69619.1	N/A	5.30e-08
MBY72660.1	N/A	5.32e-08
JAN21093.1	N/A	5.35e-08
JAM95586.1	N/A	5.36e-08
MOS17207.1	N/A	5.38e-08
MDE50568.1	N/A	5.42e-08
SBP06135.1	N/A	5.43e-08
JAJ69125.1	N/A	5.49e-08
HCZ74683.1	N/A	5.58e-08
JAK39044.1	N/A	5.58e-08
JAM84994.1	N/A	5.61e-08
JAB14160.1	N/A	5.62e-08
AER99317.1	N/A	5.66e-08
JAT86584.1	N/A	5.66e-08
JAK50438.1	N/A	5.76e-08
JAF98610.1	N/A	5.77e-08
JAO01073.1	N/A	5.81e-08
SBQ54973.1	N/A	5.82e-08
JAN77814.1	N/A	5.83e-08
SBQ97171.1	N/A	5.85e-08
AHH40690.1	N/A	6.11e-08
JAN96454.1	N/A	6.21e-08
MBY10746.1	N/A	6.24e-08
HDA58073.1	N/A	6.28e-08
JAM06323.1	N/A	6.28e-08
CCP73818.1	N/A	6.29e-08
JAG69607.1	N/A	6.29e-08
JAR68122.1	N/A	6.32e-08
JAJ74315.1	N/A	6.34e-08
HCZ89033.1	N/A	6.34e-08
JAQ97518.1	N/A	6.35e-08
JAK21485.1	N/A	6.35e-08
SBP48017.1	N/A	6.42e-08
JAJ01569.1	N/A	6.44e-08
JAV87076.1	N/A	6.49e-08
JAL49989.1	N/A	6.50e-08
JAA62960.1	N/A	6.52e-08
JAN21092.1	N/A	6.57e-08
AHH37378.1	N/A	6.57e-08
JAB14392.1	N/A	6.57e-08
SBR58138.1	N/A	6.60e-08
JAR85556.1	N/A	6.64e-08
JAO57393.1	N/A	6.66e-08
SBP04755.1	N/A	6.71e-08
JAJ90225.1	N/A	6.72e-08
JAV59950.1	N/A	6.74e-08
JAN92060.1	N/A	6.84e-08
JAL14903.1	N/A	6.86e-08
SBP21180.1	N/A	6.97e-08
JAS75243.1	N/A	7.03e-08
JAT82310.1	N/A	7.09e-08
HDA58468.1	N/A	7.11e-08
JAR68837.1	N/A	7.22e-08
CDG70911.1	N/A	7.35e-08
JAG77605.1	N/A	7.49e-08
JAL95097.1	N/A	7.54e-08
JAA62947.1	N/A	7.54e-08
MOS19162.1	N/A	7.59e-08
JAM15161.1	N/A	7.76e-08
SBS41413.1	N/A	8.01e-08
JAV53880.1	N/A	8.02e-08
MOS20514.1	N/A	8.08e-08
HDA66513.1	N/A	8.26e-08
JAN34651.1	N/A	8.26e-08
MBY28083.1	N/A	8.34e-08
HDC42271.1	N/A	8.34e-08
JAG82593.1	N/A	8.35e-08
JAM92150.1	N/A	8.38e-08
JAN96551.1	N/A	8.43e-08
JAJ37173.1	N/A	8.48e-08
HDA91480.1	N/A	8.59e-08
JAC58469.1	N/A	8.63e-08
JAN75605.1	N/A	8.63e-08
JAF98772.1	N/A	8.63e-08
MBY70700.1	N/A	8.66e-08
JAN83726.1	N/A	8.73e-08
SBR67796.1	N/A	8.83e-08
HCZ75588.1	N/A	8.93e-08
JAQ10121.1	N/A	8.97e-08
JAN85211.1	N/A	9.09e-08
HDC01211.1	N/A	9.17e-08
JAS43161.1	N/A	9.17e-08
JAR48424.1	N/A	9.22e-08
JAN75262.1	N/A	9.25e-08
JAJ58000.1	N/A	9.30e-08
AFE65835.1	N/A	9.32e-08
AFP59651.1	N/A	9.47e-08
JAI85784.1	N/A	9.49e-08
MOS27599.1	N/A	9.59e-08
AFE63780.1	N/A	9.64e-08
SBP44668.1	N/A	9.72e-08
JAG03273.1	N/A	9.74e-08
SBS14998.1	N/A	9.86e-08
JAM41990.1	N/A	9.94e-08
JAL89410.1	N/A	9.94e-08
HDB13619.1	N/A	1.01e-07
LAB20869.1	N/A	1.01e-07
MOS21114.1	N/A	1.01e-07
BBF97975.1	N/A	1.01e-07
SBP07970.1	N/A	1.02e-07
SBP40482.1	N/A	1.02e-07
JAM70229.1	N/A	1.03e-07
MBW17489.1	N/A	1.03e-07
JAK81151.1	N/A	1.05e-07
JAC16177.1	N/A	1.06e-07
JAG77606.1	N/A	1.07e-07
SBQ48251.1	N/A	1.07e-07
JAK79870.1	N/A	1.07e-07
JAC59323.1	N/A	1.07e-07
SBP52818.1	N/A	1.07e-07
JAL88025.1	N/A	1.08e-07
HCZ88166.1	N/A	1.08e-07
JAJ49929.1	N/A	1.09e-07
SBP29306.1	N/A	1.09e-07
MBW16274.1	N/A	1.10e-07
JAC00327.1	N/A	1.10e-07
MBY24761.1	N/A	1.10e-07
JAG56980.1	N/A	1.11e-07
JAR66377.1	N/A	1.12e-07
HDA99273.1	N/A	1.13e-07
JAJ00966.1	N/A	1.14e-07
HCZ89909.1	N/A	1.14e-07
SBP68076.1	N/A	1.16e-07
JAK11692.1	N/A	1.16e-07
SBP83010.1	N/A	1.16e-07
JAF98777.1	N/A	1.17e-07
JAC59320.1	N/A	1.18e-07
JAO55786.1	N/A	1.18e-07
JAN37090.1	N/A	1.18e-07
JAN26885.1	N/A	1.19e-07
JAO55550.1	N/A	1.19e-07
LAB54519.1	N/A	1.21e-07
SBP62933.1	N/A	1.22e-07
JAK09998.1	N/A	1.24e-07
JAK68603.1	N/A	1.24e-07
JAN96447.1	N/A	1.25e-07
SBP51287.1	N/A	1.28e-07
SBP63359.1	N/A	1.28e-07
JAJ75549.1	N/A	1.28e-07
AFE64426.1	N/A	1.28e-07
JAO95143.1	N/A	1.30e-07
JAL34472.1	N/A	1.31e-07
CCP86335.1	N/A	1.31e-07
JAI90721.1	N/A	1.32e-07
MBW54917.1	N/A	1.32e-07
SBQ57343.1	N/A	1.34e-07
JAB04200.1	N/A	1.34e-07
JAN40178.1	N/A	1.34e-07
JAM27629.1	N/A	1.36e-07
JAJ45506.1	N/A	1.37e-07
CDW20867.1	N/A	1.37e-07
SBS14412.1	N/A	1.37e-07
JAV53882.1	N/A	1.38e-07
SBR57475.1	N/A	1.38e-07
JAV36587.1	N/A	1.39e-07
JAF98773.1	N/A	1.39e-07
CDW26055.1	N/A	1.39e-07
MBW54916.1	N/A	1.39e-07
JAN25138.1	N/A	1.40e-07
JAL83844.1	N/A	1.40e-07
JAN47594.1	N/A	1.41e-07
HCZ84177.1	N/A	1.41e-07
SBR59498.1	N/A	1.42e-07
JAM36720.1	N/A	1.42e-07
JAI10309.1	N/A	1.43e-07
LAC35100.1	N/A	1.43e-07
SBQ94161.1	N/A	1.45e-07
MOS26173.1	N/A	1.45e-07
JAL70323.1	N/A	1.45e-07
JAQ20577.1	N/A	1.45e-07
JAK73635.1	N/A	1.45e-07
LAA13185.1	N/A	1.48e-07
JAV42765.1	N/A	1.50e-07
JAT12940.1	N/A	1.51e-07
JAG09403.1	N/A	1.51e-07
AFJ70347.1	N/A	1.51e-07
JAL02470.1	N/A	1.52e-07
CCP73127.1	N/A	1.52e-07
JAL83510.1	N/A	1.52e-07
AFE70091.1	N/A	1.52e-07
HDC33539.1	N/A	1.53e-07
SBP39073.1	N/A	1.54e-07
SBQ78302.1	N/A	1.55e-07
JAM42132.1	N/A	1.55e-07
NBJ59646.1	N/A	1.56e-07
MBY77628.1	N/A	1.62e-07
MOS20753.1	N/A	1.62e-07
MBY85437.1	N/A	1.62e-07
MBW54595.1	N/A	1.63e-07
JAK10192.1	N/A	1.63e-07
SBR81904.1	N/A	1.64e-07
HDB62577.1	N/A	1.66e-07
JAJ46851.1	N/A	1.69e-07
JAI84811.1	N/A	1.69e-07
JAJ12927.1	N/A	1.70e-07
JAJ60465.1	N/A	1.74e-07
CCP87332.1	N/A	1.74e-07
JAK31369.1	N/A	1.74e-07
AFP11793.1	N/A	1.74e-07
JAQ42037.1	N/A	1.75e-07
JAN32644.1	N/A	1.75e-07
MOS19293.1	N/A	1.76e-07
JAN29487.1	N/A	1.76e-07
JAK33089.1	N/A	1.79e-07
JAJ46852.1	N/A	1.81e-07
JAJ67708.1	N/A	1.81e-07
SBP48336.1	N/A	1.82e-07
MBW55633.1	N/A	1.82e-07
SBP14183.1	N/A	1.83e-07
JAG69245.1	N/A	1.83e-07
JAQ29700.1	N/A	1.84e-07
SBQ57781.1	N/A	1.87e-07
JAB13024.1	N/A	1.87e-07
MBY81320.1	N/A	1.87e-07
JAK44624.1	N/A	1.89e-07
HCZ84775.1	N/A	1.89e-07
JAC59324.1	N/A	1.90e-07
JAN15477.1	N/A	1.90e-07
JAN15477.1	N/A	9.27e-07
JAL05287.1	N/A	1.90e-07
MOS20729.1	N/A	1.90e-07
MOS15614.1	N/A	1.91e-07
JAQ03471.1	N/A	1.94e-07
JAJ95505.1	N/A	1.94e-07
AFP07715.1	N/A	1.94e-07
JAR81230.1	N/A	1.95e-07
JAM76517.1	N/A	1.95e-07
JAM27534.1	N/A	1.96e-07
JAK57753.1	N/A	2.02e-07
JAI80594.1	N/A	2.04e-07
JAN71960.1	N/A	2.05e-07
MBW66226.1	N/A	2.06e-07
JAC59322.1	N/A	2.07e-07
JAA09197.1	N/A	2.07e-07
JAQ24905.1	N/A	2.07e-07
HDB82869.1	N/A	2.09e-07
LAA98575.1	N/A	2.10e-07
MOS18845.1	N/A	2.11e-07
JAN69420.1	N/A	2.12e-07
CCP72308.1	N/A	2.12e-07
JAL86685.1	N/A	2.13e-07
JAK46166.1	N/A	2.13e-07
JAT27876.1	N/A	2.13e-07
JAJ31069.1	N/A	2.15e-07
JAJ76952.1	N/A	2.16e-07
MBW66445.1	N/A	2.16e-07
HCZ92842.1	N/A	2.16e-07
JAI70969.1	N/A	2.17e-07
JAN59320.1	N/A	2.19e-07
JAQ69379.1	N/A	2.21e-07
SBP11040.1	N/A	2.21e-07
JAK85991.1	N/A	2.22e-07
JAI81635.1	N/A	2.23e-07
JAM94864.1	N/A	2.25e-07
JAM48252.1	N/A	2.25e-07
HCZ81178.1	N/A	2.27e-07
JAC05553.1	N/A	2.31e-07
SBR57044.1	N/A	2.33e-07
JAQ48040.1	N/A	2.34e-07
MBW66444.1	N/A	2.34e-07
JAM19211.1	N/A	2.36e-07
JAK21431.1	N/A	2.39e-07
JAJ01110.1	N/A	2.40e-07
SBP12920.1	N/A	2.40e-07
JAS09472.1	N/A	2.40e-07
JAL04052.1	N/A	2.42e-07
SBS05563.1	N/A	2.45e-07
SBR77205.1	N/A	2.45e-07
MBW35313.1	N/A	2.47e-07
JAP98104.1	N/A	2.48e-07
JAL77132.1	N/A	2.53e-07
JAR73169.1	N/A	2.54e-07
AER95717.1	N/A	2.57e-07
JAR73232.1	N/A	2.59e-07
MBW35307.1	N/A	2.60e-07
JAI38872.1	N/A	2.60e-07
JAK33184.1	N/A	2.61e-07
SBP45895.1	N/A	2.61e-07
SBP57514.1	N/A	2.62e-07
JAN13999.1	N/A	2.64e-07
JAW13318.1	N/A	2.64e-07
MBW14960.1	N/A	2.65e-07
CCP82418.1	N/A	2.66e-07
LAC28334.1	N/A	2.68e-07
HCZ81489.1	N/A	2.69e-07
JAJ22277.1	N/A	2.70e-07
MBY75138.1	N/A	2.74e-07
JAQ79026.1	N/A	2.74e-07
SBP80755.1	N/A	2.77e-07
JAL20197.1	N/A	2.78e-07
JAI92129.1	N/A	2.80e-07
SBP20311.1	N/A	2.81e-07
JAL19917.1	N/A	2.82e-07
JAK33183.1	N/A	2.82e-07
JAL91883.1	N/A	2.84e-07
JAK71151.1	N/A	2.89e-07
JAL84220.1	N/A	2.90e-07
JAL51436.1	N/A	2.91e-07
SBQ96289.1	N/A	2.93e-07
HCZ81870.1	N/A	2.93e-07
JAI97240.1	N/A	2.94e-07
JAR79917.1	N/A	2.94e-07
JAR64886.1	N/A	2.95e-07
JAG26230.1	N/A	2.96e-07
JAN15951.1	N/A	2.98e-07
HDC48094.1	N/A	3.01e-07
JAN29635.1	N/A	3.02e-07
HDA90643.1	N/A	3.05e-07
JAN29634.1	N/A	3.05e-07
SBQ58519.1	N/A	3.06e-07
JAN30979.1	N/A	3.07e-07
JAG08942.1	N/A	3.08e-07
JAM15784.1	N/A	3.12e-07
JAK90011.1	N/A	3.15e-07
SBP65330.1	N/A	3.16e-07
JAL25595.1	N/A	3.19e-07
JAK54431.1	N/A	3.20e-07
JAS66265.1	N/A	3.23e-07
AFP12064.1	N/A	3.23e-07
MOS19927.1	N/A	3.25e-07
JAS84758.1	N/A	3.30e-07
JAG08940.1	N/A	3.32e-07
CCP81685.1	N/A	3.33e-07
CCP86489.1	N/A	3.34e-07
SBS42720.1	N/A	3.35e-07
SBP71167.1	N/A	3.36e-07
JAL90679.1	N/A	3.39e-07
JAL89326.1	N/A	3.40e-07
LAA34010.1	N/A	3.45e-07
MBY77808.1	N/A	3.50e-07
JAM57233.1	N/A	3.52e-07
JAL93336.1	N/A	3.53e-07
JAN85927.1	N/A	3.53e-07
SBP11618.1	N/A	3.53e-07
NBJ59093.1	N/A	3.53e-07
HDC70576.1	N/A	3.55e-07
MDE46848.1	N/A	3.59e-07
JAV82148.1	N/A	3.60e-07
JAN96488.1	N/A	3.62e-07
JAT06727.1	N/A	3.63e-07
JAL95145.1	N/A	3.64e-07
JAI36611.1	N/A	3.66e-07
CDG70147.1	N/A	3.67e-07
SBQ95323.1	N/A	3.67e-07
HDB49001.1	N/A	3.68e-07
JAD13039.1	N/A	3.69e-07
MCH74635.1	N/A	3.72e-07
JAK51780.1	N/A	3.76e-07
SBS09225.1	N/A	3.78e-07
NCE59336.1	N/A	3.78e-07
JAK71152.1	N/A	3.87e-07
SBR95654.1	N/A	3.87e-07
JAN95927.1	N/A	3.88e-07
JAL27403.1	N/A	3.89e-07
HCZ82574.1	N/A	3.93e-07
MOS21346.1	N/A	3.98e-07
JAQ13544.1	N/A	4.01e-07
SBP73741.1	N/A	4.01e-07
JAN49595.1	N/A	4.02e-07
SBR28390.1	N/A	4.05e-07
CCP77079.1	N/A	4.06e-07
JAK16647.1	N/A	4.07e-07
MOS22242.1	N/A	4.07e-07
SBR84446.1	N/A	4.10e-07
MOS17498.1	N/A	4.11e-07
JAJ53992.1	N/A	4.12e-07
HDA99015.1	N/A	4.13e-07
JAV37300.1	N/A	4.14e-07
JAT27580.1	N/A	4.14e-07
SBP63558.1	N/A	4.17e-07
SBR47560.1	N/A	4.20e-07
JAC02412.1	N/A	4.20e-07
JAO02794.1	N/A	4.22e-07
JAD06944.1	N/A	4.22e-07
JAM58908.1	N/A	4.25e-07
HCZ89888.1	N/A	4.29e-07
JAQ56962.1	N/A	4.32e-07
SBP73891.1	N/A	4.32e-07
JAN96558.1	N/A	4.39e-07
MDE51794.1	N/A	4.39e-07
JAO49667.1	N/A	4.42e-07
JAK90756.1	N/A	4.44e-07
JAJ26175.1	N/A	4.46e-07
JAK46162.1	N/A	4.47e-07
JAJ62271.1	N/A	4.51e-07
JAI85880.1	N/A	4.56e-07
JAK35335.1	N/A	4.56e-07
JAV51313.1	N/A	4.57e-07
MBY17891.1	N/A	4.60e-07
JAL24102.1	N/A	4.63e-07
JAL36393.1	N/A	4.65e-07
JAL29812.1	N/A	4.67e-07
JAN93012.1	N/A	4.68e-07
JAN73765.1	N/A	4.68e-07
JAJ82536.1	N/A	4.68e-07
JAJ67308.1	N/A	4.68e-07
JAN51895.1	N/A	4.73e-07
JAL36394.1	N/A	4.73e-07
JAK47809.1	N/A	4.75e-07
JAJ09903.1	N/A	4.77e-07
JAL54344.1	N/A	4.80e-07
JAM23584.1	N/A	4.81e-07
JAJ37031.1	N/A	4.83e-07
JAO02843.1	N/A	4.84e-07
HDA78711.1	N/A	4.86e-07
JAN11085.1	N/A	4.90e-07
MBX96308.1	N/A	4.94e-07
JAK48755.1	N/A	4.99e-07
JAV95367.1	N/A	5.01e-07
CCP83819.1	N/A	5.05e-07
JAL52845.1	N/A	5.09e-07
JAV06614.1	N/A	5.10e-07
JAN51894.1	N/A	5.11e-07
JAM43785.1	N/A	5.14e-07
JAL27164.1	N/A	5.16e-07
JAN03245.1	N/A	5.19e-07
AER95773.1	N/A	5.21e-07
SBP79639.1	N/A	5.24e-07
MBY06682.1	N/A	5.24e-07
AER95770.1	N/A	5.26e-07
JAC16694.1	N/A	5.29e-07
JAM06427.1	N/A	5.32e-07
JAB24694.1	N/A	5.35e-07
SBP04834.1	N/A	5.36e-07
JAA97833.1	N/A	5.41e-07
HCZ75185.1	N/A	5.44e-07
CCP74753.1	N/A	5.45e-07
JAL65533.1	N/A	5.45e-07
AHH39108.1	N/A	5.45e-07
JAI92130.1	N/A	5.46e-07
JAM33223.1	N/A	5.50e-07
HDA88284.1	N/A	5.60e-07
JAL21446.1	N/A	5.61e-07
HDB56202.1	N/A	5.62e-07
JAN52272.1	N/A	5.65e-07
JAR73435.1	N/A	5.66e-07
JAO00500.1	N/A	5.66e-07
JAJ61018.1	N/A	5.73e-07
JAN28242.1	N/A	5.74e-07
SBR45563.1	N/A	5.75e-07
JAA02134.1	N/A	5.76e-07
JAR75981.1	N/A	5.83e-07
SBP35110.1	N/A	5.84e-07
SBP10020.1	N/A	5.89e-07
JAV33314.1	N/A	5.89e-07
JAN28243.1	N/A	5.90e-07
JAL64778.1	N/A	5.95e-07
HCZ82639.1	N/A	6.07e-07
HDC43166.1	N/A	6.16e-07
CDW24000.1	N/A	6.18e-07
JAL64835.1	N/A	6.19e-07
JAN59319.1	N/A	6.21e-07
MOS18279.1	N/A	6.27e-07
JAQ80686.1	N/A	6.29e-07
SBR07649.1	N/A	6.32e-07
JAI14417.1	N/A	6.35e-07
JAQ45934.1	N/A	6.44e-07
SBS55789.1	N/A	6.44e-07
HDA90321.1	N/A	6.46e-07
MBY05703.1	N/A	6.51e-07
SBP67617.1	N/A	6.56e-07
MBW16349.1	N/A	6.65e-07
JAR67271.1	N/A	6.65e-07
AES03357.1	N/A	6.67e-07
SBP16514.1	N/A	6.71e-07
JAT20579.1	N/A	6.72e-07
JAQ41638.1	N/A	6.75e-07
JAT80028.1	N/A	6.75e-07
JAQ81115.1	N/A	6.78e-07
JAJ44325.1	N/A	6.79e-07
JAK56083.1	N/A	6.79e-07
SBQ91531.1	N/A	6.80e-07
JAM36731.1	N/A	6.80e-07
JAG80139.1	N/A	6.81e-07
JAG79956.1	N/A	6.85e-07
JAL44212.1	N/A	6.88e-07
MBY13230.1	N/A	6.88e-07
JAV36775.1	N/A	6.90e-07
JAV37304.1	N/A	6.93e-07
JAM89548.1	N/A	6.95e-07
JAN66783.1	N/A	6.95e-07
JAK79566.1	N/A	6.97e-07
AFP62859.1	N/A	6.99e-07
JAK08738.1	N/A	6.99e-07
JAL80633.1	N/A	7.03e-07
JAM57516.1	N/A	7.04e-07
JAC49784.1	N/A	7.05e-07
AFE66591.1	N/A	7.05e-07
JAI99674.1	N/A	7.10e-07
JAJ21026.1	N/A	7.12e-07
JAK22478.1	N/A	7.12e-07
SBR95387.1	N/A	7.19e-07
SBP33897.1	N/A	7.20e-07
JAK46180.1	N/A	7.21e-07
SBQ47762.1	N/A	7.22e-07
AER95767.1	N/A	7.28e-07
MBY16428.1	N/A	7.37e-07
JAR31786.1	N/A	7.41e-07
JAJ26514.1	N/A	7.44e-07
JAJ27933.1	N/A	7.45e-07
SBP33983.1	N/A	7.51e-07
JAN15471.1	N/A	7.53e-07
SBP17786.1	N/A	7.53e-07
JAB25581.1	N/A	7.54e-07
JAR87907.1	N/A	7.60e-07
JAQ78772.1	N/A	7.61e-07
AFJ51061.1	N/A	7.65e-07
JAQ14963.1	N/A	7.70e-07
AHH38970.1	N/A	7.80e-07
MBW25760.1	N/A	7.81e-07
JAJ24973.1	N/A	7.85e-07
JAI82571.1	N/A	7.85e-07
MOS22457.1	N/A	7.86e-07
SBP20046.1	N/A	7.89e-07
SBP38523.1	N/A	7.90e-07
JAL06911.1	N/A	7.94e-07
JAI82272.1	N/A	7.95e-07
JAM30564.1	N/A	8.01e-07
JAK47771.1	N/A	8.03e-07
JAK24493.1	N/A	8.05e-07
JAM08730.1	N/A	8.05e-07
JAR83549.1	N/A	8.06e-07
JAL02802.1	N/A	8.06e-07
JAL89765.1	N/A	8.06e-07
SBP55066.1	N/A	8.08e-07
MBY72761.1	N/A	8.12e-07
SBS19572.1	N/A	8.30e-07
JAJ01415.1	N/A	8.32e-07
JAK47772.1	N/A	8.34e-07
JAB21510.1	N/A	8.34e-07
JAN43475.1	N/A	8.37e-07
MOS19412.1	N/A	8.43e-07
JAR31787.1	N/A	8.45e-07
HDA80317.1	N/A	8.48e-07
JAB18590.1	N/A	8.53e-07
JAK44777.1	N/A	8.56e-07
JAR73986.1	N/A	8.59e-07
JAM33122.1	N/A	8.61e-07
HCZ81511.1	N/A	8.63e-07
JAN37739.1	N/A	8.69e-07
JAM86900.1	N/A	8.70e-07
JAK29240.1	N/A	8.70e-07
MOS19952.1	N/A	8.73e-07
JAN78086.1	N/A	8.75e-07
HDC06072.1	N/A	8.78e-07
JAG80788.1	N/A	8.79e-07
MOS07634.1	N/A	8.81e-07
JAB05619.1	N/A	8.86e-07
SBP10781.1	N/A	8.91e-07
JAC52988.1	N/A	9.01e-07
JAM59010.1	N/A	9.06e-07
JAN96055.1	N/A	9.07e-07
AHH38362.1	N/A	9.10e-07
JAN20805.1	N/A	9.11e-07
JAN08583.1	N/A	9.11e-07
JAL22805.1	N/A	9.19e-07
JAK47773.1	N/A	9.37e-07
CCP86442.1	N/A	9.40e-07
JAN11082.1	N/A	9.44e-07
JAL89365.1	N/A	9.48e-07
JAJ14228.1	N/A	9.53e-07
SBP13498.1	N/A	9.54e-07
JAK36885.1	N/A	9.54e-07
JAO95354.1	N/A	9.54e-07
JAG14989.1	N/A	9.57e-07
HCZ83137.1	N/A	9.59e-07
MOS16190.1	N/A	9.61e-07
JAJ18790.1	N/A	9.66e-07
SBP70208.1	N/A	9.69e-07
JAM69043.1	N/A	9.79e-07
JAI65771.1	N/A	9.89e-07
JAJ22187.1	N/A	9.91e-07
JAJ77365.1	N/A	9.92e-07
SBP04845.1	N/A	9.92e-07
JAI86316.1	N/A	9.94e-07
JAO02186.1	N/A	9.95e-07
AFO98818.1	N/A	9.95e-07
AFH33951.1	N/A	9.98e-07
JAK20232.1	N/A	1.00e-06
JAM33123.1	N/A	1.00e-06
SBQ35193.1	N/A	1.00e-06
AFH33952.1	N/A	1.00e-06
JAJ30927.1	N/A	1.01e-06
JAL51638.1	N/A	1.01e-06
JAJ03726.1	N/A	1.01e-06
JAN14799.1	N/A	1.01e-06
JAK38889.1	N/A	1.01e-06
JAN87768.1	N/A	1.01e-06
JAL78720.1	N/A	1.02e-06
JAK18234.1	N/A	1.03e-06
JAI35347.1	N/A	1.03e-06
JAJ18791.1	N/A	1.04e-06
JAV30418.1	N/A	1.05e-06
JAK75286.1	N/A	1.05e-06
JAI87572.1	N/A	1.06e-06
SBQ42586.1	N/A	1.07e-06
JAK47805.1	N/A	1.08e-06
JAR26789.1	N/A	1.08e-06
JAC59300.1	N/A	1.08e-06
JAI95725.1	N/A	1.09e-06
JAJ24972.1	N/A	1.10e-06
MOS22315.1	N/A	1.10e-06
JAJ70310.1	N/A	1.10e-06
JAV43476.1	N/A	1.11e-06
JAQ44917.1	N/A	1.11e-06
NOV47655.1	N/A	1.11e-06
SBR43976.1	N/A	1.12e-06
JAM38569.1	N/A	1.13e-06
MOS20487.1	N/A	1.13e-06
JAK01873.1	N/A	1.13e-06
JAQ69010.1	N/A	1.13e-06
JAN89752.1	N/A	1.14e-06
JAN17489.1	N/A	1.15e-06
AFH33329.1	N/A	1.16e-06
JAS32664.1	N/A	1.16e-06
MOS20633.1	N/A	1.17e-06
SBR83072.1	N/A	1.18e-06
JAB15301.1	N/A	1.19e-06
JAL44302.1	N/A	1.19e-06
JAG14967.1	N/A	1.20e-06
JAV30421.1	N/A	1.20e-06
JAL53040.1	N/A	1.20e-06
JAN71923.1	N/A	1.21e-06
JAN15470.1	N/A	1.23e-06
CDG71361.1	N/A	1.23e-06
HDC78299.1	N/A	1.23e-06
SBR54504.1	N/A	1.23e-06
SBQ62587.1	N/A	1.23e-06
MOS22205.1	N/A	1.24e-06
JAV06791.1	N/A	1.24e-06
JAK00372.1	N/A	1.24e-06
JAL87631.1	N/A	1.25e-06
JAJ69765.1	N/A	1.25e-06
MBY79299.1	N/A	1.26e-06
JAS97347.1	N/A	1.26e-06
AER99355.1	N/A	1.26e-06
JAL27115.1	N/A	1.27e-06
SBQ88099.1	N/A	1.28e-06
MDE52375.1	N/A	1.28e-06
SBR55358.1	N/A	1.30e-06
HCZ77896.1	N/A	1.30e-06
JAM06234.1	N/A	1.30e-06
JAN62672.1	N/A	1.33e-06
JAK03476.1	N/A	1.34e-06
JAO87427.1	N/A	1.34e-06
HCZ81425.1	N/A	1.35e-06
HCZ85944.1	N/A	1.35e-06
CCP77674.1	N/A	1.36e-06
HDB69049.1	N/A	1.38e-06
JAS39693.1	N/A	1.38e-06
AER96874.1	N/A	1.39e-06
JAB01690.1	N/A	1.39e-06
JAS42925.1	N/A	1.40e-06
SBP04126.1	N/A	1.42e-06
JAK38787.1	N/A	1.44e-06
JAN25318.1	N/A	1.44e-06
SBP21612.1	N/A	1.45e-06
MOS17465.1	N/A	1.46e-06
JAR83836.1	N/A	1.51e-06
SBR32636.1	N/A	1.52e-06
JAR81612.1	N/A	1.52e-06
JAG37572.1	N/A	1.52e-06
SBR41207.1	N/A	1.52e-06
JAI61245.1	N/A	1.54e-06
JAG67115.1	N/A	1.58e-06
JAI89287.1	N/A	1.58e-06
JAM12256.1	N/A	1.58e-06
SBQ84558.1	N/A	1.58e-06
HDA70177.1	N/A	1.61e-06
SBS15488.1	N/A	1.61e-06
JAA88342.1	N/A	1.61e-06
JAR68510.1	N/A	1.62e-06
SBQ61136.1	N/A	1.63e-06
JAR72304.1	N/A	1.63e-06
JAQ08362.1	N/A	1.63e-06
JAN54885.1	N/A	1.71e-06
JAI67401.1	N/A	1.73e-06
JAS11391.1	N/A	1.74e-06
CCP74418.1	N/A	1.74e-06
MDE46704.1	N/A	1.75e-06
MOS16535.1	N/A	1.76e-06
MOS20806.1	N/A	1.78e-06
AER93828.1	N/A	1.78e-06
JAG75353.1	N/A	1.79e-06
CDG71059.1	N/A	1.80e-06
JAS56594.1	N/A	1.80e-06
SBQ88502.1	N/A	1.81e-06
JAQ42098.1	N/A	1.82e-06
JAI21590.1	N/A	1.84e-06
JAL76078.1	N/A	1.84e-06
SBQ97958.1	N/A	1.86e-06
JAM62659.1	N/A	1.88e-06
HDC32722.1	N/A	1.88e-06
JAN49594.1	N/A	1.88e-06
SBS59795.1	N/A	1.88e-06
AFE67785.1	N/A	1.90e-06
SBP85221.1	N/A	1.90e-06
MOS17866.1	N/A	1.91e-06
SBQ94500.1	N/A	1.91e-06
JAP52077.1	N/A	1.92e-06
SBP81839.1	N/A	1.94e-06
JAA47548.1	N/A	1.95e-06
SBP48361.1	N/A	1.95e-06
MBY29445.1	N/A	1.96e-06
JAM64217.1	N/A	1.97e-06
JAT34050.1	N/A	1.99e-06
HDB25220.1	N/A	1.99e-06
JAJ38462.1	N/A	1.99e-06
SBR85881.1	N/A	2.01e-06
SBP57504.1	N/A	2.02e-06
JAQ33538.1	N/A	2.03e-06
MBW13939.1	N/A	2.03e-06
JAM94931.1	N/A	2.04e-06
SBQ32287.1	N/A	2.04e-06
SBR56790.1	N/A	2.04e-06
SBQ81758.1	N/A	2.05e-06
JAC01628.1	N/A	2.08e-06
JAM49760.1	N/A	2.09e-06
MBW67831.1	N/A	2.10e-06
JAB19728.1	N/A	2.11e-06
HCZ81713.1	N/A	2.12e-06
JAO02310.1	N/A	2.13e-06
JAM32828.1	N/A	2.13e-06
JAL98285.1	N/A	2.13e-06
JAN20700.1	N/A	2.15e-06
JAI18883.1	N/A	2.15e-06
JAO53179.1	N/A	2.15e-06
JAA96562.1	N/A	2.16e-06
JAM06232.1	N/A	2.16e-06
JAV06789.1	N/A	2.18e-06
CDW18859.1	N/A	2.20e-06
JAQ31983.1	N/A	2.25e-06
LAA51391.1	N/A	2.25e-06
JAK19199.1	N/A	2.27e-06
SBQ89577.1	N/A	2.28e-06
JAW03909.1	N/A	2.29e-06
JAQ78617.1	N/A	2.31e-06
HCZ83716.1	N/A	2.34e-06
SBR57330.1	N/A	2.34e-06
JAT35454.1	N/A	2.34e-06
MBW64800.1	N/A	2.35e-06
JAM06432.1	N/A	2.36e-06
MBW64839.1	N/A	2.36e-06
SBQ53475.1	N/A	2.37e-06
AHH37536.1	N/A	2.39e-06
JAK52168.1	N/A	2.41e-06
CCP82422.1	N/A	2.41e-06
JAM96947.1	N/A	2.41e-06
NBJ58977.1	N/A	2.41e-06
JAL48622.1	N/A	2.41e-06
LAA51394.1	N/A	2.42e-06
SBP16890.1	N/A	2.45e-06
JAK34278.1	N/A	2.46e-06
CDW44801.1	N/A	2.47e-06
JAR73874.1	N/A	2.49e-06
SBR03644.1	N/A	2.50e-06
JAL49788.1	N/A	2.52e-06
JAO56319.1	N/A	2.53e-06
JAJ75427.1	N/A	2.54e-06
MOS27960.1	N/A	2.57e-06
SBR61110.1	N/A	2.57e-06
JAJ55968.1	N/A	2.59e-06
JAL95181.1	N/A	2.65e-06
MBW21440.1	N/A	2.66e-06
JAK50915.1	N/A	2.66e-06
JAN93107.1	N/A	2.68e-06
AHH40166.1	N/A	2.70e-06
JAL01097.1	N/A	2.72e-06
SBS00716.1	N/A	2.73e-06
SBR43585.1	N/A	2.73e-06
MOS20571.1	N/A	2.76e-06
JAO57482.1	N/A	2.76e-06
MBY31133.1	N/A	2.76e-06
JAV06785.1	N/A	2.79e-06
MBW64799.1	N/A	2.80e-06
JAL07004.1	N/A	2.84e-06
JAS06979.1	N/A	2.84e-06
SBP17669.1	N/A	2.85e-06
JAK93508.1	N/A	2.85e-06
JAN95972.1	N/A	2.87e-06
JAN36675.1	N/A	2.88e-06
LAC25353.1	N/A	2.90e-06
JAJ24922.1	N/A	2.90e-06
JAM55813.1	N/A	2.91e-06
SBR51088.1	N/A	2.91e-06
JAN15663.1	N/A	2.91e-06
MBY78570.1	N/A	2.92e-06
JAK53515.1	N/A	2.93e-06
HDA74242.1	N/A	2.94e-06
JAV06676.1	N/A	2.94e-06
MBW50747.1	N/A	2.94e-06
SBQ33452.1	N/A	2.95e-06
JAM55723.1	N/A	2.95e-06
SBP28266.1	N/A	2.98e-06
MBW29096.1	N/A	2.98e-06
SBP33886.1	N/A	2.98e-06
MOS20556.1	N/A	3.02e-06
JAN37240.1	N/A	3.02e-06
JAL07003.1	N/A	3.04e-06
SBP74510.1	N/A	3.05e-06
MBW64784.1	N/A	3.06e-06
JAS84810.1	N/A	3.06e-06
SBP17797.1	N/A	3.06e-06
JAO98042.1	N/A	3.07e-06
JAS92172.1	N/A	3.13e-06
JAK87273.1	N/A	3.13e-06
JAT35722.1	N/A	3.14e-06
JAK49230.1	N/A	3.14e-06
JAJ30928.1	N/A	3.22e-06
JAR55268.1	N/A	3.24e-06
JAM66558.1	N/A	3.24e-06
JAQ21712.1	N/A	3.27e-06
JAJ90816.1	N/A	3.29e-06
JAM06431.1	N/A	3.29e-06
SBR87219.1	N/A	3.32e-06
CDW25807.1	N/A	3.33e-06
JAN17994.1	N/A	3.39e-06
JAP01463.1	N/A	3.41e-06
AHH39891.1	N/A	3.43e-06
JAS36854.1	N/A	3.43e-06
MBW36642.1	N/A	3.44e-06
JAK82352.1	N/A	3.50e-06
SBP42801.1	N/A	3.51e-06
JAM57316.1	N/A	3.56e-06
HDA99982.1	N/A	3.60e-06
JAC05248.1	N/A	3.63e-06
MBW36859.1	N/A	3.63e-06
JAC59321.1	N/A	3.63e-06
JAK53319.1	N/A	3.64e-06
JAT14206.1	N/A	3.64e-06
JAJ59368.1	N/A	3.65e-06
JAJ59558.1	N/A	3.66e-06
AHH39031.1	N/A	3.75e-06
JAK30693.1	N/A	3.83e-06
JAK70911.1	N/A	3.84e-06
JAK69662.1	N/A	3.85e-06
JAP48836.1	N/A	3.86e-06
JAJ62869.1	N/A	3.87e-06
JAA46715.1	N/A	3.89e-06
JAM46519.1	N/A	3.94e-06
JAK17475.1	N/A	3.95e-06
MBW37787.1	N/A	3.98e-06
MBY29546.1	N/A	3.98e-06
JAJ39531.1	N/A	3.99e-06
JAL45380.1	N/A	4.00e-06
JAL14255.1	N/A	4.04e-06
JAI97236.1	N/A	4.08e-06
HDB57608.1	N/A	4.09e-06
JAN86278.1	N/A	4.10e-06
HDB18120.1	N/A	4.13e-06
JAJ66796.1	N/A	4.14e-06
JAK81507.1	N/A	4.17e-06
JAJ31034.1	N/A	4.20e-06
SBP12862.1	N/A	4.25e-06
JAK83652.1	N/A	4.26e-06
JAN29627.1	N/A	4.32e-06
JAM54271.1	N/A	4.33e-06
HDA83168.1	N/A	4.35e-06
JAM39418.1	N/A	4.39e-06
JAN88803.1	N/A	4.41e-06
JAP39373.1	N/A	4.42e-06
JAL54576.1	N/A	4.42e-06
SBR85828.1	N/A	4.44e-06
SBP53344.1	N/A	4.46e-06
NOV44358.1	N/A	4.47e-06
HCZ78043.1	N/A	4.48e-06
JAQ81937.1	N/A	4.57e-06
CCP73320.1	N/A	4.62e-06
JAM49478.1	N/A	4.62e-06
JAV42797.1	N/A	4.65e-06
SBR78467.1	N/A	4.67e-06
JAM44016.1	N/A	4.67e-06
JAQ57644.1	N/A	4.70e-06
CCP79855.1	N/A	4.70e-06
JAM31578.1	N/A	4.74e-06
JAM23636.1	N/A	4.74e-06
JAM30327.1	N/A	4.76e-06
JAO99941.1	N/A	4.77e-06
JAL05560.1	N/A	4.78e-06
JAT94931.1	N/A	4.79e-06
JAL89188.1	N/A	4.79e-06
JAG70401.1	N/A	4.87e-06
JAM82856.1	N/A	4.87e-06
JAV36756.1	N/A	4.89e-06
JAK14384.1	N/A	4.89e-06
MOS20778.1	N/A	4.94e-06
JAM64011.1	N/A	4.97e-06
SBP85457.1	N/A	4.97e-06
MBY14393.1	N/A	5.00e-06
SBP71109.1	N/A	5.01e-06
JAD13094.1	N/A	5.03e-06
JAJ61065.1	N/A	5.12e-06
JAJ03525.1	N/A	5.16e-06
JAM11870.1	N/A	5.19e-06
JAR75777.1	N/A	5.19e-06
SBS15477.1	N/A	5.25e-06
JAL04165.1	N/A	5.26e-06
JAK56132.1	N/A	5.27e-06
SBR54490.1	N/A	5.29e-06
MBY74831.1	N/A	5.33e-06
JAS62588.1	N/A	5.34e-06
JAJ00980.1	N/A	5.39e-06
JAC05133.1	N/A	5.44e-06
JAS55337.1	N/A	5.44e-06
JAI65814.1	N/A	5.48e-06
NBJ58480.1	N/A	5.54e-06
NBJ58481.1	N/A	5.54e-06
AHH39948.1	N/A	5.58e-06
JAS89452.1	N/A	5.68e-06
JAS34395.1	N/A	5.71e-06
JAL76215.1	N/A	5.74e-06
JAL76215.1	N/A	2.05e-05
SBS06969.1	N/A	5.74e-06
JAK19147.1	N/A	5.77e-06
JAL96719.1	N/A	5.78e-06
SBP83654.1	N/A	5.78e-06
JAM99841.1	N/A	5.85e-06
JAO95358.1	N/A	5.94e-06
JAJ52729.1	N/A	5.97e-06
AFP03596.1	N/A	5.97e-06
AFE76524.1	N/A	5.98e-06
JAC57004.1	N/A	6.01e-06
JAK49229.1	N/A	6.08e-06
JAQ36031.1	N/A	6.08e-06
SBP46291.1	N/A	6.09e-06
JAB90234.1	N/A	6.13e-06
JAK79670.1	N/A	6.15e-06
JAL72585.1	N/A	6.16e-06
AFP09001.1	N/A	6.17e-06
JAA43472.1	N/A	6.32e-06
JAL55988.1	N/A	6.34e-06
JAB18944.1	N/A	6.36e-06
JAN65561.1	N/A	6.39e-06
JAG11147.1	N/A	6.48e-06
JAM11734.1	N/A	6.59e-06
SBQ57253.1	N/A	6.60e-06
MOS24944.1	N/A	6.68e-06
JAI92167.1	N/A	6.70e-06
MAA41210.1	N/A	6.80e-06
JAM37931.1	N/A	6.89e-06
SBP07930.1	N/A	6.95e-06
JAJ27978.1	N/A	6.96e-06
JAI80003.1	N/A	6.96e-06
JAL33501.1	N/A	7.02e-06
JAK73725.1	N/A	7.12e-06
SBQ63629.1	N/A	7.13e-06
SBQ32273.1	N/A	7.22e-06
NOV44073.1	N/A	7.26e-06
JAO96207.1	N/A	7.42e-06
JAL82087.1	N/A	7.44e-06
JAN87565.1	N/A	7.45e-06
SBP81847.1	N/A	7.54e-06
LAB44092.1	N/A	7.54e-06
SBR56800.1	N/A	7.81e-06
SBP16278.1	N/A	7.84e-06
SBP63374.1	N/A	7.86e-06
JAO87428.1	N/A	7.87e-06
SBR94509.1	N/A	7.92e-06
JAM93845.1	N/A	7.93e-06
SBQ87612.1	N/A	7.96e-06
JAJ26889.1	N/A	8.03e-06
JAQ35202.1	N/A	8.15e-06
JAV06606.1	N/A	8.16e-06
JAS29637.1	N/A	8.19e-06
JAI27574.1	N/A	8.21e-06
SBP75584.1	N/A	8.29e-06
SBP55821.1	N/A	8.44e-06
JAN54440.1	N/A	8.46e-06
JAM62325.1	N/A	8.46e-06
HDA47229.1	N/A	8.46e-06
SBQ94994.1	N/A	8.53e-06
JAO95144.1	N/A	8.53e-06
JAK15541.1	N/A	8.55e-06
HCZ80792.1	N/A	8.56e-06
JAQ95758.1	N/A	8.58e-06
SBP48375.1	N/A	8.60e-06
SBQ51539.1	N/A	8.63e-06
HDA58072.1	N/A	8.69e-06
JAL76834.1	N/A	8.77e-06
JAO58163.1	N/A	8.80e-06
JAB91227.1	N/A	8.81e-06
MOS18882.1	N/A	8.81e-06
JAK15526.1	N/A	8.81e-06
JAC16704.1	N/A	8.86e-06
HDA80777.1	N/A	8.99e-06
SBQ53484.1	N/A	8.99e-06
HDA50395.1	N/A	9.08e-06
JAR74875.1	N/A	9.15e-06
SBQ88494.1	N/A	9.32e-06
AFE68107.1	N/A	9.32e-06
HDB79206.1	N/A	9.33e-06
JAQ93541.1	N/A	9.47e-06
SBQ84194.1	N/A	9.54e-06
JAQ73712.1	N/A	9.59e-06
SBP18696.1	N/A	9.70e-06
SBQ84570.1	N/A	9.72e-06
JAC51623.1	N/A	9.77e-06
JAM36471.1	N/A	9.78e-06
JAV06610.1	N/A	9.89e-06
AHH37651.1	N/A	9.94e-06
JAS29332.1	N/A	1.00e-05
SBS01924.1	N/A	1.01e-05
JAM52170.1	N/A	1.02e-05
HDA77049.1	N/A	1.02e-05
JAC85145.1	N/A	1.02e-05
JAC52047.1	N/A	1.04e-05
JAM00418.1	N/A	1.06e-05
SBP75957.1	N/A	1.07e-05
JAJ57024.1	N/A	1.10e-05
LAC27300.1	N/A	1.11e-05
JAN87567.1	N/A	1.12e-05
HDA54369.1	N/A	1.13e-05
SBR74055.1	N/A	1.13e-05
SBP49332.1	N/A	1.15e-05
JAK36369.1	N/A	1.15e-05
JAI74472.1	N/A	1.16e-05
JAS39899.1	N/A	1.18e-05
JAB94801.1	N/A	1.18e-05
SBQ91575.1	N/A	1.20e-05
JAR82277.1	N/A	1.20e-05
JAM64879.1	N/A	1.21e-05
JAS07256.1	N/A	1.22e-05
JAM84247.1	N/A	1.22e-05
ADY45204.1	N/A	1.22e-05
JAR82222.1	N/A	1.23e-05
JAL41137.1	N/A	1.25e-05
HCZ75034.1	N/A	1.25e-05
JAQ76908.1	N/A	1.26e-05
JAK95370.1	N/A	1.27e-05
SBR61742.1	N/A	1.28e-05
LAC40292.1	N/A	1.28e-05
JAK21428.1	N/A	1.29e-05
MBY08962.1	N/A	1.29e-05
JAI83240.1	N/A	1.30e-05
JAN17995.1	N/A	1.30e-05
JAM62267.1	N/A	1.30e-05
JAV42642.1	N/A	1.30e-05
JAM08822.1	N/A	1.31e-05
MOS21032.1	N/A	1.33e-05
SBQ90378.1	N/A	1.35e-05
JAR10038.1	N/A	1.36e-05
JAJ55437.1	N/A	1.36e-05
JAR22444.1	N/A	1.38e-05
JAO59520.1	N/A	1.38e-05
SBR39253.1	N/A	1.38e-05
CCP76068.1	N/A	1.38e-05
JAP82291.1	N/A	1.39e-05
JAV70719.1	N/A	1.39e-05
JAJ60462.1	N/A	1.39e-05
JAB21015.1	N/A	1.40e-05
JAM63161.1	N/A	1.40e-05
SBP21916.1	N/A	1.41e-05
JAB03052.1	N/A	1.41e-05
SBP61307.1	N/A	1.42e-05
JAM82897.1	N/A	1.42e-05
HDC22368.1	N/A	1.44e-05
JAI81988.1	N/A	1.44e-05
SBP18635.1	N/A	1.46e-05
JAJ54678.1	N/A	1.46e-05
SBQ89612.1	N/A	1.47e-05
JAT03509.1	N/A	1.47e-05
HDB80773.1	N/A	1.48e-05
JAI19659.1	N/A	1.48e-05
JAJ29320.1	N/A	1.48e-05
HDC01212.1	N/A	1.48e-05
JAJ71108.1	N/A	1.49e-05
SBQ57158.1	N/A	1.55e-05
JAT18935.1	N/A	1.56e-05
SBQ68372.1	N/A	1.58e-05
JAL65995.1	N/A	1.59e-05
SBS52466.1	N/A	1.60e-05
SBQ82620.1	N/A	1.61e-05
JAB29699.1	N/A	1.63e-05
SBQ54282.1	N/A	1.63e-05
SBQ74947.1	N/A	1.66e-05
MBY27896.1	N/A	1.68e-05
JAV36624.1	N/A	1.68e-05
JAV94107.1	N/A	1.69e-05
MBY75825.1	N/A	1.69e-05
MDE49237.1	N/A	1.70e-05
JAJ70632.1	N/A	1.71e-05
SBP10459.1	N/A	1.71e-05
JAK08930.1	N/A	1.71e-05
MBY15495.1	N/A	1.71e-05
JAJ56380.1	N/A	1.73e-05
JAB17766.1	N/A	1.73e-05
AFE68193.1	N/A	1.75e-05
HDB62533.1	N/A	1.75e-05
HCZ81478.1	N/A	1.76e-05
MOS17926.1	N/A	1.78e-05
SBP38865.1	N/A	1.79e-05
SBQ43146.1	N/A	1.80e-05
AHH40367.1	N/A	1.80e-05
AFP12072.1	N/A	1.81e-05
JAR51611.1	N/A	1.84e-05
JAR74917.1	N/A	1.84e-05
JAQ41429.1	N/A	1.84e-05
JAV70718.1	N/A	1.85e-05
JAR82201.1	N/A	1.85e-05
HDC32506.1	N/A	1.86e-05
AHH41870.1	N/A	1.86e-05
JAQ68570.1	N/A	1.87e-05
JAI90632.1	N/A	1.88e-05
MOS18716.1	N/A	1.89e-05
JAR82619.1	N/A	1.90e-05
HCZ89291.1	N/A	1.91e-05
SBQ58685.1	N/A	1.95e-05
HCZ81546.1	N/A	1.97e-05
SBP21908.1	N/A	1.98e-05
JAR75251.1	N/A	1.98e-05
ADY48639.1	N/A	2.01e-05
JAK91707.1	N/A	2.03e-05
HCZ87404.1	N/A	2.03e-05
CDW36370.1	N/A	2.05e-05
JAN57519.1	N/A	2.08e-05
SBR55721.1	N/A	2.09e-05
JAR73015.1	N/A	2.12e-05
SBQ52401.1	N/A	2.13e-05
JAC97366.1	N/A	2.13e-05
HDC04675.1	N/A	2.13e-05
SBP75232.1	N/A	2.15e-05
JAL47387.1	N/A	2.16e-05
MBY29950.1	N/A	2.17e-05
JAJ45605.1	N/A	2.21e-05
JAL93242.1	N/A	2.25e-05
JAK87540.1	N/A	2.29e-05
SBS11408.1	N/A	2.30e-05
JAM15737.1	N/A	2.30e-05
JAQ23356.1	N/A	2.32e-05
AER93817.1	N/A	2.32e-05
JAN89661.1	N/A	2.34e-05
HDB94471.1	N/A	2.37e-05
JAA53528.1	N/A	2.39e-05
JAR58351.1	N/A	2.42e-05
JAB14800.1	N/A	2.42e-05
SBR28486.1	N/A	2.45e-05
JAM42609.1	N/A	2.45e-05
JAI56684.1	N/A	2.46e-05
SBS09595.1	N/A	2.47e-05
JAJ65099.1	N/A	2.48e-05
HDB95165.1	N/A	2.49e-05
JAR10037.1	N/A	2.50e-05
JAQ09541.1	N/A	2.51e-05
JAB95081.1	N/A	2.54e-05
SBR78297.1	N/A	2.55e-05
SBQ60160.1	N/A	2.55e-05
HDB82061.1	N/A	2.55e-05
JAB25700.1	N/A	2.55e-05
JAC99723.1	N/A	2.56e-05
JAJ36937.1	N/A	2.57e-05
JAB21257.1	N/A	2.57e-05
AFE66178.1	N/A	2.57e-05
SBP03352.1	N/A	2.58e-05
JAQ65312.1	N/A	2.59e-05
JAT27872.1	N/A	2.60e-05
HDC32337.1	N/A	2.61e-05
MBY06177.1	N/A	2.63e-05
JAC47267.1	N/A	2.64e-05
SBQ63841.1	N/A	2.64e-05
HCZ85115.1	N/A	2.66e-05
JAB09385.1	N/A	2.68e-05
HDA60473.1	N/A	2.68e-05
MOS26337.1	N/A	2.72e-05
SBR86453.1	N/A	2.73e-05
JAP66026.1	N/A	2.73e-05
JAN75242.1	N/A	2.78e-05
AHH38640.1	N/A	2.80e-05
SBP44681.1	N/A	2.82e-05
AHH41860.1	N/A	2.82e-05
AHH39261.1	N/A	2.84e-05
JAN62329.1	N/A	2.85e-05
JAV42585.1	N/A	2.86e-05
CDW40514.1	N/A	2.88e-05
MOS18180.1	N/A	2.88e-05
JAN09975.1	N/A	2.89e-05
CDW35689.1	N/A	2.89e-05
SBP65419.1	N/A	2.90e-05
JAB18125.1	N/A	2.90e-05
SBR53468.1	N/A	2.92e-05
JAD01894.1	N/A	2.93e-05
JAL58094.1	N/A	2.94e-05
JAK34098.1	N/A	2.97e-05
SBP12769.1	N/A	2.98e-05
SBS56142.1	N/A	3.00e-05
JAQ35682.1	N/A	3.01e-05
SBP52160.1	N/A	3.04e-05
SBR01274.1	N/A	3.06e-05
HDA81049.1	N/A	3.08e-05
JAM80698.1	N/A	3.09e-05
JAI65299.1	N/A	3.10e-05
JAO98369.1	N/A	3.10e-05
JAN89663.1	N/A	3.13e-05
JAL71472.1	N/A	3.14e-05
JAA11084.1	N/A	3.16e-05
MOS15692.1	N/A	3.23e-05
JAN09435.1	N/A	3.24e-05
SBP05239.1	N/A	3.24e-05
JAM05125.1	N/A	3.26e-05
JAC42311.1	N/A	3.28e-05
JAN23723.1	N/A	3.31e-05
JAM61269.1	N/A	3.31e-05
JAQ74562.1	N/A	3.32e-05
JAO96754.1	N/A	3.32e-05
MBY16565.1	N/A	3.38e-05
JAV42284.1	N/A	3.39e-05
JAL63914.1	N/A	3.43e-05
MBY00380.1	N/A	3.45e-05
JAN37081.1	N/A	3.50e-05
JAN11036.1	N/A	3.50e-05
LAB20864.1	N/A	3.51e-05
JAR58350.1	N/A	3.52e-05
MBY29875.1	N/A	3.52e-05
AER96429.1	N/A	3.57e-05
JAQ30671.1	N/A	3.57e-05
JAV06594.1	N/A	3.57e-05
SBR95592.1	N/A	3.63e-05
SBR32943.1	N/A	3.64e-05
MBY23442.1	N/A	3.67e-05
JAN26594.1	N/A	3.69e-05
JAR86133.1	N/A	3.72e-05
JAU01058.1	N/A	3.73e-05
SBP58185.1	N/A	3.74e-05
MBY09381.1	N/A	3.75e-05
SBP52812.1	N/A	3.76e-05
JAJ59208.1	N/A	3.77e-05
JAM91477.1	N/A	3.78e-05
JAQ79229.1	N/A	3.80e-05
JAI89241.1	N/A	3.80e-05
MOS20720.1	N/A	3.81e-05
JAJ97865.1	N/A	3.83e-05
JAG80695.1	N/A	3.86e-05
JAM58784.1	N/A	3.88e-05
SBQ82819.1	N/A	3.90e-05
JAN15848.1	N/A	3.96e-05
SBP63319.1	N/A	3.98e-05
SBP63449.1	N/A	4.00e-05
SBS47796.1	N/A	4.03e-05
JAN17996.1	N/A	4.04e-05
JAV36674.1	N/A	4.04e-05
JAR91611.1	N/A	4.06e-05
MOS15573.1	N/A	4.07e-05
JAN01424.1	N/A	4.11e-05
SBR87773.1	N/A	4.13e-05
JAO20550.1	N/A	4.15e-05
MBY14109.1	N/A	4.15e-05
JAT14154.1	N/A	4.19e-05
JAN73913.1	N/A	4.23e-05
JAM83056.1	N/A	4.25e-05
SBQ46533.1	N/A	4.25e-05
JAL79392.1	N/A	4.27e-05
CCP75893.1	N/A	4.28e-05
HDA37168.1	N/A	4.29e-05
SBQ69742.1	N/A	4.30e-05
SBQ56624.1	N/A	4.32e-05
JAT09947.1	N/A	4.33e-05
JAJ56160.1	N/A	4.33e-05
SBR00262.1	N/A	4.36e-05
JAR71557.1	N/A	4.42e-05
JAG79281.1	N/A	4.45e-05
MOS20095.1	N/A	4.47e-05
SBR43916.1	N/A	4.47e-05
JAN95574.1	N/A	4.52e-05
JAR77520.1	N/A	4.58e-05
JAK97967.1	N/A	4.60e-05
HCZ89219.1	N/A	4.64e-05
JAJ31024.1	N/A	4.64e-05
JAJ18644.1	N/A	4.65e-05
HDB04195.1	N/A	4.67e-05
JAJ02369.1	N/A	4.69e-05
JAL81989.1	N/A	4.71e-05
JAV42957.1	N/A	4.73e-05
JAK63375.1	N/A	4.77e-05
SBP01957.1	N/A	4.79e-05
JAM00583.1	N/A	4.81e-05
JAR89192.1	N/A	4.81e-05
SBQ44232.1	N/A	4.85e-05
SBQ44473.1	N/A	4.88e-05
JAK36368.1	N/A	4.88e-05
JAS66983.1	N/A	4.89e-05
SBQ55475.1	N/A	4.93e-05
JAR56012.1	N/A	4.96e-05
HDB93111.1	N/A	4.97e-05
SBS47045.1	N/A	4.97e-05
