JAA92594.1	N/A	3.31e-53
JAN51006.1	N/A	1.09e-52
JAN30666.1	N/A	3.62e-52
JAK64452.1	N/A	3.95e-52
JAK63001.1	N/A	5.11e-52
JAK16467.1	N/A	6.81e-52
JAJ89570.1	N/A	1.07e-51
JAK78948.1	N/A	1.55e-51
JAL31281.1	N/A	1.65e-51
JAN86704.1	N/A	1.70e-51
JAN37766.1	N/A	1.72e-51
JAK22765.1	N/A	1.89e-51
JAI68769.1	N/A	1.91e-51
JAJ64852.1	N/A	2.19e-51
JAJ56956.1	N/A	2.23e-51
JAK22764.1	N/A	2.45e-51
JAJ03065.1	N/A	2.49e-51
JAJ52759.1	N/A	3.05e-51
JAJ70351.1	N/A	3.11e-51
JAJ52703.1	N/A	3.11e-51
JAK00519.1	N/A	3.31e-51
JAL84715.1	N/A	3.32e-51
JAL13486.1	N/A	3.35e-51
JAJ52702.1	N/A	3.42e-51
JAL96758.1	N/A	3.50e-51
JAL00235.1	N/A	3.85e-51
JAM48597.1	N/A	5.54e-51
JAN45868.1	N/A	6.37e-51
JAJ54865.1	N/A	6.96e-51
JAN10727.1	N/A	7.90e-51
JAJ26463.1	N/A	8.63e-51
JAL82961.1	N/A	1.07e-50
JAM78405.1	N/A	1.08e-50
JAK24121.1	N/A	1.09e-50
JAM29400.1	N/A	1.10e-50
JAK88491.1	N/A	1.17e-50
JAL07989.1	N/A	1.21e-50
JAL52168.1	N/A	1.61e-50
JAK38263.1	N/A	1.61e-50
JAL37180.1	N/A	1.62e-50
JAM57600.1	N/A	1.77e-50
JAN62154.1	N/A	1.79e-50
JAN62153.1	N/A	1.90e-50
JAN22165.1	N/A	1.97e-50
JAK51609.1	N/A	2.03e-50
JAJ81404.1	N/A	2.13e-50
JAM86001.1	N/A	2.68e-50
JAN27967.1	N/A	2.70e-50
JAJ36205.1	N/A	2.70e-50
JAK63153.1	N/A	2.80e-50
JAK61857.1	N/A	2.80e-50
JAK47157.1	N/A	2.81e-50
JAN22166.1	N/A	2.83e-50
JAL11588.1	N/A	3.04e-50
JAN63009.1	N/A	3.06e-50
JAJ24609.1	N/A	3.36e-50
JAM38155.1	N/A	3.36e-50
JAN42807.1	N/A	3.67e-50
JAN45867.1	N/A	3.86e-50
JAJ52774.1	N/A	4.10e-50
JAN72516.1	N/A	4.29e-50
JAL47578.1	N/A	4.81e-50
JAN62155.1	N/A	4.94e-50
JAN78671.1	N/A	5.04e-50
JAN80010.1	N/A	5.06e-50
JAL08079.1	N/A	5.10e-50
JAK09824.1	N/A	5.65e-50
JAK72051.1	N/A	5.77e-50
JAK72046.1	N/A	5.96e-50
JAM69554.1	N/A	6.04e-50
JAM08522.1	N/A	6.16e-50
JAK89746.1	N/A	6.35e-50
JAK48863.1	N/A	6.42e-50
JAM06507.1	N/A	6.67e-50
JAN30665.1	N/A	6.84e-50
JAN44534.1	N/A	7.18e-50
JAJ81591.1	N/A	7.21e-50
JAK16466.1	N/A	7.30e-50
JAK91191.1	N/A	7.37e-50
JAL07990.1	N/A	7.37e-50
JAL52569.1	N/A	7.93e-50
JAK67852.1	N/A	8.47e-50
JAJ52706.1	N/A	8.73e-50
JAL91554.1	N/A	9.42e-50
JAK01383.1	N/A	9.93e-50
JAJ52707.1	N/A	1.33e-49
JAM78403.1	N/A	1.35e-49
JAJ39308.1	N/A	1.43e-49
JAL37181.1	N/A	1.45e-49
JAJ64152.1	N/A	1.50e-49
JAM99740.1	N/A	1.63e-49
JAN32427.1	N/A	1.65e-49
JAN86703.1	N/A	1.71e-49
JAL13485.1	N/A	1.78e-49
JAK32820.1	N/A	1.78e-49
JAJ53460.1	N/A	1.79e-49
JAJ73703.1	N/A	2.12e-49
JAJ41107.1	N/A	2.14e-49
JAL43671.1	N/A	2.15e-49
JAI68768.1	N/A	2.21e-49
JAK85440.1	N/A	2.28e-49
JAL38480.1	N/A	2.35e-49
JAJ96925.1	N/A	2.37e-49
JAN56461.1	N/A	2.38e-49
JAK73501.1	N/A	2.78e-49
JAK70695.1	N/A	2.84e-49
JAK70694.1	N/A	3.33e-49
JAJ47355.1	N/A	3.51e-49
JAM56146.1	N/A	3.63e-49
JAK51557.1	N/A	3.71e-49
JAL77653.1	N/A	3.79e-49
JAN56459.1	N/A	3.83e-49
JAI57196.1	N/A	3.94e-49
JAI96162.1	N/A	4.05e-49
JAK73499.1	N/A	4.22e-49
JAM44658.1	N/A	4.43e-49
JAK67853.1	N/A	4.48e-49
JAJ52761.1	N/A	4.73e-49
JAJ14611.1	N/A	4.93e-49
JAJ46850.1	N/A	5.04e-49
JAJ07311.1	N/A	5.30e-49
JAJ09304.1	N/A	5.31e-49
JAJ46854.1	N/A	5.31e-49
JAJ52760.1	N/A	5.36e-49
JAJ52758.1	N/A	5.59e-49
JAJ46853.1	N/A	5.77e-49
JAL96757.1	N/A	5.84e-49
JAK81959.1	N/A	5.89e-49
JAN67924.1	N/A	6.01e-49
JAK00065.1	N/A	6.19e-49
JAK36474.1	N/A	6.41e-49
JAJ03112.1	N/A	6.43e-49
JAN30832.1	N/A	6.50e-49
JAM67547.1	N/A	6.63e-49
JAM76304.1	N/A	6.71e-49
JAK47158.1	N/A	6.74e-49
JAK10970.1	N/A	6.94e-49
JAJ60801.1	N/A	7.02e-49
JAJ07314.1	N/A	7.03e-49
JAN72760.1	N/A	7.50e-49
JAN74204.1	N/A	7.78e-49
JAK91286.1	N/A	8.26e-49
JAM68749.1	N/A	8.64e-49
JAM63547.1	N/A	8.73e-49
JAI91663.1	N/A	9.00e-49
JAM52999.1	N/A	9.86e-49
JAK45561.1	N/A	1.05e-48
JAL91555.1	N/A	1.15e-48
JAK61858.1	N/A	1.20e-48
JAI85661.1	N/A	1.29e-48
JAJ12764.1	N/A	1.39e-48
JAN10726.1	N/A	1.41e-48
JAM77711.1	N/A	1.42e-48
JAN30831.1	N/A	1.45e-48
JAN47364.1	N/A	1.50e-48
JAK60449.1	N/A	1.53e-48
JAM19007.1	N/A	1.57e-48
JAN51423.1	N/A	1.67e-48
JAK01561.1	N/A	1.74e-48
JAK91355.1	N/A	1.79e-48
JAK73500.1	N/A	1.82e-48
JAN81477.1	N/A	1.87e-48
JAJ24459.1	N/A	1.98e-48
JAL70159.1	N/A	2.03e-48
JAJ52712.1	N/A	2.05e-48
JAM08521.1	N/A	2.78e-48
JAJ25557.1	N/A	2.85e-48
JAI83060.1	N/A	2.89e-48
JAN32215.1	N/A	3.26e-48
JAI69883.1	N/A	3.33e-48
JAJ80056.1	N/A	3.34e-48
JAM51701.1	N/A	3.40e-48
JAJ24460.1	N/A	3.47e-48
JAM31304.1	N/A	3.74e-48
JAN49263.1	N/A	3.78e-48
JAK10971.1	N/A	3.85e-48
JAJ81592.1	N/A	3.88e-48
JAJ37808.1	N/A	4.07e-48
JAJ03113.1	N/A	4.24e-48
JAM53150.1	N/A	4.38e-48
JAK72105.1	N/A	4.38e-48
JAL36147.1	N/A	4.57e-48
JAK93163.1	N/A	4.62e-48
JAL20890.1	N/A	4.82e-48
JAL55726.1	N/A	4.87e-48
JAK55461.1	N/A	5.03e-48
JAL52568.1	N/A	5.08e-48
JAK15363.1	N/A	5.23e-48
JAN64792.1	N/A	6.26e-48
JAL73615.1	N/A	6.52e-48
JAN93241.1	N/A	6.61e-48
JAL23488.1	N/A	6.75e-48
JAK33972.1	N/A	6.75e-48
JAJ37809.1	N/A	7.02e-48
JAJ03111.1	N/A	7.06e-48
JAM48543.1	N/A	7.09e-48
JAK46958.1	N/A	7.12e-48
JAK89863.1	N/A	7.17e-48
JAI72735.1	N/A	7.41e-48
JAM53000.1	N/A	7.99e-48
JAJ39057.1	N/A	8.19e-48
JAL70908.1	N/A	8.31e-48
JAN47363.1	N/A	8.55e-48
JAM60905.1	N/A	8.61e-48
JAM51809.1	N/A	8.61e-48
JAJ37810.1	N/A	8.95e-48
JAJ62407.1	N/A	9.96e-48
JAM60745.1	N/A	1.20e-47
JAK46957.1	N/A	1.24e-47
JAM75667.1	N/A	1.26e-47
JAN04838.1	N/A	1.28e-47
JAJ28668.1	N/A	1.35e-47
JAK12733.1	N/A	1.37e-47
JAL26577.1	N/A	1.43e-47
JAN66072.1	N/A	1.61e-47
JAK33971.1	N/A	1.70e-47
JAL38588.1	N/A	1.73e-47
JAK89862.1	N/A	1.81e-47
JAK67711.1	N/A	1.91e-47
JAM09605.1	N/A	2.15e-47
JAK35119.1	N/A	2.17e-47
AFM75824.1	N/A	2.26e-47
JAK09579.1	N/A	2.46e-47
JAL71178.1	N/A	3.05e-47
JAJ19711.1	N/A	3.27e-47
JAL54072.1	N/A	3.81e-47
JAL40031.1	N/A	4.27e-47
JAK12732.1	N/A	6.05e-47
JAN04839.1	N/A	6.40e-47
AFM43712.1	N/A	6.66e-47
JAM09606.1	N/A	7.57e-47
AFM43710.1	N/A	8.28e-47
JAL26929.1	N/A	1.25e-46
JAK35107.1	N/A	1.42e-46
JAK61856.1	N/A	1.47e-46
JAL09638.1	N/A	1.64e-46
JAN09171.1	N/A	1.84e-46
JAJ04108.1	N/A	1.87e-46
JAJ10861.1	N/A	2.24e-46
JAJ04109.1	N/A	2.84e-46
JAK18716.1	N/A	4.51e-46
JAJ08463.1	N/A	5.48e-46
JAM44657.1	N/A	5.69e-46
JAM65650.1	N/A	6.04e-46
JAK96953.1	N/A	6.71e-46
JAN56157.1	N/A	6.80e-46
JAK36258.1	N/A	7.57e-46
JAK18717.1	N/A	7.80e-46
JAL30538.1	N/A	9.25e-46
JAL15935.1	N/A	9.32e-46
JAK80040.1	N/A	9.86e-46
JAK72910.1	N/A	1.08e-45
JAK40073.1	N/A	1.10e-45
JAL96456.1	N/A	1.23e-45
JAK26479.1	N/A	1.27e-45
JAM45598.1	N/A	1.37e-45
JAL99112.1	N/A	1.39e-45
JAK59004.1	N/A	1.41e-45
JAL15934.1	N/A	1.44e-45
JAM83545.1	N/A	1.50e-45
JAJ70154.1	N/A	1.54e-45
JAL99113.1	N/A	1.56e-45
JAN56155.1	N/A	1.74e-45
JAL19125.1	N/A	1.78e-45
JAK27463.1	N/A	1.95e-45
JAK30270.1	N/A	2.05e-45
JAK96952.1	N/A	2.12e-45
JAL30536.1	N/A	2.13e-45
JAJ37954.1	N/A	2.33e-45
JAN18934.1	N/A	2.42e-45
JAM91983.1	N/A	2.48e-45
JAI86207.1	N/A	2.49e-45
JAN33073.1	N/A	2.49e-45
JAL41132.1	N/A	2.52e-45
JAK99850.1	N/A	2.71e-45
JAL15930.1	N/A	2.79e-45
JAK69104.1	N/A	2.82e-45
JAM86303.1	N/A	2.84e-45
JAK29918.1	N/A	2.96e-45
JAK79097.1	N/A	2.97e-45
JAN18938.1	N/A	3.04e-45
JAL84907.1	N/A	3.24e-45
JAI91462.1	N/A	3.40e-45
JAL84908.1	N/A	3.41e-45
JAK25109.1	N/A	3.54e-45
JAL96502.1	N/A	3.55e-45
JAI96661.1	N/A	3.62e-45
JAL57183.1	N/A	3.73e-45
JAM83149.1	N/A	3.74e-45
JAL40087.1	N/A	3.76e-45
JAK79099.1	N/A	3.93e-45
JAM22053.1	N/A	4.09e-45
JAJ19710.1	N/A	4.35e-45
JAB01301.1	N/A	4.36e-45
JAK79098.1	N/A	4.42e-45
JAK24066.1	N/A	4.43e-45
JAM02013.1	N/A	4.50e-45
JAK15175.1	N/A	4.51e-45
JAJ12261.1	N/A	4.61e-45
JAN66929.1	N/A	4.68e-45
JAL77161.1	N/A	4.74e-45
JAL43186.1	N/A	5.24e-45
JAN18937.1	N/A	5.28e-45
JAL83968.1	N/A	5.38e-45
JAK40072.1	N/A	5.43e-45
JAL93857.1	N/A	5.66e-45
JAM03714.1	N/A	5.69e-45
JAL72624.1	N/A	5.77e-45
JAK35970.1	N/A	5.78e-45
JAN50805.1	N/A	5.91e-45
JAK94546.1	N/A	6.17e-45
JAN30481.1	N/A	6.37e-45
JAI76445.1	N/A	6.39e-45
JAK30271.1	N/A	6.59e-45
JAM22114.1	N/A	6.70e-45
JAM02016.1	N/A	6.91e-45
JAM53755.1	N/A	7.02e-45
JAN18933.1	N/A	7.14e-45
JAJ11613.1	N/A	7.42e-45
JAM27058.1	N/A	7.55e-45
JAK84650.1	N/A	7.95e-45
JAL41176.1	N/A	8.93e-45
JAL56873.1	N/A	8.93e-45
JAM36147.1	N/A	9.12e-45
JAL89174.1	N/A	9.47e-45
JAN69476.1	N/A	9.73e-45
JAJ49161.1	N/A	9.77e-45
JAL19993.1	N/A	1.02e-44
JAJ74107.1	N/A	1.07e-44
JAL13332.1	N/A	1.08e-44
JAJ49162.1	N/A	1.08e-44
JAK22568.1	N/A	1.10e-44
JAJ98214.1	N/A	1.15e-44
JAK96352.1	N/A	1.15e-44
JAN35320.1	N/A	1.17e-44
JAK99149.1	N/A	1.22e-44
JAK83095.1	N/A	1.30e-44
JAM43305.1	N/A	1.32e-44
JAN77298.1	N/A	1.35e-44
JAM43306.1	N/A	1.36e-44
JAJ49160.1	N/A	1.38e-44
JAL82809.1	N/A	1.39e-44
JAJ08459.1	N/A	1.40e-44
JAJ49159.1	N/A	1.42e-44
JAN71070.1	N/A	1.49e-44
JAJ48301.1	N/A	1.53e-44
JAM02014.1	N/A	1.56e-44
JAN36177.1	N/A	1.61e-44
JAJ48300.1	N/A	1.64e-44
JAK19572.1	N/A	1.65e-44
JAM22054.1	N/A	1.68e-44
JAN53204.1	N/A	1.74e-44
AFM43711.1	N/A	1.74e-44
JAN21733.1	N/A	1.87e-44
JAM15560.1	N/A	1.93e-44
JAN36178.1	N/A	1.94e-44
JAM00973.1	N/A	2.08e-44
JAN36181.1	N/A	2.35e-44
JAC44122.1	N/A	2.37e-44
JAL74713.1	N/A	2.58e-44
JAM00971.1	N/A	2.79e-44
JAJ08464.1	N/A	2.96e-44
JAG50721.1	N/A	3.26e-44
JAL74871.1	N/A	3.98e-44
JAK81555.1	N/A	4.16e-44
JAM00972.1	N/A	7.21e-44
JAD07330.1	N/A	7.88e-44
JAN84718.1	N/A	9.99e-44
AFM75825.1	N/A	1.18e-43
JAJ08458.1	N/A	1.24e-43
JAK41029.1	N/A	1.24e-43
JAL92865.1	N/A	1.28e-43
JAJ57114.1	N/A	1.49e-43
MBY06813.1	N/A	1.74e-43
JAM27909.1	N/A	1.84e-43
JAC00790.1	N/A	1.98e-43
JAJ57260.1	N/A	2.04e-43
JAI98714.1	N/A	2.04e-43
JAK84010.1	N/A	3.90e-43
JAN23877.1	N/A	3.99e-43
JAK21232.1	N/A	4.09e-43
JAN68825.1	N/A	5.24e-43
JAM55048.1	N/A	5.57e-43
JAL43182.1	N/A	8.28e-43
JAK93096.1	N/A	8.29e-43
JAL38431.1	N/A	8.35e-43
ADD20084.1	N/A	1.06e-42
SBP21909.1	N/A	1.15e-42
JAK93097.1	N/A	1.31e-42
JAM54209.1	N/A	1.81e-42
JAN53508.1	N/A	2.61e-42
JAK37763.1	N/A	3.29e-42
MBW55671.1	N/A	4.27e-42
JAV06622.1	N/A	6.17e-42
MBW33964.1	N/A	6.23e-42
MBW70498.1	N/A	6.37e-42
MBW33959.1	N/A	8.46e-42
MBW34161.1	N/A	8.73e-42
MBW68602.1	N/A	8.82e-42
JAV06637.1	N/A	9.23e-42
JAI73657.1	N/A	9.28e-42
JAA98494.1	N/A	1.19e-41
JAJ32980.1	N/A	1.22e-41
JAS20512.1	N/A	1.38e-41
NBJ61860.1	N/A	1.58e-41
JAM12163.1	N/A	1.86e-41
JAL92867.1	N/A	1.93e-41
JAN53407.1	N/A	2.03e-41
JAN56359.1	N/A	2.33e-41
MBW21003.1	N/A	2.43e-41
JAB57557.1	N/A	2.70e-41
MBW55670.1	N/A	3.06e-41
JAL09446.1	N/A	3.06e-41
MBW55669.1	N/A	3.33e-41
JAK64654.1	N/A	4.30e-41
JAA99658.1	N/A	6.63e-41
JAM04872.1	N/A	7.89e-41
JAL08043.1	N/A	8.20e-41
MBW21010.1	N/A	8.58e-41
JAB57387.1	N/A	9.33e-41
JAG75061.1	N/A	1.26e-40
JAM35470.1	N/A	1.50e-40
JAM60514.1	N/A	1.60e-40
AFP61493.1	N/A	1.63e-40
JAJ27505.1	N/A	1.73e-40
JAK26480.1	N/A	2.29e-40
JAV30906.1	N/A	2.61e-40
JAV31037.1	N/A	2.86e-40
JAT39539.1	N/A	3.39e-40
JAB57952.1	N/A	4.15e-40
JAJ13910.1	N/A	4.98e-40
JAN36420.1	N/A	5.26e-40
JAK26478.1	N/A	5.68e-40
JAI59576.1	N/A	5.83e-40
AFP60345.1	N/A	6.46e-40
JAL55722.1	N/A	6.84e-40
JAK47156.1	N/A	8.17e-40
AEY58196.1	N/A	1.07e-39
JAM10608.1	N/A	1.21e-39
JAV30905.1	N/A	1.24e-39
LAA07964.1	N/A	1.41e-39
JAV31036.1	N/A	1.85e-39
JAL40088.1	N/A	2.06e-39
JAN81778.1	N/A	2.96e-39
JAI59574.1	N/A	3.43e-39
SBS57368.1	N/A	3.63e-39
JAM55009.1	N/A	4.16e-39
JAR80542.1	N/A	4.19e-39
AEY61192.1	N/A	4.89e-39
JAN83162.1	N/A	6.39e-39
JAB00544.1	N/A	7.12e-39
JAG40793.1	N/A	8.35e-39
JAG40794.1	N/A	9.86e-39
JAC51040.1	N/A	1.03e-38
JAR00200.1	N/A	1.14e-38
JAK04677.1	N/A	1.34e-38
JAL48586.1	N/A	1.53e-38
MBY33097.1	N/A	1.63e-38
JAS54789.1	N/A	2.37e-38
JAI27933.1	N/A	2.81e-38
JAT38467.1	N/A	4.71e-38
JAD01743.1	N/A	5.09e-38
SBP43195.1	N/A	6.39e-38
LAA07962.1	N/A	6.39e-38
JAS39439.1	N/A	6.45e-38
JAL94809.1	N/A	6.49e-38
JAD12545.1	N/A	7.36e-38
JAL70028.1	N/A	7.41e-38
JAJ09903.1	N/A	7.75e-38
JAG71747.1	N/A	1.15e-37
JAJ11706.1	N/A	1.39e-37
JAT36067.1	N/A	1.71e-37
JAL81714.1	N/A	2.00e-37
JAC58189.1	N/A	2.05e-37
JAL29077.1	N/A	2.75e-37
JAM27910.1	N/A	3.06e-37
JAI43425.1	N/A	3.16e-37
JAL49734.1	N/A	3.95e-37
JAC03980.1	N/A	4.04e-37
JAT37998.1	N/A	4.10e-37
JAC06024.1	N/A	4.15e-37
MBY24923.1	N/A	5.39e-37
JAJ13717.1	N/A	5.51e-37
JAS79665.1	N/A	5.55e-37
JAL17236.1	N/A	6.13e-37
HCZ74993.1	N/A	6.29e-37
JAL92866.1	N/A	6.91e-37
JAM03123.1	N/A	8.20e-37
JAL65016.1	N/A	8.61e-37
JAL33923.1	N/A	8.72e-37
JAJ57115.1	N/A	9.44e-37
JAJ68504.1	N/A	1.05e-36
JAN06383.1	N/A	1.50e-36
JAS11175.1	N/A	1.95e-36
JAR66174.1	N/A	2.51e-36
MBW15218.1	N/A	3.35e-36
JAG79904.1	N/A	4.40e-36
JAS42007.1	N/A	6.70e-36
JAM21711.1	N/A	7.28e-36
JAK34019.1	N/A	9.44e-36
JAV30491.1	N/A	1.02e-35
JAL17730.1	N/A	1.08e-35
JAL46543.1	N/A	1.17e-35
CDW38630.1	N/A	1.65e-35
JAS44559.1	N/A	3.61e-35
MBY74321.1	N/A	3.69e-35
CDW40350.1	N/A	3.76e-35
JAJ78228.1	N/A	3.77e-35
JAN41107.1	N/A	4.62e-35
JAK47372.1	N/A	5.21e-35
CDW45760.1	N/A	6.53e-35
MBY73150.1	N/A	6.56e-35
MBY83018.1	N/A	7.24e-35
AFP59838.1	N/A	7.50e-35
MBW15542.1	N/A	8.96e-35
HDB23524.1	N/A	9.75e-35
MBW24803.1	N/A	1.13e-34
SBQ47826.1	N/A	1.27e-34
JAM86655.1	N/A	1.30e-34
SBR42733.1	N/A	1.41e-34
JAV30189.1	N/A	1.52e-34
MBW42950.1	N/A	1.57e-34
JAG09689.1	N/A	1.81e-34
JAW10971.1	N/A	1.82e-34
JAK82755.1	N/A	1.95e-34
JAV30132.1	N/A	2.14e-34
MBW68737.1	N/A	2.38e-34
SBQ89366.1	N/A	2.42e-34
JAV30119.1	N/A	2.67e-34
JAV30186.1	N/A	2.70e-34
JAB00954.1	N/A	3.38e-34
JAJ56558.1	N/A	3.40e-34
JAV30458.1	N/A	3.83e-34
JAV30467.1	N/A	4.80e-34
JAA98843.1	N/A	4.82e-34
MBY20807.1	N/A	5.43e-34
JAR45428.1	N/A	6.15e-34
JAJ00968.1	N/A	6.19e-34
LAB67474.1	N/A	9.55e-34
SBP63958.1	N/A	1.05e-33
JAV30012.1	N/A	1.20e-33
JAR79968.1	N/A	1.31e-33
JAR45430.1	N/A	1.49e-33
JAR45431.1	N/A	1.58e-33
JAS22051.1	N/A	1.75e-33
JAV29955.1	N/A	1.99e-33
JAD11040.1	N/A	2.27e-33
JAK66206.1	N/A	2.71e-33
JAN95273.1	N/A	3.28e-33
JAR45429.1	N/A	3.68e-33
SBS46466.1	N/A	3.73e-33
MOY45431.1	N/A	3.88e-33
JAC47856.1	N/A	4.49e-33
SBP50041.1	N/A	4.58e-33
JAJ56559.1	N/A	4.64e-33
JAD03297.1	N/A	4.76e-33
SBR68614.1	N/A	5.15e-33
JAV06630.1	N/A	5.31e-33
JAV06617.1	N/A	5.78e-33
JAJ27614.1	N/A	1.15e-32
HDC62839.1	N/A	1.35e-32
HDC70918.1	N/A	1.60e-32
HDA51800.1	N/A	1.72e-32
JAN62060.1	N/A	1.87e-32
HDB64817.1	N/A	1.91e-32
HDB64299.1	N/A	1.99e-32
JAL75672.1	N/A	2.15e-32
JAI50335.1	N/A	2.22e-32
HDB64714.1	N/A	2.34e-32
JAC47857.1	N/A	2.36e-32
HDB64303.1	N/A	2.62e-32
HDB63633.1	N/A	2.67e-32
HDC62835.1	N/A	2.68e-32
JAC04215.1	N/A	2.76e-32
HDB66377.1	N/A	2.90e-32
HDB64822.1	N/A	2.93e-32
HDB63642.1	N/A	3.02e-32
HDB66379.1	N/A	3.12e-32
HDC63813.1	N/A	3.12e-32
HDB66376.1	N/A	3.21e-32
HDB66375.1	N/A	3.21e-32
JAN15477.1	N/A	3.26e-32
HDB66374.1	N/A	3.28e-32
HDC63815.1	N/A	3.49e-32
HDB63644.1	N/A	3.56e-32
HDB66370.1	N/A	3.59e-32
HDB64294.1	N/A	3.68e-32
HDB62778.1	N/A	3.68e-32
JAL13492.1	N/A	3.71e-32
HDC62840.1	N/A	3.71e-32
HDB62770.1	N/A	3.75e-32
HDB66371.1	N/A	3.79e-32
HDB63635.1	N/A	3.83e-32
HDB62772.1	N/A	3.95e-32
HDB61407.1	N/A	3.99e-32
HDB61411.1	N/A	3.99e-32
HDB62764.1	N/A	4.16e-32
HDC63809.1	N/A	4.25e-32
HDB64814.1	N/A	4.34e-32
HDC63811.1	N/A	4.43e-32
HDB63624.1	N/A	4.49e-32
HDB66372.1	N/A	4.63e-32
HDC65079.1	N/A	4.66e-32
HDB73223.1	N/A	5.09e-32
HDB64818.1	N/A	5.17e-32
HDC63816.1	N/A	5.19e-32
HDB63626.1	N/A	5.41e-32
HDC62836.1	N/A	5.58e-32
HDB61418.1	N/A	6.00e-32
HDB61414.1	N/A	6.06e-32
HDB62762.1	N/A	6.06e-32
HDB64823.1	N/A	6.19e-32
HDB62756.1	N/A	6.25e-32
HDB64715.1	N/A	6.86e-32
HDA49190.1	N/A	7.01e-32
HDB74364.1	N/A	7.22e-32
JAJ64946.1	N/A	8.83e-32
HDB66378.1	N/A	9.10e-32
HDB61494.1	N/A	9.44e-32
HDC65067.1	N/A	9.44e-32
HDB63632.1	N/A	9.48e-32
HDB63641.1	N/A	9.48e-32
HDC64321.1	N/A	9.64e-32
HDB61497.1	N/A	9.84e-32
HDC65077.1	N/A	9.88e-32
HDB62769.1	N/A	9.98e-32
HDB62777.1	N/A	1.02e-31
HDC65078.1	N/A	1.03e-31
HDB64174.1	N/A	1.07e-31
HDB63637.1	N/A	1.08e-31
HDB62768.1	N/A	1.08e-31
HDB68732.1	N/A	1.08e-31
HDB69895.1	N/A	1.15e-31
HDB63640.1	N/A	1.17e-31
HDC64317.1	N/A	1.18e-31
HDB64816.1	N/A	1.20e-31
HDC63810.1	N/A	1.20e-31
HDC63812.1	N/A	1.23e-31
HDB63649.1	N/A	1.25e-31
JAN11525.1	N/A	1.25e-31
JAC04214.1	N/A	1.29e-31
HDC64324.1	N/A	1.33e-31
HDB64301.1	N/A	1.35e-31
HDB63646.1	N/A	1.39e-31
HDC64320.1	N/A	1.41e-31
HDB62776.1	N/A	1.43e-31
HDB61413.1	N/A	1.46e-31
HDB64820.1	N/A	1.49e-31
HDB61409.1	N/A	1.52e-31
HDB63623.1	N/A	1.59e-31
HDC65287.1	N/A	1.68e-31
HDB62761.1	N/A	1.68e-31
HDB64305.1	N/A	1.82e-31
HDB64821.1	N/A	1.88e-31
HDB63631.1	N/A	1.92e-31
HDC62837.1	N/A	1.96e-31
HDB63628.1	N/A	1.96e-31
HDB62760.1	N/A	2.08e-31
HDB61416.1	N/A	2.15e-31
HDB63634.1	N/A	2.22e-31
HDB64825.1	N/A	2.26e-31
HDB63643.1	N/A	2.54e-31
HDB63645.1	N/A	2.65e-31
HDB66373.1	N/A	2.72e-31
HDB64295.1	N/A	2.97e-31
HDB62774.1	N/A	3.03e-31
HDB63636.1	N/A	3.06e-31
HDB62766.1	N/A	3.13e-31
HDB63589.1	N/A	3.22e-31
HDB64815.1	N/A	3.22e-31
HDC65080.1	N/A	3.36e-31
HDC65289.1	N/A	3.59e-31
HDB63625.1	N/A	3.66e-31
HDB64819.1	N/A	3.69e-31
HDC65068.1	N/A	3.84e-31
JAI30384.1	N/A	4.05e-31
HDB63591.1	N/A	4.43e-31
HDB63627.1	N/A	4.69e-31
HDB62758.1	N/A	4.74e-31
HDB64824.1	N/A	5.04e-31
HDB63590.1	N/A	5.22e-31
MBY25256.1	N/A	5.50e-31
HDC65553.1	N/A	5.91e-31
HDB63586.1	N/A	6.29e-31
HDB70828.1	N/A	6.48e-31
HDC63856.1	N/A	6.76e-31
HDB61493.1	N/A	7.80e-31
HDB62726.1	N/A	7.89e-31
HDB63588.1	N/A	8.13e-31
HDC63854.1	N/A	8.47e-31
HDB61492.1	N/A	8.47e-31
HDC63852.1	N/A	8.56e-31
HDB61496.1	N/A	9.11e-31
JAV30594.1	N/A	9.15e-31
HDC63853.1	N/A	9.30e-31
JAV30907.1	N/A	9.34e-31
JAK15174.1	N/A	9.44e-31
HDB62725.1	N/A	9.49e-31
HDC63855.1	N/A	9.59e-31
HDC64719.1	N/A	1.04e-30
HDC62838.1	N/A	1.06e-30
HDB68731.1	N/A	1.08e-30
HDC62851.1	N/A	1.08e-30
HDC62845.1	N/A	1.10e-30
JAK44105.1	N/A	1.10e-30
HDC64323.1	N/A	1.12e-30
HDC62843.1	N/A	1.20e-30
HDC64319.1	N/A	1.31e-30
HDC62848.1	N/A	1.35e-30
JAJ78223.1	N/A	1.36e-30
JAN64911.1	N/A	1.41e-30
JAJ28759.1	N/A	1.52e-30
HDC62834.1	N/A	1.53e-30
BBF97975.1	N/A	1.67e-30
JAI74766.1	N/A	1.69e-30
HDC64711.1	N/A	1.91e-30
MBW11881.1	N/A	2.30e-30
HDC64718.1	N/A	2.31e-30
HDC62852.1	N/A	2.37e-30
HDC62846.1	N/A	2.57e-30
HDC64714.1	N/A	2.75e-30
HDC62849.1	N/A	2.97e-30
HDC64717.1	N/A	3.31e-30
HDC64721.1	N/A	3.31e-30
JAJ28810.1	N/A	4.03e-30
HDC64713.1	N/A	4.52e-30
HDC64710.1	N/A	4.80e-30
JAL22185.1	N/A	5.28e-30
JAM19211.1	N/A	6.45e-30
HDC64720.1	N/A	7.52e-30
HDC64716.1	N/A	7.60e-30
HDC62853.1	N/A	7.68e-30
JAJ62962.1	N/A	7.75e-30
JAL86679.1	N/A	8.10e-30
HDC62844.1	N/A	8.60e-30
JAK85705.1	N/A	8.80e-30
HDC62850.1	N/A	9.43e-30
HDC64712.1	N/A	1.25e-29
JAM80992.1	N/A	1.45e-29
HDB67719.1	N/A	1.73e-29
HDB67720.1	N/A	1.74e-29
HDB67718.1	N/A	1.80e-29
HDB67715.1	N/A	1.87e-29
HDB67717.1	N/A	1.88e-29
HDB63583.1	N/A	2.41e-29
HCZ86391.1	N/A	2.44e-29
HDB63585.1	N/A	3.27e-29
JAL83510.1	N/A	3.62e-29
HDC65552.1	N/A	3.90e-29
HDB63584.1	N/A	4.02e-29
HDB67714.1	N/A	4.78e-29
JAT03509.1	N/A	5.05e-29
HDC63851.1	N/A	5.14e-29
HDC65551.1	N/A	5.57e-29
JAK77256.1	N/A	5.95e-29
HDB61491.1	N/A	6.24e-29
HDC63849.1	N/A	6.24e-29
HDC63848.1	N/A	6.43e-29
HDB70827.1	N/A	6.60e-29
HDC62842.1	N/A	6.77e-29
HDB61495.1	N/A	6.77e-29
HDB62723.1	N/A	6.98e-29
HDC63850.1	N/A	7.50e-29
HDC64318.1	N/A	8.05e-29
HDC62847.1	N/A	8.48e-29
HDC64322.1	N/A	1.01e-28
JAK05120.1	N/A	1.26e-28
JAM53754.1	N/A	2.80e-28
HDB67716.1	N/A	4.93e-28
JAK57753.1	N/A	6.82e-28
JAK47661.1	N/A	6.94e-28
JAN66519.1	N/A	8.95e-28
JAI82063.1	N/A	9.12e-28
JAM40627.1	N/A	1.37e-27
JAJ02178.1	N/A	1.40e-27
JAL26938.1	N/A	2.01e-27
JAL62785.1	N/A	2.06e-27
JAL34280.1	N/A	3.50e-27
JAJ55410.1	N/A	4.22e-27
JAS20427.1	N/A	4.57e-27
JAM91650.1	N/A	5.01e-27
JAN07555.1	N/A	5.78e-27
JAJ41227.1	N/A	5.91e-27
JAM58867.1	N/A	6.29e-27
JAN57799.1	N/A	6.93e-27
JAJ13006.1	N/A	9.13e-27
MBW66364.1	N/A	9.99e-27
JAN58431.1	N/A	1.57e-26
JAN15954.1	N/A	1.60e-26
JAQ17510.1	N/A	1.84e-26
JAK33232.1	N/A	1.84e-26
JAK34383.1	N/A	2.16e-26
JAM99642.1	N/A	2.28e-26
JAL02807.1	N/A	2.41e-26
HDB65246.1	N/A	2.56e-26
JAK04280.1	N/A	2.57e-26
HDB65251.1	N/A	2.64e-26
HDB65244.1	N/A	2.69e-26
HDB65249.1	N/A	2.75e-26
JAL11538.1	N/A	4.78e-26
JAJ71056.1	N/A	5.64e-26
JAN06388.1	N/A	8.02e-26
JAQ16510.1	N/A	1.35e-25
JAP97579.1	N/A	1.36e-25
JAS52135.1	N/A	1.71e-25
JAN65315.1	N/A	2.02e-25
JAN65314.1	N/A	2.10e-25
JAL12207.1	N/A	2.41e-25
MOS16714.1	N/A	2.72e-25
JAJ30611.1	N/A	4.26e-25
JAK58805.1	N/A	4.99e-25
JAJ01105.1	N/A	5.45e-25
JAS65980.1	N/A	6.35e-25
JAP99012.1	N/A	6.52e-25
JAL77111.1	N/A	7.19e-25
JAR84058.1	N/A	7.83e-25
JAK03282.1	N/A	8.24e-25
JAI89620.1	N/A	9.16e-25
SBP02319.1	N/A	9.41e-25
SBS48935.1	N/A	1.02e-24
JAS81656.1	N/A	1.19e-24
SBP81901.1	N/A	1.32e-24
MBW14918.1	N/A	1.49e-24
SBP39322.1	N/A	1.67e-24
JAN65657.1	N/A	1.73e-24
JAR72899.1	N/A	1.95e-24
JAL51641.1	N/A	1.98e-24
JAR28520.1	N/A	2.19e-24
JAG03726.1	N/A	2.30e-24
JAM36471.1	N/A	2.74e-24
JAM36471.1	N/A	6.53e-18
JAK58804.1	N/A	3.38e-24
JAK77359.1	N/A	3.82e-24
JAJ87970.1	N/A	4.08e-24
JAM17758.1	N/A	4.30e-24
JAR34304.1	N/A	6.88e-24
MBY26703.1	N/A	7.83e-24
JAJ90816.1	N/A	7.89e-24
MOS14528.1	N/A	8.44e-24
SBR72480.1	N/A	1.48e-23
SBP08352.1	N/A	1.54e-23
SBQ35395.1	N/A	1.59e-23
MBY75083.1	N/A	1.65e-23
SBR45648.1	N/A	2.00e-23
JAL48722.1	N/A	2.04e-23
JAL90265.1	N/A	2.30e-23
JAJ45075.1	N/A	2.34e-23
MBY23440.1	N/A	4.38e-23
JAM64591.1	N/A	5.18e-23
SBP58898.1	N/A	6.46e-23
JAN56562.1	N/A	1.03e-22
JAR45427.1	N/A	1.06e-22
JAI67823.1	N/A	1.48e-22
JAM87448.1	N/A	1.83e-22
JAL76886.1	N/A	1.88e-22
JAM82655.1	N/A	1.94e-22
JAQ80314.1	N/A	2.00e-22
JAJ75168.1	N/A	3.25e-22
JAL60292.1	N/A	4.04e-22
JAN57519.1	N/A	4.13e-22
JAL86063.1	N/A	4.53e-22
SBS05216.1	N/A	4.56e-22
JAJ66796.1	N/A	4.83e-22
SBR90502.1	N/A	5.28e-22
JAK95419.1	N/A	5.56e-22
JAQ99853.1	N/A	6.29e-22
HDA47995.1	N/A	8.99e-22
JAR74781.1	N/A	1.14e-21
JAL66035.1	N/A	1.18e-21
HDA51136.1	N/A	1.23e-21
JAO38469.1	N/A	1.35e-21
HDB73902.1	N/A	2.44e-21
MBY87036.1	N/A	2.79e-21
JAL11913.1	N/A	3.32e-21
AFP07039.1	N/A	3.45e-21
SBP04289.1	N/A	3.58e-21
JAM43688.1	N/A	3.90e-21
SBS42146.1	N/A	4.01e-21
JAI93390.1	N/A	4.49e-21
JAR85840.1	N/A	5.09e-21
JAI83530.1	N/A	5.32e-21
JAM16837.1	N/A	5.35e-21
JAM15785.1	N/A	5.43e-21
JAN92961.1	N/A	5.52e-21
JAL78825.1	N/A	5.87e-21
JAL74020.1	N/A	5.95e-21
JAJ62840.1	N/A	6.04e-21
JAI84772.1	N/A	6.14e-21
JAJ83084.1	N/A	6.27e-21
JAM64720.1	N/A	6.54e-21
JAL92173.1	N/A	6.75e-21
JAL60289.1	N/A	6.77e-21
JAJ83132.1	N/A	6.81e-21
JAM58881.1	N/A	6.90e-21
JAM88803.1	N/A	6.93e-21
JAM40633.1	N/A	7.52e-21
SBQ90499.1	N/A	8.00e-21
JAN57365.1	N/A	8.14e-21
JAL58049.1	N/A	8.97e-21
JAK98008.1	N/A	9.15e-21
JAN15470.1	N/A	1.03e-20
JAL81943.1	N/A	1.11e-20
JAC15687.1	N/A	1.12e-20
JAL13786.1	N/A	1.18e-20
JAJ39543.1	N/A	1.32e-20
JAN75169.1	N/A	1.37e-20
JAN34981.1	N/A	1.55e-20
JAM98846.1	N/A	1.58e-20
JAN18000.1	N/A	1.65e-20
JAW11719.1	N/A	1.67e-20
JAN32985.1	N/A	1.73e-20
JAK73728.1	N/A	1.74e-20
JAL83509.1	N/A	1.75e-20
JAN32984.1	N/A	1.77e-20
JAK74278.1	N/A	1.77e-20
JAK57752.1	N/A	1.83e-20
HCZ76028.1	N/A	1.94e-20
JAK91711.1	N/A	1.96e-20
SBR48231.1	N/A	1.97e-20
JAL29546.1	N/A	2.01e-20
JAL05755.1	N/A	2.03e-20
JAN32986.1	N/A	2.07e-20
JAN34984.1	N/A	2.09e-20
JAN40335.1	N/A	2.09e-20
JAL05754.1	N/A	2.12e-20
JAL07112.1	N/A	2.17e-20
JAK74269.1	N/A	2.18e-20
JAL29547.1	N/A	2.20e-20
JAN31238.1	N/A	2.26e-20
JAK91710.1	N/A	2.30e-20
SBP74534.1	N/A	2.31e-20
JAN13960.1	N/A	2.34e-20
JAN18007.1	N/A	2.39e-20
JAN34983.1	N/A	2.46e-20
JAN45272.1	N/A	2.53e-20
JAK72816.1	N/A	2.53e-20
JAO99223.1	N/A	2.60e-20
JAK91712.1	N/A	2.62e-20
JAM98097.1	N/A	2.63e-20
JAN29731.1	N/A	2.65e-20
JAN29732.1	N/A	2.68e-20
JAR19746.1	N/A	2.69e-20
JAL07113.1	N/A	2.79e-20
JAL29535.1	N/A	2.85e-20
JAM92199.1	N/A	2.89e-20
JAK54483.1	N/A	2.91e-20
SBP49411.1	N/A	2.96e-20
SBR29851.1	N/A	2.99e-20
JAM08640.1	N/A	2.99e-20
HDB68663.1	N/A	2.99e-20
JAL54300.1	N/A	3.00e-20
JAN76461.1	N/A	3.16e-20
SBR90915.1	N/A	3.17e-20
JAN45271.1	N/A	3.19e-20
JAN30991.1	N/A	3.23e-20
JAN34982.1	N/A	3.32e-20
JAL25653.1	N/A	3.37e-20
JAK15540.1	N/A	3.38e-20
JAL56002.1	N/A	3.43e-20
JAL12159.1	N/A	3.51e-20
JAN18001.1	N/A	3.62e-20
JAK72815.1	N/A	3.69e-20
JAK56086.1	N/A	3.83e-20
JAN18005.1	N/A	3.90e-20
JAL29545.1	N/A	4.11e-20
JAQ68656.1	N/A	4.22e-20
JAK54482.1	N/A	4.30e-20
JAL27605.1	N/A	4.31e-20
JAL54301.1	N/A	4.31e-20
JAQ49601.1	N/A	4.31e-20
JAM34454.1	N/A	4.51e-20
JAN55520.1	N/A	4.65e-20
JAR69803.1	N/A	4.73e-20
JAK55859.1	N/A	4.93e-20
JAK19235.1	N/A	4.94e-20
JAO99224.1	N/A	4.95e-20
JAK95618.1	N/A	5.06e-20
JAL27600.1	N/A	5.06e-20
JAL29544.1	N/A	5.09e-20
SBP11492.1	N/A	5.15e-20
JAM15743.1	N/A	5.38e-20
SBP57860.1	N/A	5.51e-20
JAQ59849.1	N/A	5.54e-20
JAN37539.1	N/A	5.71e-20
JAN93094.1	N/A	5.86e-20
SBR72280.1	N/A	6.21e-20
JAN52673.1	N/A	6.72e-20
JAK76167.1	N/A	7.08e-20
JAN55519.1	N/A	7.62e-20
JAK95619.1	N/A	7.74e-20
JAN55526.1	N/A	7.89e-20
JAQ57895.1	N/A	7.99e-20
JAJ31035.1	N/A	8.03e-20
JAK76168.1	N/A	8.40e-20
JAK54484.1	N/A	8.66e-20
JAL58048.1	N/A	8.74e-20
JAR75773.1	N/A	8.83e-20
JAL10208.1	N/A	8.88e-20
JAJ33338.1	N/A	8.93e-20
JAK57981.1	N/A	9.34e-20
JAL76215.1	N/A	9.89e-20
SBP36176.1	N/A	1.00e-19
JAJ04739.1	N/A	1.02e-19
JAJ04740.1	N/A	1.05e-19
SBQ63459.1	N/A	1.08e-19
JAN49688.1	N/A	1.08e-19
JAL27599.1	N/A	1.12e-19
JAR50433.1	N/A	1.13e-19
JAJ06636.1	N/A	1.14e-19
JAL10205.1	N/A	1.17e-19
JAN48379.1	N/A	1.22e-19
JAN48378.1	N/A	1.25e-19
JAK95615.1	N/A	1.25e-19
JAR75737.1	N/A	1.27e-19
JAQ25965.1	N/A	1.27e-19
JAJ31037.1	N/A	1.29e-19
JAM43926.1	N/A	1.41e-19
JAN48377.1	N/A	1.42e-19
JAL10204.1	N/A	1.44e-19
JAN49689.1	N/A	1.46e-19
JAJ31036.1	N/A	1.47e-19
JAJ16786.1	N/A	1.54e-19
JAL58047.1	N/A	1.65e-19
JAL44398.1	N/A	1.66e-19
JAJ18792.1	N/A	1.69e-19
JAN52672.1	N/A	1.72e-19
JAM07680.1	N/A	1.78e-19
JAM59806.1	N/A	1.85e-19
SBS44971.1	N/A	1.96e-19
JAL44401.1	N/A	2.01e-19
MBY69687.1	N/A	2.02e-19
JAM59805.1	N/A	2.08e-19
JAL80680.1	N/A	2.33e-19
SBR96488.1	N/A	2.40e-19
JAM07679.1	N/A	2.42e-19
JAN20754.1	N/A	2.46e-19
JAL82286.1	N/A	2.53e-19
JAL44399.1	N/A	2.63e-19
JAM01084.1	N/A	2.78e-19
JAI94930.1	N/A	2.78e-19
JAM43923.1	N/A	2.98e-19
JAL80682.1	N/A	3.02e-19
JAR19745.1	N/A	3.03e-19
SBS42614.1	N/A	3.14e-19
JAJ28028.1	N/A	3.32e-19
JAL14498.1	N/A	3.33e-19
SBQ56083.1	N/A	3.53e-19
JAJ18738.1	N/A	3.64e-19
JAL58091.1	N/A	3.78e-19
JAL80679.1	N/A	3.87e-19
JAL74195.1	N/A	3.97e-19
SBR48819.1	N/A	4.02e-19
JAJ28027.1	N/A	4.35e-19
JAN32980.1	N/A	4.44e-19
JAL27598.1	N/A	4.48e-19
JAI94931.1	N/A	4.51e-19
SBP56639.1	N/A	4.74e-19
JAN41155.1	N/A	4.86e-19
SBS43728.1	N/A	5.15e-19
SBR55865.1	N/A	5.47e-19
JAJ52727.1	N/A	5.81e-19
JAI84532.1	N/A	5.89e-19
JAJ52726.1	N/A	6.00e-19
JAM65169.1	N/A	6.42e-19
SBR05708.1	N/A	6.80e-19
JAK54258.1	N/A	7.11e-19
JAN25147.1	N/A	7.19e-19
SBP19876.1	N/A	7.66e-19
SBP76486.1	N/A	7.73e-19
SBP54092.1	N/A	7.88e-19
JAJ68321.1	N/A	9.05e-19
JAL60352.1	N/A	9.31e-19
JAI84531.1	N/A	9.79e-19
JAL60351.1	N/A	1.01e-18
JAI84533.1	N/A	1.02e-18
JAI97187.1	N/A	1.02e-18
JAI65771.1	N/A	1.05e-18
JAK30472.1	N/A	1.12e-18
JAM75107.1	N/A	1.19e-18
JAN37538.1	N/A	1.27e-18
JAK66205.1	N/A	1.39e-18
JAJ52704.1	N/A	1.41e-18
JAM53665.1	N/A	1.43e-18
JAI84535.1	N/A	1.50e-18
JAJ52709.1	N/A	1.52e-18
JAN37533.1	N/A	1.72e-18
JAM21288.1	N/A	1.86e-18
JAL60348.1	N/A	2.04e-18
JAL29534.1	N/A	2.07e-18
JAN57173.1	N/A	2.21e-18
JAR75706.1	N/A	2.40e-18
JAK76164.1	N/A	2.58e-18
JAK70113.1	N/A	2.67e-18
JAK78462.1	N/A	3.07e-18
JAR78542.1	N/A	3.85e-18
HDC65288.1	N/A	3.85e-18
JAJ52708.1	N/A	3.87e-18
SBR30450.1	N/A	3.94e-18
JAK38893.1	N/A	4.31e-18
JAC15131.1	N/A	4.52e-18
JAJ52705.1	N/A	4.60e-18
JAL48622.1	N/A	5.16e-18
JAL29548.1	N/A	5.91e-18
JAK76165.1	N/A	6.57e-18
JAN37534.1	N/A	6.74e-18
JAN34498.1	N/A	6.82e-18
SBP71952.1	N/A	7.25e-18
JAK78464.1	N/A	7.66e-18
JAK87373.1	N/A	8.34e-18
JAK38892.1	N/A	9.31e-18
HDC51944.1	N/A	9.99e-18
AFP10374.1	N/A	1.02e-17
JAN15854.1	N/A	1.09e-17
JAN52670.1	N/A	1.18e-17
JAB24935.1	N/A	1.19e-17
SBP45098.1	N/A	1.20e-17
JAN32981.1	N/A	1.22e-17
SBP59874.1	N/A	1.27e-17
JAK78465.1	N/A	1.29e-17
JAL14497.1	N/A	1.33e-17
JAN15855.1	N/A	1.34e-17
JAN15853.1	N/A	1.35e-17
JAL77511.1	N/A	1.40e-17
JAK74270.1	N/A	1.54e-17
JAK08626.1	N/A	1.59e-17
CDG72124.1	N/A	1.64e-17
JAL23960.1	N/A	1.73e-17
JAN88371.1	N/A	1.78e-17
JAL55996.1	N/A	1.82e-17
JAK90208.1	N/A	1.84e-17
JAK90207.1	N/A	1.94e-17
JAL32087.1	N/A	1.97e-17
JAL58092.1	N/A	2.10e-17
JAK78463.1	N/A	2.10e-17
JAN55522.1	N/A	2.13e-17
JAJ06588.1	N/A	2.26e-17
JAL08502.1	N/A	2.31e-17
JAK88861.1	N/A	2.35e-17
JAL14501.1	N/A	2.39e-17
JAL98171.1	N/A	2.49e-17
JAL14505.1	N/A	2.50e-17
HDB70574.1	N/A	2.51e-17
JAN20747.1	N/A	2.51e-17
JAK26672.1	N/A	2.88e-17
JAK56082.1	N/A	2.91e-17
JAS82943.1	N/A	2.94e-17
CCP78437.1	N/A	2.96e-17
JAL40397.1	N/A	3.20e-17
JAL27606.1	N/A	3.34e-17
JAJ16785.1	N/A	3.36e-17
JAN72268.1	N/A	3.45e-17
JAK19236.1	N/A	3.47e-17
JAL63914.1	N/A	3.66e-17
JAL54302.1	N/A	3.72e-17
MBY78844.1	N/A	3.79e-17
JAJ32508.1	N/A	3.95e-17
JAK98217.1	N/A	3.95e-17
JAN20752.1	N/A	4.00e-17
JAN20753.1	N/A	4.04e-17
JAN75210.1	N/A	4.06e-17
JAM94099.1	N/A	4.06e-17
JAK98218.1	N/A	4.07e-17
JAK76166.1	N/A	4.46e-17
JAL14500.1	N/A	4.51e-17
JAK19237.1	N/A	4.59e-17
AFP08959.1	N/A	4.63e-17
JAM01080.1	N/A	4.65e-17
JAK36833.1	N/A	4.86e-17
JAK36831.1	N/A	4.97e-17
JAN23723.1	N/A	5.44e-17
JAN55518.1	N/A	5.57e-17
JAL84232.1	N/A	5.66e-17
JAR75719.1	N/A	6.06e-17
JAK98222.1	N/A	6.39e-17
JAL84231.1	N/A	6.54e-17
JAL14496.1	N/A	6.71e-17
SBP48421.1	N/A	7.01e-17
JAL08504.1	N/A	7.05e-17
JAK19234.1	N/A	7.09e-17
HDB28270.1	N/A	7.15e-17
SBR08306.1	N/A	7.26e-17
JAL41889.1	N/A	7.60e-17
JAK36832.1	N/A	7.81e-17
JAK54485.1	N/A	7.95e-17
JAN20748.1	N/A	8.35e-17
JAL14499.1	N/A	8.35e-17
JAJ31038.1	N/A	8.53e-17
JAK19233.1	N/A	8.84e-17
JAL10207.1	N/A	8.92e-17
JAN34976.1	N/A	8.94e-17
JAJ29329.1	N/A	9.01e-17
JAN52669.1	N/A	9.16e-17
JAL08505.1	N/A	9.48e-17
JAI85881.1	N/A	1.02e-16
JAJ18737.1	N/A	1.03e-16
JAK21444.1	N/A	1.05e-16
SBP06641.1	N/A	1.06e-16
JAJ16787.1	N/A	1.15e-16
JAL42199.1	N/A	1.20e-16
JAL80681.1	N/A	1.25e-16
JAL98172.1	N/A	1.32e-16
JAJ52728.1	N/A	1.37e-16
SBP50096.1	N/A	1.43e-16
JAN18006.1	N/A	1.44e-16
JAL82287.1	N/A	1.51e-16
JAK21429.1	N/A	1.64e-16
JAM01083.1	N/A	1.70e-16
JAM43924.1	N/A	1.92e-16
SBR43870.1	N/A	2.09e-16
JAJ97865.1	N/A	2.15e-16
AFP03346.1	N/A	2.20e-16
JAL82285.1	N/A	2.21e-16
JAM23532.1	N/A	2.25e-16
JAK93417.1	N/A	2.25e-16
JAM11870.1	N/A	2.26e-16
JAM11870.1	N/A	3.04e-13
JAM52315.1	N/A	2.33e-16
JAN55521.1	N/A	2.37e-16
JAR81055.1	N/A	2.37e-16
JAM01081.1	N/A	2.48e-16
JAI93335.1	N/A	2.53e-16
JAN65654.1	N/A	2.61e-16
JAL60349.1	N/A	2.68e-16
JAL27602.1	N/A	2.73e-16
JAL38853.1	N/A	2.81e-16
JAK19232.1	N/A	2.82e-16
JAN45268.1	N/A	2.90e-16
JAK16273.1	N/A	2.96e-16
JAN52668.1	N/A	3.10e-16
MBW16784.1	N/A	3.11e-16
JAI93336.1	N/A	3.19e-16
JAL14504.1	N/A	3.19e-16
JAN51780.1	N/A	3.26e-16
JAJ26883.1	N/A	3.31e-16
JAR37833.1	N/A	3.67e-16
JAK21430.1	N/A	3.75e-16
JAL54292.1	N/A	3.97e-16
JAM18132.1	N/A	4.45e-16
JAG75321.1	N/A	4.46e-16
JAK60212.1	N/A	5.30e-16
JAL84180.1	N/A	5.73e-16
JAQ26548.1	N/A	6.05e-16
JAN28436.1	N/A	6.14e-16
JAJ67422.1	N/A	6.41e-16
JAI59577.1	N/A	6.67e-16
SBQ82257.1	N/A	6.73e-16
JAL82283.1	N/A	6.74e-16
JAJ26882.1	N/A	7.07e-16
JAR81056.1	N/A	7.48e-16
JAM43929.1	N/A	7.89e-16
JAL82284.1	N/A	8.06e-16
JAK36830.1	N/A	8.52e-16
JAN54386.1	N/A	8.57e-16
HDB73224.1	N/A	1.01e-15
JAA08345.1	N/A	1.10e-15
AFP63158.1	N/A	1.16e-15
JAI84534.1	N/A	1.26e-15
JAR48421.1	N/A	1.27e-15
JAJ68617.1	N/A	1.45e-15
JAN20751.1	N/A	1.47e-15
MBY04491.1	N/A	1.48e-15
JAM48252.1	N/A	1.49e-15
MBY30940.1	N/A	1.55e-15
JAR48423.1	N/A	1.63e-15
JAK54479.1	N/A	1.64e-15
JAL09962.1	N/A	1.65e-15
JAR70852.1	N/A	1.66e-15
SBP42303.1	N/A	1.67e-15
JAM01085.1	N/A	1.82e-15
JAM01082.1	N/A	1.83e-15
SBQ98945.1	N/A	1.96e-15
JAQ69592.1	N/A	1.98e-15
SBP02967.1	N/A	2.00e-15
JAN47732.1	N/A	2.00e-15
JAM39433.1	N/A	2.00e-15
JAK16691.1	N/A	2.01e-15
JAN11010.1	N/A	2.09e-15
JAK98014.1	N/A	2.24e-15
JAK91802.1	N/A	2.30e-15
JAR72590.1	N/A	2.36e-15
JAJ69125.1	N/A	2.45e-15
JAN11009.1	N/A	3.22e-15
JAJ62862.1	N/A	3.30e-15
JAM52184.1	N/A	3.49e-15
JAJ89569.1	N/A	3.60e-15
JAK70112.1	N/A	3.71e-15
JAM18042.1	N/A	3.85e-15
AHH38320.1	N/A	3.88e-15
JAI27049.1	N/A	3.92e-15
JAK69619.1	N/A	4.30e-15
JAN29545.1	N/A	4.34e-15
AFE71204.1	N/A	4.56e-15
JAQ89326.1	N/A	5.00e-15
JAN12402.1	N/A	5.29e-15
JAR48426.1	N/A	5.33e-15
JAN28435.1	N/A	5.35e-15
SBP09586.1	N/A	5.94e-15
JAN18584.1	N/A	6.01e-15
JAM93797.1	N/A	6.32e-15
SBP78340.1	N/A	6.68e-15
JAM18043.1	N/A	6.72e-15
JAN82040.1	N/A	7.05e-15
JAR53933.1	N/A	7.27e-15
JAL29364.1	N/A	7.72e-15
JAN37043.1	N/A	8.06e-15
SBS47974.1	N/A	8.56e-15
JAN34175.1	N/A	8.62e-15
JAI73165.1	N/A	8.69e-15
JAR60860.1	N/A	8.87e-15
JAK36835.1	N/A	9.86e-15
JAL94988.1	N/A	1.12e-14
JAJ08967.1	N/A	1.18e-14
JAK41409.1	N/A	1.24e-14
JAN28194.1	N/A	1.31e-14
MBY30570.1	N/A	1.40e-14
JAJ22189.1	N/A	1.43e-14
SBQ85946.1	N/A	1.47e-14
SBP48703.1	N/A	1.75e-14
JAM68504.1	N/A	2.00e-14
JAL80447.1	N/A	2.28e-14
SBR32637.1	N/A	2.29e-14
JAO98369.1	N/A	3.27e-14
JAM96248.1	N/A	3.96e-14
JAM96248.1	N/A	6.59e-06
JAK80944.1	N/A	5.06e-14
JAN39327.1	N/A	5.56e-14
JAN63115.1	N/A	5.84e-14
JAM88572.1	N/A	5.98e-14
JAM88572.1	N/A	1.42e-06
JAN78261.1	N/A	9.01e-14
JAM19686.1	N/A	9.87e-14
JAM62403.1	N/A	1.02e-13
MOS16298.1	N/A	1.03e-13
JAK74277.1	N/A	1.10e-13
JAM04265.1	N/A	1.11e-13
JAG63746.1	N/A	1.26e-13
AES05908.1	N/A	1.38e-13
JAQ51415.1	N/A	1.48e-13
JAV99628.1	N/A	1.64e-13
JAR82907.1	N/A	1.65e-13
JAN00545.1	N/A	2.25e-13
JAR77431.1	N/A	2.32e-13
JAN31237.1	N/A	2.65e-13
JAL47589.1	N/A	3.49e-13
SBS14998.1	N/A	3.77e-13
JAT19337.1	N/A	4.11e-13
JAN15858.1	N/A	4.58e-13
JAR48422.1	N/A	4.60e-13
JAT00622.1	N/A	4.63e-13
JAJ68173.1	N/A	5.10e-13
SBQ33452.1	N/A	5.71e-13
JAJ23481.1	N/A	6.98e-13
JAM23531.1	N/A	7.20e-13
JAL36308.1	N/A	7.21e-13
JAM30662.1	N/A	7.97e-13
JAN55116.1	N/A	9.57e-13
JAI93334.1	N/A	1.24e-12
SBS49666.1	N/A	1.28e-12
JAK92950.1	N/A	1.46e-12
AFP12982.1	N/A	1.82e-12
JAK38894.1	N/A	2.38e-12
JAR68856.1	N/A	2.57e-12
JAO93038.1	N/A	4.98e-12
JAJ02228.1	N/A	6.17e-12
JAK46951.1	N/A	9.38e-12
JAR40177.1	N/A	9.58e-12
JAL92864.1	N/A	1.17e-11
SBP24472.1	N/A	1.29e-11
JAK97654.1	N/A	1.38e-11
JAQ41277.1	N/A	1.43e-11
JAN18008.1	N/A	1.53e-11
JAJ57164.1	N/A	1.73e-11
JAK45504.1	N/A	1.77e-11
JAM81442.1	N/A	2.52e-11
JAK35336.1	N/A	2.53e-11
JAN32987.1	N/A	2.65e-11
JAT81236.1	N/A	2.95e-11
JAC84969.1	N/A	3.08e-11
JAK75253.1	N/A	3.25e-11
JAN26885.1	N/A	3.76e-11
JAT99189.1	N/A	3.78e-11
JAK34239.1	N/A	3.95e-11
JAM42131.1	N/A	4.99e-11
JAM42130.1	N/A	5.84e-11
SBQ51539.1	N/A	5.93e-11
MOS20645.1	N/A	6.13e-11
JAN88250.1	N/A	6.21e-11
JAM07544.1	N/A	6.26e-11
JAR48425.1	N/A	6.60e-11
JAM80162.1	N/A	6.63e-11
JAM59544.1	N/A	8.65e-11
JAM42129.1	N/A	8.79e-11
JAL00943.1	N/A	9.10e-11
LAA12278.1	N/A	9.46e-11
JAN32550.1	N/A	9.96e-11
JAL51405.1	N/A	1.04e-10
JAN30902.1	N/A	1.04e-10
MAA36732.1	N/A	1.33e-10
JAM98294.1	N/A	1.42e-10
JAJ46856.1	N/A	1.95e-10
JAI73871.1	N/A	2.00e-10
JAJ46855.1	N/A	2.29e-10
SBP04834.1	N/A	2.41e-10
JAJ32509.1	N/A	2.52e-10
JAJ47662.1	N/A	2.77e-10
JAO05428.1	N/A	3.67e-10
SNX37469.1	N/A	3.94e-10
MOS07693.1	N/A	4.72e-10
MOS07693.1	N/A	7.75e-08
SBP12009.1	N/A	4.75e-10
JAJ69517.1	N/A	4.91e-10
SBQ57163.1	N/A	5.13e-10
JAM06432.1	N/A	5.33e-10
JAL93581.1	N/A	7.09e-10
MBY12049.1	N/A	7.26e-10
SBP79062.1	N/A	7.62e-10
JAO96207.1	N/A	1.06e-09
JAM06431.1	N/A	1.32e-09
SBP76887.1	N/A	1.38e-09
JAN60630.1	N/A	1.57e-09
AHH38144.1	N/A	1.93e-09
JAO51209.1	N/A	2.16e-09
JAB25148.1	N/A	2.41e-09
JAB36611.1	N/A	2.41e-09
JAJ13456.1	N/A	2.57e-09
JAJ13456.1	N/A	3.34e-08
JAI65770.1	N/A	3.29e-09
JAO32833.1	N/A	3.58e-09
JAN00187.1	N/A	4.27e-09
SBR73153.1	N/A	4.28e-09
HCZ80659.1	N/A	4.83e-09
SBP18585.1	N/A	5.11e-09
SBQ33110.1	N/A	5.66e-09
SBQ52259.1	N/A	5.71e-09
SBP45186.1	N/A	6.04e-09
JAJ42165.1	N/A	7.03e-09
JAJ13457.1	N/A	7.04e-09
JAJ13457.1	N/A	9.15e-08
HDB72845.1	N/A	7.83e-09
JAI52455.1	N/A	7.89e-09
JAO58407.1	N/A	9.87e-09
JAJ13458.1	N/A	1.05e-08
JAJ13458.1	N/A	1.44e-07
JAL23908.1	N/A	1.10e-08
JAR67027.1	N/A	1.14e-08
JAM65504.1	N/A	1.26e-08
JAM19527.1	N/A	1.30e-08
SBQ65124.1	N/A	1.30e-08
SBQ65124.1	N/A	6.86e-07
JAI76277.1	N/A	1.32e-08
SBQ97958.1	N/A	1.32e-08
JAO32832.1	N/A	1.94e-08
JAT39911.1	N/A	2.01e-08
JAN83336.1	N/A	2.66e-08
SBP21394.1	N/A	2.72e-08
JAB82715.1	N/A	3.10e-08
JAF98772.1	N/A	3.11e-08
JAJ33712.1	N/A	3.69e-08
JAO93765.1	N/A	4.00e-08
JAO99941.1	N/A	4.18e-08
JAJ24265.1	N/A	4.48e-08
JAG03273.1	N/A	4.76e-08
SBS06969.1	N/A	4.85e-08
MOS13827.1	N/A	5.05e-08
JAO79896.1	N/A	5.59e-08
JAM42132.1	N/A	6.10e-08
JAF98777.1	N/A	6.80e-08
JAN51643.1	N/A	8.03e-08
JAK33089.1	N/A	8.39e-08
CCP73594.1	N/A	8.64e-08
JAJ58007.1	N/A	8.92e-08
JAA93013.1	N/A	9.01e-08
JAR32786.1	N/A	1.19e-07
MOS20839.1	N/A	1.22e-07
HCZ81507.1	N/A	1.27e-07
JAO01194.1	N/A	1.28e-07
JAT50472.1	N/A	1.36e-07
JAT50472.1	N/A	5.23e-07
JAF98773.1	N/A	1.63e-07
SBQ65705.1	N/A	1.99e-07
JAK21428.1	N/A	2.19e-07
JAB53286.1	N/A	2.32e-07
JAL51404.1	N/A	2.35e-07
CCP73259.1	N/A	3.04e-07
LAB32706.1	N/A	3.05e-07
JAM46519.1	N/A	3.30e-07
JAI94929.1	N/A	3.46e-07
JAM17924.1	N/A	3.49e-07
JAQ03471.1	N/A	3.51e-07
JAK81505.1	N/A	3.61e-07
NUU90978.1	N/A	3.77e-07
JAP98104.1	N/A	3.88e-07
JAT27924.1	N/A	4.19e-07
JAL58094.1	N/A	4.32e-07
JAQ76281.1	N/A	4.42e-07
AER94349.1	N/A	4.46e-07
JAK81556.1	N/A	4.48e-07
JAQ72122.1	N/A	5.22e-07
SBR09792.1	N/A	5.36e-07
JAL30537.1	N/A	5.49e-07
JAV36674.1	N/A	6.04e-07
JAK88854.1	N/A	6.36e-07
JAL60353.1	N/A	6.45e-07
SBR72273.1	N/A	6.62e-07
SBR72273.1	N/A	1.09e-06
SBR40560.1	N/A	7.19e-07
JAK25373.1	N/A	7.24e-07
JAK26422.1	N/A	7.25e-07
MOS13216.1	N/A	7.42e-07
JAK26423.1	N/A	7.60e-07
JAL36258.1	N/A	7.65e-07
MBY78484.1	N/A	8.31e-07
JAJ31034.1	N/A	8.76e-07
JAQ33692.1	N/A	9.31e-07
JAK25375.1	N/A	9.32e-07
JAI74472.1	N/A	9.33e-07
JAK15541.1	N/A	9.39e-07
JAK90011.1	N/A	1.08e-06
JAK26421.1	N/A	1.12e-06
JAQ79229.1	N/A	1.23e-06
JAL58043.1	N/A	1.24e-06
JAN94684.1	N/A	1.33e-06
JAK25374.1	N/A	1.34e-06
JAK93508.1	N/A	1.45e-06
SBS00407.1	N/A	1.66e-06
JAL37599.1	N/A	1.75e-06
JAM32883.1	N/A	1.78e-06
JAQ96829.1	N/A	1.81e-06
JAJ31208.1	N/A	1.82e-06
AHH39082.1	N/A	1.83e-06
SBR87584.1	N/A	1.94e-06
SBP70736.1	N/A	2.03e-06
SBR94784.1	N/A	2.21e-06
SBQ52625.1	N/A	2.21e-06
JAL42200.1	N/A	2.28e-06
JAL10206.1	N/A	2.41e-06
JAI81988.1	N/A	2.54e-06
SBP04845.1	N/A	2.58e-06
JAG26230.1	N/A	2.61e-06
HCZ81425.1	N/A	2.72e-06
LAA16522.1	N/A	2.87e-06
JAK38888.1	N/A	2.91e-06
SBR63517.1	N/A	3.03e-06
JAL20047.1	N/A	3.17e-06
SBS59062.1	N/A	3.30e-06
JAR55569.1	N/A	3.42e-06
JAK91707.1	N/A	3.42e-06
JAK36368.1	N/A	3.47e-06
JAK27670.1	N/A	3.48e-06
JAJ52729.1	N/A	3.80e-06
JAS50342.1	N/A	4.10e-06
CCP73127.1	N/A	4.16e-06
SBR41930.1	N/A	4.24e-06
JAP16314.1	N/A	4.25e-06
CDW21223.1	N/A	4.30e-06
JAK27668.1	N/A	4.35e-06
JAL58138.1	N/A	4.63e-06
JAN15663.1	N/A	4.67e-06
JAK27669.1	N/A	4.69e-06
JAJ69516.1	N/A	4.79e-06
MOS27599.1	N/A	4.95e-06
JAM63885.1	N/A	5.38e-06
JAM07678.1	N/A	5.66e-06
SBQ72852.1	N/A	5.85e-06
JAN62822.1	N/A	6.06e-06
JAQ72948.1	N/A	6.09e-06
JAL14495.1	N/A	6.15e-06
JAL44397.1	N/A	6.26e-06
SBP14122.1	N/A	6.44e-06
SBR93430.1	N/A	6.57e-06
SBQ61504.1	N/A	6.57e-06
JAQ81115.1	N/A	6.63e-06
JAA46715.1	N/A	6.67e-06
MOS22620.1	N/A	6.82e-06
HDB37661.1	N/A	7.29e-06
JAB13581.1	N/A	7.39e-06
SBP51287.1	N/A	7.49e-06
SBP68076.1	N/A	7.70e-06
JAO87607.1	N/A	8.45e-06
JAR63632.1	N/A	8.51e-06
SBQ46454.1	N/A	9.68e-06
JAJ71264.1	N/A	9.81e-06
HDC05308.1	N/A	9.90e-06
MAA45377.1	N/A	1.01e-05
JAM61359.1	N/A	1.01e-05
JAV36587.1	N/A	1.03e-05
AFE75190.1	N/A	1.06e-05
JAK60565.1	N/A	1.08e-05
SBQ61256.1	N/A	1.12e-05
JAK57975.1	N/A	1.14e-05
JAP01984.1	N/A	1.17e-05
JAO87608.1	N/A	1.17e-05
HDA81127.1	N/A	1.18e-05
JAV36860.1	N/A	1.19e-05
JAL38849.1	N/A	1.20e-05
JAL38849.1	N/A	2.32e-05
JAN28432.1	N/A	1.22e-05
JAN28432.1	N/A	2.45e-05
MOS09041.1	N/A	1.26e-05
JAN96055.1	N/A	1.32e-05
JAJ71263.1	N/A	1.32e-05
CDW48803.1	N/A	1.33e-05
SBR01556.1	N/A	1.47e-05
AFJ70410.1	N/A	1.67e-05
MBY04147.1	N/A	1.67e-05
JAB14160.1	N/A	1.68e-05
JAW11038.1	N/A	1.69e-05
SBS09842.1	N/A	1.72e-05
SBS11701.1	N/A	1.79e-05
JAJ58701.1	N/A	1.94e-05
CDG71361.1	N/A	1.96e-05
SBQ83147.1	N/A	2.12e-05
SBP62961.1	N/A	2.18e-05
JAN47417.1	N/A	2.32e-05
SBQ44020.1	N/A	2.36e-05
JAD02197.1	N/A	2.40e-05
JAM42133.1	N/A	2.57e-05
JAQ60119.1	N/A	2.61e-05
JAV36775.1	N/A	2.81e-05
JAO93897.1	N/A	2.95e-05
MOS10063.1	N/A	3.00e-05
JAJ88774.1	N/A	3.02e-05
JAG03839.1	N/A	3.40e-05
JAT52908.1	N/A	3.41e-05
JAI31259.1	N/A	3.46e-05
CDW44811.1	N/A	3.47e-05
JAT61019.1	N/A	3.62e-05
JAN45267.1	N/A	3.67e-05
CDW44812.1	N/A	3.76e-05
JAN75242.1	N/A	3.79e-05
SBR87639.1	N/A	3.82e-05
SBP16091.1	N/A	3.85e-05
SBQ49423.1	N/A	3.89e-05
JAI20930.1	N/A	3.94e-05
JAN13961.1	N/A	4.03e-05
JAJ56160.1	N/A	4.52e-05
JAQ45934.1	N/A	4.68e-05
CDW39655.1	N/A	4.91e-05
