SBR72480.1	N/A	4.75e-69
SBR45648.1	N/A	6.53e-68
SBP02319.1	N/A	1.51e-67
SBQ85946.1	N/A	7.06e-65
SBP48703.1	N/A	2.02e-64
JAQ89326.1	N/A	2.97e-64
SBP09586.1	N/A	1.29e-63
SBS44971.1	N/A	7.86e-61
SBP57860.1	N/A	1.06e-60
SBQ63459.1	N/A	3.65e-60
SBR55865.1	N/A	6.22e-59
JAR74781.1	N/A	4.97e-58
JAQ25965.1	N/A	1.78e-57
SBP78340.1	N/A	2.01e-57
SBQ56083.1	N/A	7.55e-57
SBP19876.1	N/A	1.21e-56
SBR48819.1	N/A	1.62e-56
SBP54092.1	N/A	2.25e-56
SBR05708.1	N/A	2.43e-56
SBP76486.1	N/A	2.97e-56
SBR96488.1	N/A	1.10e-55
SBS43728.1	N/A	3.64e-55
JAR48426.1	N/A	7.33e-55
SBP39322.1	N/A	3.33e-54
JAR81056.1	N/A	3.53e-54
SBP81901.1	N/A	7.48e-54
JAR72590.1	N/A	9.04e-54
JAR48423.1	N/A	1.21e-53
SBP02967.1	N/A	1.51e-53
SBS48935.1	N/A	2.27e-53
JAR48421.1	N/A	2.98e-53
JAR81055.1	N/A	4.42e-53
JAQ69592.1	N/A	5.13e-53
SBP06641.1	N/A	7.05e-53
JAQ26548.1	N/A	1.56e-52
JAB24935.1	N/A	1.79e-51
SBP42303.1	N/A	2.12e-51
JAR84058.1	N/A	1.40e-50
SBQ98945.1	N/A	1.87e-50
AFE71204.1	N/A	5.06e-50
JAR70852.1	N/A	1.33e-49
JAA08345.1	N/A	1.45e-49
JAR75706.1	N/A	2.85e-49
JAQ49601.1	N/A	3.95e-49
JAR75719.1	N/A	9.32e-49
JAR48422.1	N/A	1.06e-48
JAR75773.1	N/A	2.13e-48
MBY30570.1	N/A	3.27e-48
MBW16784.1	N/A	4.44e-48
SBP49411.1	N/A	7.60e-48
SBP74534.1	N/A	8.63e-48
SBP58898.1	N/A	1.36e-47
SBR72280.1	N/A	1.65e-47
JAR82907.1	N/A	2.85e-47
MBY78844.1	N/A	5.57e-47
JAO38469.1	N/A	1.38e-46
SBP11492.1	N/A	6.88e-46
AHH38320.1	N/A	8.39e-46
JAR72899.1	N/A	2.26e-45
JAG63746.1	N/A	2.47e-45
SBP36176.1	N/A	4.60e-45
JAC15687.1	N/A	6.08e-45
JAR80542.1	N/A	6.85e-45
SBP08352.1	N/A	7.48e-45
SBQ90499.1	N/A	7.67e-45
SBR90915.1	N/A	7.80e-45
SBR29851.1	N/A	7.88e-45
SBR48231.1	N/A	1.30e-44
SBS05216.1	N/A	2.53e-44
SBP43195.1	N/A	3.51e-44
JAR28520.1	N/A	5.32e-44
JAR66174.1	N/A	1.93e-43
JAR77431.1	N/A	2.23e-43
SBQ51727.1	N/A	9.52e-43
JAR85840.1	N/A	1.13e-42
SBP12009.1	N/A	3.39e-42
JAR40177.1	N/A	7.27e-42
MOS14528.1	N/A	9.43e-42
JAO51209.1	N/A	1.02e-41
SBQ82257.1	N/A	1.32e-41
SBP21394.1	N/A	1.85e-41
JAR68856.1	N/A	2.04e-41
HDA47995.1	N/A	5.17e-41
JAR45428.1	N/A	1.58e-40
AFP03346.1	N/A	2.66e-40
HCZ76028.1	N/A	4.00e-40
JAR45431.1	N/A	4.08e-40
JAR45430.1	N/A	6.34e-40
JAR53933.1	N/A	9.04e-40
HCZ74993.1	N/A	1.29e-39
SBS42146.1	N/A	1.60e-39
JAR79968.1	N/A	1.76e-39
JAR45429.1	N/A	2.07e-39
SBS57368.1	N/A	3.17e-39
SBQ61256.1	N/A	1.31e-38
JAQ68656.1	N/A	7.34e-38
JAB57557.1	N/A	1.67e-37
JAQ57895.1	N/A	2.72e-37
JAM86001.1	N/A	2.87e-37
JAR50433.1	N/A	3.52e-37
JAL27598.1	N/A	5.40e-37
JAR69803.1	N/A	5.57e-37
JAQ59849.1	N/A	5.83e-37
JAK76165.1	N/A	7.52e-37
JAR19746.1	N/A	7.90e-37
JAI97187.1	N/A	1.18e-36
JAK95615.1	N/A	1.23e-36
JAL27599.1	N/A	1.34e-36
JAK95619.1	N/A	1.37e-36
HDC65078.1	N/A	1.67e-36
JAL27600.1	N/A	1.72e-36
JAK95618.1	N/A	1.79e-36
HDC65077.1	N/A	1.96e-36
HDB66378.1	N/A	2.38e-36
SBP24472.1	N/A	2.65e-36
HDA51800.1	N/A	2.80e-36
HDB63628.1	N/A	3.08e-36
HDB63631.1	N/A	3.31e-36
HDB66371.1	N/A	3.51e-36
JAK76168.1	N/A	3.60e-36
CCP78437.1	N/A	3.87e-36
JAL44399.1	N/A	4.47e-36
JAL14498.1	N/A	4.79e-36
HDB62760.1	N/A	4.86e-36
HDB63649.1	N/A	4.92e-36
HDB63646.1	N/A	5.13e-36
HDB64305.1	N/A	5.61e-36
HDB63640.1	N/A	5.93e-36
HDB63623.1	N/A	6.03e-36
HDB63637.1	N/A	6.37e-36
JAN55519.1	N/A	6.57e-36
JAL44398.1	N/A	6.59e-36
JAR48425.1	N/A	6.73e-36
JAN55520.1	N/A	7.07e-36
SBP62961.1	N/A	7.51e-36
HDB61413.1	N/A	7.52e-36
JAN52672.1	N/A	7.57e-36
HDC64713.1	N/A	7.66e-36
HDB64301.1	N/A	7.92e-36
HDB62776.1	N/A	8.00e-36
JAV06622.1	N/A	8.08e-36
HDB63641.1	N/A	8.25e-36
JAK56086.1	N/A	8.93e-36
HDC63812.1	N/A	9.06e-36
HDB62761.1	N/A	9.51e-36
HDB62768.1	N/A	9.54e-36
SBP56639.1	N/A	9.65e-36
JAN07555.1	N/A	9.69e-36
JAS20427.1	N/A	1.02e-35
HDB63632.1	N/A	1.07e-35
HDB69895.1	N/A	1.10e-35
HDC70918.1	N/A	1.18e-35
JAR19745.1	N/A	1.22e-35
HDB64303.1	N/A	1.28e-35
JAJ41227.1	N/A	1.32e-35
HDC64710.1	N/A	1.38e-35
HDB68732.1	N/A	1.38e-35
HDC64721.1	N/A	1.38e-35
HDB62777.1	N/A	1.47e-35
HDC64717.1	N/A	1.58e-35
HDB61409.1	N/A	1.58e-35
JAM58867.1	N/A	1.60e-35
JAN57799.1	N/A	1.64e-35
JAN37539.1	N/A	1.66e-35
JAO79896.1	N/A	1.77e-35
HDC65287.1	N/A	1.82e-35
HDB62769.1	N/A	1.87e-35
HDC62837.1	N/A	1.88e-35
JAL58091.1	N/A	1.89e-35
HDC63810.1	N/A	1.93e-35
HDC64718.1	N/A	1.99e-35
NBJ61860.1	N/A	2.06e-35
AFP10374.1	N/A	2.15e-35
HDB64825.1	N/A	2.18e-35
JAV06637.1	N/A	2.19e-35
HDB64299.1	N/A	2.24e-35
JAN34982.1	N/A	2.47e-35
JAL58047.1	N/A	2.59e-35
HDC64714.1	N/A	2.60e-35
HDB61416.1	N/A	2.97e-35
JAC15131.1	N/A	3.22e-35
HDB66376.1	N/A	3.63e-35
JAN52668.1	N/A	3.63e-35
HDB64820.1	N/A	3.70e-35
JAN37538.1	N/A	3.72e-35
HDC65079.1	N/A	3.82e-35
SBP59874.1	N/A	3.93e-35
HDB64821.1	N/A	4.17e-35
LAB67474.1	N/A	4.24e-35
JAN34983.1	N/A	4.30e-35
HDB64294.1	N/A	4.37e-35
JAK78465.1	N/A	4.62e-35
HDC65080.1	N/A	4.70e-35
HDB64295.1	N/A	4.85e-35
JAL34280.1	N/A	5.09e-35
AFM43711.1	N/A	5.59e-35
JAK85440.1	N/A	5.65e-35
JAK78464.1	N/A	5.68e-35
AFP08959.1	N/A	5.84e-35
HDB64822.1	N/A	5.96e-35
HDB64816.1	N/A	6.39e-35
JAL14499.1	N/A	6.73e-35
JAK19235.1	N/A	6.84e-35
JAK19232.1	N/A	6.88e-35
JAN20748.1	N/A	7.14e-35
JAM57600.1	N/A	7.36e-35
JAM38155.1	N/A	7.79e-35
JAI59574.1	N/A	8.06e-35
SBQ89366.1	N/A	8.31e-35
JAK36831.1	N/A	8.47e-35
JAD07330.1	N/A	9.05e-35
HDB66374.1	N/A	9.38e-35
SBQ72852.1	N/A	9.49e-35
JAL14496.1	N/A	9.74e-35
HDB64817.1	N/A	9.81e-35
HDB66372.1	N/A	1.01e-34
JAI68768.1	N/A	1.01e-34
SBP50041.1	N/A	1.03e-34
JAB57952.1	N/A	1.04e-34
JAL60348.1	N/A	1.06e-34
HDB66370.1	N/A	1.08e-34
HDB66379.1	N/A	1.11e-34
JAK91355.1	N/A	1.17e-34
JAL14504.1	N/A	1.19e-34
JAK19234.1	N/A	1.21e-34
JAK76167.1	N/A	1.22e-34
JAN72516.1	N/A	1.24e-34
JAN86703.1	N/A	1.27e-34
JAN52670.1	N/A	1.28e-34
JAN64792.1	N/A	1.30e-34
HDB63627.1	N/A	1.33e-34
JAK36833.1	N/A	1.33e-34
HDB63626.1	N/A	1.37e-34
JAL14500.1	N/A	1.37e-34
JAK19236.1	N/A	1.37e-34
JAK98218.1	N/A	1.38e-34
JAJ96925.1	N/A	1.40e-34
JAK73501.1	N/A	1.41e-34
JAR34304.1	N/A	1.43e-34
JAN56461.1	N/A	1.43e-34
JAK98222.1	N/A	1.44e-34
JAL44401.1	N/A	1.48e-34
JAK19237.1	N/A	1.50e-34
JAK93163.1	N/A	1.58e-34
HDB62762.1	N/A	1.63e-34
JAK36835.1	N/A	1.70e-34
JAK78948.1	N/A	1.80e-34
HDB66373.1	N/A	1.84e-34
HDB64814.1	N/A	1.87e-34
HDB66377.1	N/A	1.95e-34
AEY58196.1	N/A	1.95e-34
JAL14505.1	N/A	2.06e-34
JAK73500.1	N/A	2.16e-34
HDB63644.1	N/A	2.16e-34
HDB64815.1	N/A	2.17e-34
JAB57387.1	N/A	2.19e-34
JAN45867.1	N/A	2.21e-34
HDB62758.1	N/A	2.21e-34
JAL42199.1	N/A	2.23e-34
JAN63009.1	N/A	2.24e-34
JAN72760.1	N/A	2.24e-34
HDB62756.1	N/A	2.25e-34
HDB62778.1	N/A	2.30e-34
HDB63645.1	N/A	2.40e-34
JAK38263.1	N/A	2.42e-34
HDB63636.1	N/A	2.43e-34
HDB63635.1	N/A	2.55e-34
JAK29918.1	N/A	2.57e-34
HDB63625.1	N/A	2.74e-34
HDB63624.1	N/A	2.88e-34
HDB66375.1	N/A	2.95e-34
JAM51701.1	N/A	3.03e-34
HDB62770.1	N/A	3.24e-34
HDC64711.1	N/A	3.33e-34
JAL37180.1	N/A	3.35e-34
AFP60345.1	N/A	3.38e-34
JAK36832.1	N/A	3.41e-34
JAL52168.1	N/A	3.45e-34
JAN67924.1	N/A	3.46e-34
JAI86207.1	N/A	3.49e-34
HDB61411.1	N/A	3.55e-34
HDC63811.1	N/A	3.59e-34
JAK22764.1	N/A	3.76e-34
JAN37766.1	N/A	3.76e-34
JAK76166.1	N/A	3.84e-34
HDB63642.1	N/A	3.86e-34
HDB62772.1	N/A	3.90e-34
HDC62839.1	N/A	3.94e-34
HDC64712.1	N/A	3.97e-34
JAQ41277.1	N/A	3.97e-34
JAL37181.1	N/A	4.01e-34
JAM83545.1	N/A	4.01e-34
SBP48421.1	N/A	4.07e-34
HDB62764.1	N/A	4.15e-34
JAN93241.1	N/A	4.24e-34
HDC65289.1	N/A	4.29e-34
HDB62774.1	N/A	4.33e-34
HDB61418.1	N/A	4.35e-34
JAL47578.1	N/A	4.36e-34
HDB63633.1	N/A	4.41e-34
JAL31281.1	N/A	4.48e-34
JAL13485.1	N/A	4.48e-34
HDB63643.1	N/A	4.56e-34
JAK21430.1	N/A	4.57e-34
HDB63634.1	N/A	4.65e-34
HDC62835.1	N/A	4.72e-34
HDB62766.1	N/A	4.85e-34
MBW21003.1	N/A	4.86e-34
JAN18937.1	N/A	5.01e-34
JAL84715.1	N/A	5.06e-34
JAK70695.1	N/A	5.12e-34
JAK91191.1	N/A	5.18e-34
JAM02013.1	N/A	5.22e-34
HDC64719.1	N/A	5.31e-34
JAL26577.1	N/A	5.48e-34
HDC64720.1	N/A	5.54e-34
JAN78671.1	N/A	5.65e-34
JAK10970.1	N/A	5.70e-34
JAL43671.1	N/A	5.70e-34
JAN55521.1	N/A	5.71e-34
JAJ53460.1	N/A	5.74e-34
SBR42733.1	N/A	5.76e-34
HDC62840.1	N/A	5.89e-34
JAG75061.1	N/A	5.93e-34
HDC63815.1	N/A	6.07e-34
JAI91663.1	N/A	6.17e-34
HDC63813.1	N/A	6.20e-34
JAJ28668.1	N/A	6.32e-34
JAL27602.1	N/A	6.45e-34
JAN52669.1	N/A	6.51e-34
JAN55522.1	N/A	6.51e-34
JAN37534.1	N/A	6.54e-34
HDC64716.1	N/A	6.67e-34
HDB68731.1	N/A	6.87e-34
JAJ52702.1	N/A	6.91e-34
JAK91286.1	N/A	7.07e-34
JAL96758.1	N/A	7.18e-34
HDC62836.1	N/A	7.43e-34
JAL55726.1	N/A	7.50e-34
MBY20807.1	N/A	7.53e-34
JAK48863.1	N/A	7.58e-34
JAJ52759.1	N/A	7.71e-34
JAJ70351.1	N/A	7.81e-34
JAN56157.1	N/A	7.83e-34
JAL58092.1	N/A	8.04e-34
HDC63809.1	N/A	8.10e-34
HDB61407.1	N/A	8.18e-34
ADD20084.1	N/A	8.32e-34
JAJ07314.1	N/A	8.38e-34
JAL38588.1	N/A	8.43e-34
HDC63816.1	N/A	8.58e-34
JAK09824.1	N/A	8.66e-34
JAJ81404.1	N/A	8.75e-34
MBW70498.1	N/A	8.78e-34
JAL07990.1	N/A	8.84e-34
JAL55996.1	N/A	8.95e-34
MBW33959.1	N/A	9.02e-34
JAK16466.1	N/A	9.02e-34
JAS20512.1	N/A	9.02e-34
JAJ89570.1	N/A	9.08e-34
JAK45561.1	N/A	9.21e-34
JAK89746.1	N/A	9.21e-34
JAL38480.1	N/A	9.33e-34
HDB64824.1	N/A	9.43e-34
JAK56082.1	N/A	9.68e-34
HDB64823.1	N/A	9.71e-34
JAK01383.1	N/A	1.00e-33
JAJ47355.1	N/A	1.02e-33
JAK72051.1	N/A	1.02e-33
JAM31304.1	N/A	1.04e-33
JAJ18738.1	N/A	1.06e-33
JAN51423.1	N/A	1.08e-33
JAM76304.1	N/A	1.10e-33
HDB61414.1	N/A	1.11e-33
JAJ24459.1	N/A	1.15e-33
JAL15935.1	N/A	1.15e-33
JAR37833.1	N/A	1.17e-33
JAK46958.1	N/A	1.20e-33
JAI68769.1	N/A	1.21e-33
JAK00065.1	N/A	1.22e-33
JAL20890.1	N/A	1.28e-33
JAL40031.1	N/A	1.28e-33
AFP61493.1	N/A	1.28e-33
HDA49190.1	N/A	1.29e-33
JAN22165.1	N/A	1.31e-33
MBW33964.1	N/A	1.31e-33
JAJ24460.1	N/A	1.33e-33
JAT39539.1	N/A	1.34e-33
MBW21010.1	N/A	1.35e-33
JAI69883.1	N/A	1.36e-33
MBW34161.1	N/A	1.40e-33
JAK33972.1	N/A	1.43e-33
JAK89863.1	N/A	1.44e-33
HDB67717.1	N/A	1.46e-33
JAK72046.1	N/A	1.52e-33
JAL73615.1	N/A	1.55e-33
JAL96456.1	N/A	1.60e-33
HDB64818.1	N/A	1.63e-33
JAM78403.1	N/A	1.63e-33
HDB64819.1	N/A	1.67e-33
JAL43186.1	N/A	1.67e-33
JAK46957.1	N/A	1.68e-33
JAK10971.1	N/A	1.69e-33
JAJ37808.1	N/A	1.70e-33
MOS16298.1	N/A	1.72e-33
JAL09638.1	N/A	1.77e-33
JAL70908.1	N/A	1.80e-33
JAM02016.1	N/A	1.81e-33
JAL92865.1	N/A	1.82e-33
JAM22114.1	N/A	1.87e-33
JAM44658.1	N/A	1.91e-33
JAC00790.1	N/A	1.92e-33
JAJ46854.1	N/A	1.93e-33
JAN45868.1	N/A	1.93e-33
JAJ14611.1	N/A	1.96e-33
JAK79098.1	N/A	1.99e-33
JAJ52703.1	N/A	2.00e-33
JAL13486.1	N/A	2.00e-33
JAK78463.1	N/A	2.01e-33
JAJ25557.1	N/A	2.02e-33
JAK80040.1	N/A	2.07e-33
JAK94546.1	N/A	2.14e-33
JAL23488.1	N/A	2.15e-33
JAM77711.1	N/A	2.15e-33
JAL41176.1	N/A	2.16e-33
JAK01561.1	N/A	2.24e-33
HDC62838.1	N/A	2.27e-33
JAK72105.1	N/A	2.30e-33
JAK61858.1	N/A	2.32e-33
JAK98217.1	N/A	2.32e-33
JAN22166.1	N/A	2.32e-33
JAK60449.1	N/A	2.44e-33
JAN66072.1	N/A	2.45e-33
JAM09605.1	N/A	2.50e-33
JAI85661.1	N/A	2.52e-33
JAK33971.1	N/A	2.57e-33
HDC62834.1	N/A	2.58e-33
JAK32820.1	N/A	2.60e-33
JAK89862.1	N/A	2.60e-33
JAM83149.1	N/A	2.60e-33
JAM52999.1	N/A	2.61e-33
JAK67711.1	N/A	2.62e-33
JAL92867.1	N/A	2.63e-33
JAJ09304.1	N/A	2.68e-33
JAK73499.1	N/A	2.72e-33
JAM75667.1	N/A	2.73e-33
JAK09579.1	N/A	2.75e-33
JAJ37809.1	N/A	2.79e-33
JAN30481.1	N/A	2.79e-33
JAK00519.1	N/A	2.82e-33
JAM08521.1	N/A	2.97e-33
JAI96162.1	N/A	3.10e-33
JAL60349.1	N/A	3.13e-33
JAK59004.1	N/A	3.22e-33
JAJ52761.1	N/A	3.29e-33
JAJ46853.1	N/A	3.30e-33
JAA98494.1	N/A	3.33e-33
JAI57196.1	N/A	3.37e-33
JAJ03112.1	N/A	3.38e-33
JAJ37810.1	N/A	3.39e-33
JAM01083.1	N/A	3.40e-33
JAL91555.1	N/A	3.45e-33
JAJ60801.1	N/A	3.61e-33
JAL52568.1	N/A	3.64e-33
JAL96757.1	N/A	3.72e-33
JAI83060.1	N/A	3.76e-33
MBW68602.1	N/A	3.81e-33
JAN86704.1	N/A	3.82e-33
JAM53000.1	N/A	3.83e-33
JAN74204.1	N/A	3.87e-33
JAN88371.1	N/A	3.97e-33
JAJ52774.1	N/A	3.98e-33
JAM68749.1	N/A	4.15e-33
JAK54479.1	N/A	4.17e-33
JAK35119.1	N/A	4.35e-33
JAJ12764.1	N/A	4.47e-33
JAL15934.1	N/A	4.48e-33
JAM67547.1	N/A	4.51e-33
JAK51557.1	N/A	4.57e-33
JAJ03113.1	N/A	4.65e-33
JAK55461.1	N/A	4.65e-33
JAJ52706.1	N/A	4.76e-33
JAK70694.1	N/A	4.81e-33
JAJ04108.1	N/A	4.81e-33
JAN30831.1	N/A	4.83e-33
JAG50721.1	N/A	4.96e-33
JAK96953.1	N/A	5.01e-33
JAJ03111.1	N/A	5.11e-33
HCZ86391.1	N/A	5.25e-33
JAM45598.1	N/A	5.38e-33
JAN30832.1	N/A	5.77e-33
JAK19572.1	N/A	5.78e-33
HDB65244.1	N/A	5.92e-33
JAM19007.1	N/A	6.00e-33
JAN18005.1	N/A	6.27e-33
JAJ81592.1	N/A	6.30e-33
JAM09606.1	N/A	6.35e-33
JAL14501.1	N/A	6.53e-33
MBW55671.1	N/A	6.56e-33
JAL27606.1	N/A	6.71e-33
JAJ04109.1	N/A	6.78e-33
JAM56146.1	N/A	6.87e-33
JAL30538.1	N/A	6.89e-33
JAN18007.1	N/A	7.03e-33
JAL99113.1	N/A	7.17e-33
JAN93094.1	N/A	7.57e-33
JAJ80056.1	N/A	7.66e-33
JAJ46850.1	N/A	8.02e-33
JAL54072.1	N/A	8.02e-33
JAL36147.1	N/A	8.36e-33
JAK22765.1	N/A	8.48e-33
JAK40072.1	N/A	8.53e-33
JAJ52707.1	N/A	8.56e-33
AFM75825.1	N/A	8.58e-33
JAN18001.1	N/A	9.00e-33
HDB67720.1	N/A	9.10e-33
JAK24121.1	N/A	9.15e-33
JAJ62407.1	N/A	9.15e-33
JAN45268.1	N/A	9.19e-33
HDB67719.1	N/A	9.33e-33
HDB67715.1	N/A	9.57e-33
JAL29535.1	N/A	9.91e-33
JAK47158.1	N/A	9.94e-33
JAJ07311.1	N/A	1.02e-32
HDB67718.1	N/A	1.02e-32
HDB67718.1	N/A	6.55e-06
JAL77653.1	N/A	1.06e-32
JAK15363.1	N/A	1.07e-32
JAK81555.1	N/A	1.11e-32
MBW55670.1	N/A	1.13e-32
JAN30665.1	N/A	1.14e-32
JAL08043.1	N/A	1.14e-32
JAN34976.1	N/A	1.16e-32
JAM51809.1	N/A	1.17e-32
JAL99112.1	N/A	1.25e-32
JAN21733.1	N/A	1.25e-32
JAL11588.1	N/A	1.31e-32
JAN18000.1	N/A	1.34e-32
JAJ52760.1	N/A	1.34e-32
JAJ52758.1	N/A	1.40e-32
JAI72735.1	N/A	1.41e-32
JAN71070.1	N/A	1.47e-32
JAL92866.1	N/A	1.49e-32
JAK67853.1	N/A	1.56e-32
JAK18716.1	N/A	1.58e-32
JAN47363.1	N/A	1.63e-32
HDB67714.1	N/A	1.74e-32
JAM48543.1	N/A	1.76e-32
JAK12733.1	N/A	1.76e-32
JAN42807.1	N/A	1.81e-32
JAL10204.1	N/A	1.96e-32
MBW55669.1	N/A	1.97e-32
JAK18717.1	N/A	1.99e-32
JAJ56956.1	N/A	2.09e-32
JAN55518.1	N/A	2.13e-32
JAN56155.1	N/A	2.23e-32
JAM02014.1	N/A	2.23e-32
JAJ08459.1	N/A	2.28e-32
MBW14918.1	N/A	2.32e-32
JAK73728.1	N/A	2.36e-32
JAK74278.1	N/A	2.40e-32
HDB67716.1	N/A	2.46e-32
HDB65246.1	N/A	2.60e-32
JAK79099.1	N/A	3.25e-32
JAN49263.1	N/A	3.37e-32
MBW15218.1	N/A	3.39e-32
JAV99628.1	N/A	3.48e-32
JAV31036.1	N/A	3.54e-32
JAN50805.1	N/A	3.56e-32
JAN30991.1	N/A	3.65e-32
MBW15542.1	N/A	3.76e-32
JAK12732.1	N/A	3.83e-32
JAL54292.1	N/A	3.89e-32
JAK79097.1	N/A	3.93e-32
JAK76164.1	N/A	4.00e-32
JAL07989.1	N/A	4.23e-32
JAJ52712.1	N/A	4.28e-32
JAM15560.1	N/A	4.35e-32
JAK74269.1	N/A	4.63e-32
HDB65249.1	N/A	4.77e-32
JAV30905.1	N/A	4.79e-32
MBY24923.1	N/A	4.85e-32
JAJ49162.1	N/A	4.87e-32
JAL82809.1	N/A	4.91e-32
JAJ48301.1	N/A	5.01e-32
JAL13332.1	N/A	5.08e-32
JAJ49161.1	N/A	5.40e-32
JAN32215.1	N/A	5.61e-32
JAM06507.1	N/A	5.82e-32
JAN10726.1	N/A	5.90e-32
JAL70159.1	N/A	6.21e-32
JAL12159.1	N/A	6.86e-32
JAL66035.1	N/A	6.87e-32
JAL71178.1	N/A	7.24e-32
JAN47364.1	N/A	7.79e-32
JAM87448.1	N/A	7.88e-32
JAK93417.1	N/A	8.11e-32
JAN48379.1	N/A	8.13e-32
JAL58049.1	N/A	8.33e-32
JAI96661.1	N/A	8.54e-32
JAJ39057.1	N/A	8.61e-32
JAG03726.1	N/A	1.02e-31
MBY75083.1	N/A	1.03e-31
JAL80680.1	N/A	1.04e-31
JAJ02178.1	N/A	1.07e-31
JAV31037.1	N/A	1.08e-31
JAN34981.1	N/A	1.09e-31
JAM44657.1	N/A	1.14e-31
JAL15930.1	N/A	1.17e-31
JAB00544.1	N/A	1.17e-31
JAN20754.1	N/A	1.33e-31
MBY74321.1	N/A	1.36e-31
JAL82286.1	N/A	1.39e-31
AFM43712.1	N/A	1.40e-31
JAK67852.1	N/A	1.43e-31
JAL96502.1	N/A	1.45e-31
JAP99012.1	N/A	1.47e-31
JAI94930.1	N/A	1.50e-31
JAJ49159.1	N/A	1.51e-31
JAJ49160.1	N/A	1.60e-31
JAM91650.1	N/A	1.61e-31
JAL80682.1	N/A	1.61e-31
JAL84907.1	N/A	1.62e-31
JAL30536.1	N/A	1.66e-31
JAV30906.1	N/A	1.67e-31
JAM98097.1	N/A	1.75e-31
JAK99850.1	N/A	1.77e-31
JAJ48300.1	N/A	1.82e-31
JAG71747.1	N/A	1.84e-31
JAL80679.1	N/A	1.85e-31
JAG75321.1	N/A	1.91e-31
HDB73223.1	N/A	1.94e-31
JAN32984.1	N/A	1.97e-31
JAI94931.1	N/A	2.09e-31
JAL27605.1	N/A	2.14e-31
JAM43306.1	N/A	2.25e-31
AFM43710.1	N/A	2.27e-31
JAM43926.1	N/A	2.40e-31
HDB65251.1	N/A	2.44e-31
JAN29731.1	N/A	2.51e-31
JAM36147.1	N/A	2.56e-31
JAN31238.1	N/A	2.58e-31
JAL10205.1	N/A	2.64e-31
JAK72815.1	N/A	2.74e-31
HDB23524.1	N/A	2.83e-31
JAN33073.1	N/A	2.83e-31
JAJ52726.1	N/A	2.91e-31
JAN32985.1	N/A	2.93e-31
JAN32981.1	N/A	2.95e-31
JAL07112.1	N/A	3.12e-31
JAJ13717.1	N/A	3.13e-31
JAN52673.1	N/A	3.15e-31
JAL19125.1	N/A	3.18e-31
JAK72816.1	N/A	3.22e-31
JAN29732.1	N/A	3.35e-31
JAK84650.1	N/A	3.49e-31
JAN13960.1	N/A	3.57e-31
JAM92199.1	N/A	3.69e-31
JAM03714.1	N/A	3.70e-31
JAJ57260.1	N/A	3.70e-31
JAN20747.1	N/A	3.72e-31
JAL41132.1	N/A	3.72e-31
JAJ52727.1	N/A	3.75e-31
JAL62785.1	N/A	3.95e-31
JAM27058.1	N/A	4.09e-31
JAM91983.1	N/A	4.09e-31
JAC03980.1	N/A	4.45e-31
JAK69104.1	N/A	4.52e-31
MBY26703.1	N/A	4.67e-31
JAN15853.1	N/A	4.82e-31
JAA92594.1	N/A	5.05e-31
JAL38431.1	N/A	5.18e-31
JAM29400.1	N/A	5.36e-31
JAM48597.1	N/A	5.41e-31
JAJ19710.1	N/A	5.49e-31
JAN66929.1	N/A	5.79e-31
JAL57183.1	N/A	5.89e-31
JAL00235.1	N/A	5.93e-31
JAL14497.1	N/A	5.95e-31
JAN77298.1	N/A	5.98e-31
JAL77161.1	N/A	6.34e-31
JAJ06636.1	N/A	6.43e-31
JAL07113.1	N/A	6.96e-31
JAN76461.1	N/A	7.13e-31
JAN15854.1	N/A	7.59e-31
JAC06024.1	N/A	8.44e-31
AFM75824.1	N/A	8.59e-31
JAI43425.1	N/A	8.71e-31
JAK74270.1	N/A	8.87e-31
JAK35107.1	N/A	8.89e-31
JAC58189.1	N/A	8.94e-31
JAL05755.1	N/A	9.06e-31
JAN15855.1	N/A	9.23e-31
JAK33232.1	N/A	9.50e-31
JAM99642.1	N/A	9.67e-31
JAL02807.1	N/A	9.79e-31
JAL29544.1	N/A	9.84e-31
JAJ10861.1	N/A	9.95e-31
JAN15954.1	N/A	1.00e-30
JAM40627.1	N/A	1.01e-30
JAK38893.1	N/A	1.05e-30
JAN45271.1	N/A	1.05e-30
JAL05754.1	N/A	1.06e-30
JAK38892.1	N/A	1.07e-30
JAN45272.1	N/A	1.09e-30
JAM60905.1	N/A	1.10e-30
JAS11175.1	N/A	1.11e-30
JAN58431.1	N/A	1.13e-30
JAN34984.1	N/A	1.14e-30
JAL29545.1	N/A	1.14e-30
JAN48377.1	N/A	1.21e-30
JAL58048.1	N/A	1.22e-30
JAK57981.1	N/A	1.23e-30
JAJ12261.1	N/A	1.28e-30
JAI85881.1	N/A	1.34e-30
JAD12545.1	N/A	1.41e-30
JAK34383.1	N/A	1.54e-30
JAL29546.1	N/A	1.56e-30
SBS42614.1	N/A	1.58e-30
AHH38144.1	N/A	1.62e-30
JAL10208.1	N/A	1.63e-30
JAL84908.1	N/A	1.72e-30
SBR90502.1	N/A	1.73e-30
JAN48378.1	N/A	1.74e-30
JAN53204.1	N/A	1.77e-30
JAK15175.1	N/A	1.78e-30
JAN23877.1	N/A	1.80e-30
JAN49689.1	N/A	1.84e-30
JAN49688.1	N/A	1.84e-30
JAK21429.1	N/A	2.04e-30
JAM22054.1	N/A	2.06e-30
JAN32986.1	N/A	2.27e-30
JAN18934.1	N/A	2.28e-30
JAK54484.1	N/A	2.33e-30
SBP04289.1	N/A	2.35e-30
JAK41029.1	N/A	2.36e-30
JAB01301.1	N/A	2.37e-30
JAK96952.1	N/A	2.45e-30
JAJ41107.1	N/A	2.57e-30
JAL10207.1	N/A	2.75e-30
JAM65650.1	N/A	2.92e-30
JAK72910.1	N/A	2.95e-30
JAJ57114.1	N/A	3.07e-30
JAM21288.1	N/A	3.31e-30
JAN20753.1	N/A	3.33e-30
JAL60351.1	N/A	3.70e-30
JAK91710.1	N/A	3.81e-30
JAL60352.1	N/A	3.88e-30
JAL40397.1	N/A	4.07e-30
JAN95273.1	N/A	4.18e-30
MBY83018.1	N/A	4.21e-30
JAN51006.1	N/A	4.31e-30
JAL08505.1	N/A	4.54e-30
JAK91711.1	N/A	4.62e-30
JAL54300.1	N/A	4.77e-30
JAK54483.1	N/A	4.77e-30
SBP28903.1	N/A	5.14e-30
JAL84231.1	N/A	5.27e-30
JAN72268.1	N/A	5.56e-30
JAK91712.1	N/A	5.99e-30
JAL84232.1	N/A	6.00e-30
JAL56002.1	N/A	6.04e-30
JAL08504.1	N/A	6.24e-30
JAI59576.1	N/A	6.49e-30
JAM22053.1	N/A	6.50e-30
JAK90208.1	N/A	6.56e-30
JAJ04739.1	N/A	7.03e-30
JAS54789.1	N/A	7.17e-30
JAJ16786.1	N/A	7.54e-30
JAJ18792.1	N/A	7.91e-30
SBR68614.1	N/A	7.94e-30
JAL94809.1	N/A	8.08e-30
JAM55048.1	N/A	8.49e-30
JAN18938.1	N/A	8.81e-30
JAN37533.1	N/A	8.81e-30
JAK54482.1	N/A	9.39e-30
JAQ99853.1	N/A	9.42e-30
JAM59805.1	N/A	9.42e-30
JAL25653.1	N/A	9.47e-30
JAJ31037.1	N/A	9.50e-30
JAG40794.1	N/A	9.52e-30
JAJ04740.1	N/A	9.85e-30
JAN20751.1	N/A	9.87e-30
JAM78405.1	N/A	1.03e-29
JAG40793.1	N/A	1.04e-29
JAK36830.1	N/A	1.05e-29
AFP59838.1	N/A	1.05e-29
JAL82284.1	N/A	1.06e-29
JAJ31036.1	N/A	1.07e-29
JAK36474.1	N/A	1.08e-29
JAM01084.1	N/A	1.13e-29
JAJ28027.1	N/A	1.13e-29
JAM59806.1	N/A	1.15e-29
JAJ28028.1	N/A	1.23e-29
JAJ52728.1	N/A	1.47e-29
JAJ31035.1	N/A	1.51e-29
JAL43182.1	N/A	1.52e-29
MBY73150.1	N/A	1.55e-29
JAN36178.1	N/A	1.64e-29
JAJ06588.1	N/A	1.81e-29
JAN80010.1	N/A	1.81e-29
JAM52315.1	N/A	1.89e-29
AFP07039.1	N/A	1.94e-29
JAL82287.1	N/A	1.95e-29
JAL82285.1	N/A	2.03e-29
JAN62060.1	N/A	2.06e-29
JAL23960.1	N/A	2.08e-29
JAM43924.1	N/A	2.11e-29
JAK37763.1	N/A	2.20e-29
MBY33097.1	N/A	2.23e-29
JAD01743.1	N/A	2.35e-29
JAI91462.1	N/A	2.54e-29
JAN18006.1	N/A	2.66e-29
JAL74871.1	N/A	2.68e-29
JAN20752.1	N/A	2.81e-29
JAL48586.1	N/A	3.37e-29
JAK40073.1	N/A	3.63e-29
AEY61192.1	N/A	3.70e-29
JAK54485.1	N/A	3.70e-29
JAL08502.1	N/A	3.82e-29
JAL38853.1	N/A	3.82e-29
JAJ68321.1	N/A	3.91e-29
JAO99224.1	N/A	3.99e-29
JAL29534.1	N/A	4.05e-29
JAJ03065.1	N/A	4.14e-29
JAC51040.1	N/A	4.17e-29
JAV30189.1	N/A	4.24e-29
JAL84180.1	N/A	4.43e-29
JAV30186.1	N/A	4.57e-29
JAL54301.1	N/A	4.59e-29
JAN44534.1	N/A	4.65e-29
JAV30119.1	N/A	4.94e-29
JAO93765.1	N/A	5.10e-29
MBY04491.1	N/A	5.13e-29
JAJ64852.1	N/A	5.37e-29
JAJ29329.1	N/A	5.49e-29
SBP18585.1	N/A	5.70e-29
JAL29547.1	N/A	6.36e-29
JAN36181.1	N/A	6.42e-29
JAR78542.1	N/A	6.70e-29
JAM65169.1	N/A	6.70e-29
JAL51641.1	N/A	6.92e-29
JAR75737.1	N/A	6.98e-29
MBY23440.1	N/A	7.31e-29
JAT38467.1	N/A	7.91e-29
JAN11009.1	N/A	8.90e-29
MBY06813.1	N/A	1.06e-28
JAN32427.1	N/A	1.13e-28
JAI27933.1	N/A	1.21e-28
JAK44105.1	N/A	1.29e-28
JAM63547.1	N/A	1.40e-28
SBR43870.1	N/A	1.47e-28
SBQ33110.1	N/A	1.50e-28
JAO99223.1	N/A	1.53e-28
JAM43929.1	N/A	1.55e-28
JAM99740.1	N/A	1.77e-28
JAV30907.1	N/A	1.80e-28
HDC62853.1	N/A	1.85e-28
JAK26479.1	N/A	1.94e-28
JAK90207.1	N/A	2.04e-28
JAL17236.1	N/A	2.08e-28
CDW40350.1	N/A	2.17e-28
JAL93857.1	N/A	2.18e-28
JAN18933.1	N/A	2.25e-28
JAM68504.1	N/A	2.31e-28
JAN51780.1	N/A	2.34e-28
JAL98172.1	N/A	2.36e-28
JAM01081.1	N/A	2.50e-28
JAL60289.1	N/A	2.57e-28
JAV30132.1	N/A	2.58e-28
JAM94099.1	N/A	2.79e-28
LAA07962.1	N/A	2.81e-28
HDB73902.1	N/A	2.91e-28
JAL29548.1	N/A	2.97e-28
JAN75210.1	N/A	3.02e-28
JAK15540.1	N/A	3.09e-28
JAV30594.1	N/A	3.61e-28
SBP45186.1	N/A	3.67e-28
JAL98171.1	N/A	3.95e-28
JAM01080.1	N/A	4.14e-28
JAG09689.1	N/A	4.29e-28
JAM43923.1	N/A	4.32e-28
JAM01085.1	N/A	4.43e-28
JAN47732.1	N/A	4.43e-28
JAK30271.1	N/A	4.91e-28
JAS79665.1	N/A	5.17e-28
JAM53755.1	N/A	5.32e-28
JAK19233.1	N/A	5.50e-28
JAL54302.1	N/A	6.21e-28
JAV29955.1	N/A	6.59e-28
JAV30012.1	N/A	7.11e-28
JAJ39308.1	N/A	7.41e-28
JAN36177.1	N/A	7.61e-28
JAN12402.1	N/A	7.65e-28
JAM15743.1	N/A	7.72e-28
JAL74713.1	N/A	7.75e-28
MOY45431.1	N/A	8.12e-28
JAK35970.1	N/A	8.17e-28
JAG79904.1	N/A	8.21e-28
JAL40088.1	N/A	8.31e-28
JAK61857.1	N/A	8.49e-28
SBR08306.1	N/A	8.57e-28
JAJ11613.1	N/A	8.91e-28
JAL83968.1	N/A	9.39e-28
JAN04839.1	N/A	1.04e-27
JAJ26883.1	N/A	1.04e-27
JAJ08463.1	N/A	1.10e-27
JAK63153.1	N/A	1.14e-27
JAJ16785.1	N/A	1.15e-27
JAL80681.1	N/A	1.17e-27
JAM60514.1	N/A	1.21e-27
JAJ26882.1	N/A	1.21e-27
SBQ52259.1	N/A	1.28e-27
JAN56359.1	N/A	1.30e-27
LAA07964.1	N/A	1.36e-27
JAM23532.1	N/A	1.36e-27
JAJ16787.1	N/A	1.38e-27
JAJ31038.1	N/A	1.38e-27
JAJ27505.1	N/A	1.39e-27
JAJ18737.1	N/A	1.40e-27
HDC62850.1	N/A	1.40e-27
JAL09446.1	N/A	1.45e-27
JAN69476.1	N/A	1.49e-27
JAN11010.1	N/A	1.50e-27
JAM08522.1	N/A	1.55e-27
JAL52569.1	N/A	1.62e-27
JAJ74107.1	N/A	1.87e-27
JAM10608.1	N/A	1.89e-27
JAJ37954.1	N/A	1.90e-27
JAL72624.1	N/A	1.94e-27
JAL19993.1	N/A	2.04e-27
JAB00954.1	N/A	2.06e-27
SBP45098.1	N/A	2.18e-27
HDC62844.1	N/A	2.22e-27
JAN53407.1	N/A	2.28e-27
JAI76445.1	N/A	2.32e-27
JAM86303.1	N/A	2.40e-27
JAN81477.1	N/A	2.58e-27
JAV30467.1	N/A	2.58e-27
JAK88861.1	N/A	2.68e-27
JAJ24609.1	N/A	2.69e-27
JAK26480.1	N/A	2.82e-27
JAJ13910.1	N/A	2.93e-27
JAV30458.1	N/A	2.95e-27
JAM98846.1	N/A	3.01e-27
JAL82961.1	N/A	3.08e-27
JAN36420.1	N/A	3.14e-27
JAK25109.1	N/A	3.20e-27
JAL91554.1	N/A	3.54e-27
HDC63856.1	N/A	3.66e-27
HDB63586.1	N/A	3.70e-27
JAM08640.1	N/A	3.81e-27
HDB62726.1	N/A	4.09e-27
HDC64323.1	N/A	4.22e-27
JAD11040.1	N/A	4.32e-27
HDB61496.1	N/A	4.48e-27
HDB61493.1	N/A	4.57e-27
JAC47856.1	N/A	4.69e-27
JAN62155.1	N/A	4.80e-27
JAI30384.1	N/A	4.98e-27
HDB63589.1	N/A	5.16e-27
HDC64319.1	N/A	5.53e-27
JAN81778.1	N/A	5.64e-27
HDC62851.1	N/A	5.64e-27
HDB61492.1	N/A	5.70e-27
HDC64321.1	N/A	6.06e-27
JAJ73703.1	N/A	6.44e-27
HDB61497.1	N/A	6.70e-27
JAN56459.1	N/A	6.81e-27
JAL76886.1	N/A	6.82e-27
HDC63853.1	N/A	6.83e-27
HDC64324.1	N/A	7.04e-27
HDB61494.1	N/A	7.33e-27
JAW10971.1	N/A	7.63e-27
HDC62845.1	N/A	7.95e-27
JAJ11706.1	N/A	8.40e-27
HDC65068.1	N/A	8.53e-27
JAJ57164.1	N/A	8.58e-27
HCZ80659.1	N/A	8.65e-27
HDC64320.1	N/A	8.79e-27
HDC65067.1	N/A	8.97e-27
HDC64317.1	N/A	1.00e-26
SBS47974.1	N/A	1.05e-26
JAJ81591.1	N/A	1.05e-26
JAK27463.1	N/A	1.12e-26
JAK30270.1	N/A	1.17e-26
JAK16691.1	N/A	1.19e-26
HDC62852.1	N/A	1.20e-26
HDB74364.1	N/A	1.22e-26
MOS16714.1	N/A	1.27e-26
AFP12982.1	N/A	1.39e-26
JAK47157.1	N/A	1.59e-26
HDB63588.1	N/A	1.61e-26
HDC62846.1	N/A	1.61e-26
JAJ62962.1	N/A	1.62e-26
JAK95419.1	N/A	1.74e-26
JAJ55410.1	N/A	1.75e-26
SBP21909.1	N/A	1.87e-26
JAR00200.1	N/A	1.99e-26
JAR00200.1	N/A	2.84e-06
HDB64714.1	N/A	2.00e-26
JAJ64152.1	N/A	2.05e-26
JAJ36205.1	N/A	2.13e-26
HDC63855.1	N/A	2.17e-26
JAM43305.1	N/A	2.25e-26
HDB63591.1	N/A	2.31e-26
CDW45760.1	N/A	2.43e-26
HDB62725.1	N/A	2.50e-26
JAL40087.1	N/A	2.97e-26
MBW11881.1	N/A	3.05e-26
HDC63854.1	N/A	3.09e-26
HDB63590.1	N/A	3.12e-26
HDC63852.1	N/A	3.34e-26
CDG72124.1	N/A	3.36e-26
JAJ68504.1	N/A	3.52e-26
CDW38630.1	N/A	3.59e-26
HDC63851.1	N/A	3.62e-26
JAN06383.1	N/A	3.84e-26
HDB64174.1	N/A	3.93e-26
HDB62723.1	N/A	3.93e-26
HDB61495.1	N/A	4.05e-26
HDC62848.1	N/A	4.09e-26
HDC64322.1	N/A	4.09e-26
JAM69554.1	N/A	4.24e-26
JAK98008.1	N/A	4.43e-26
JAN78261.1	N/A	4.55e-26
JAK96352.1	N/A	4.56e-26
SBR30450.1	N/A	4.62e-26
JAJ70154.1	N/A	5.04e-26
JAN10727.1	N/A	5.37e-26
HDC63849.1	N/A	5.46e-26
JAN04838.1	N/A	5.68e-26
HDB63583.1	N/A	5.86e-26
HDC64318.1	N/A	6.55e-26
HDC62843.1	N/A	6.55e-26
JAL90265.1	N/A	6.90e-26
JAK16467.1	N/A	7.20e-26
JAK64452.1	N/A	7.23e-26
MBW42950.1	N/A	7.34e-26
HDB61491.1	N/A	7.61e-26
JAJ64946.1	N/A	8.54e-26
JAM00971.1	N/A	8.79e-26
JAO32832.1	N/A	8.95e-26
SBQ33452.1	N/A	8.97e-26
JAV06617.1	N/A	9.18e-26
HDB64715.1	N/A	9.20e-26
HDC62849.1	N/A	1.01e-25
JAK21444.1	N/A	1.02e-25
JAK81959.1	N/A	1.07e-25
JAK63001.1	N/A	1.17e-25
JAM60745.1	N/A	1.18e-25
MBW68737.1	N/A	1.20e-25
JAJ67422.1	N/A	1.28e-25
JAN35320.1	N/A	1.35e-25
JAI93336.1	N/A	1.35e-25
JAI93335.1	N/A	1.40e-25
JAJ26463.1	N/A	1.41e-25
MBW66364.1	N/A	1.45e-25
JAK99149.1	N/A	1.47e-25
JAM07680.1	N/A	1.58e-25
JAV30491.1	N/A	1.62e-25
JAK21232.1	N/A	1.73e-25
SBS46466.1	N/A	1.77e-25
JAK22568.1	N/A	1.77e-25
JAM07679.1	N/A	1.81e-25
JAJ19711.1	N/A	1.82e-25
JAM00973.1	N/A	1.82e-25
JAJ98214.1	N/A	1.92e-25
JAN75169.1	N/A	1.96e-25
JAK83095.1	N/A	1.98e-25
HDC65553.1	N/A	2.20e-25
JAJ75168.1	N/A	2.22e-25
JAC04215.1	N/A	2.27e-25
HDB63585.1	N/A	2.29e-25
HDC65552.1	N/A	2.31e-25
JAR67027.1	N/A	2.44e-25
MBW24803.1	N/A	2.54e-25
JAV06630.1	N/A	2.55e-25
JAN30666.1	N/A	2.61e-25
JAN55116.1	N/A	2.90e-25
HDC63850.1	N/A	2.91e-25
JAM01082.1	N/A	3.07e-25
HDC62847.1	N/A	3.15e-25
JAK88491.1	N/A	3.34e-25
HDB63584.1	N/A	3.38e-25
JAM00972.1	N/A	3.56e-25
HDC63848.1	N/A	3.66e-25
JAW11719.1	N/A	3.76e-25
JAN84718.1	N/A	3.85e-25
JAK80944.1	N/A	3.98e-25
MBY12049.1	N/A	4.17e-25
JAJ54865.1	N/A	4.32e-25
JAM21711.1	N/A	4.82e-25
HDC62842.1	N/A	5.09e-25
JAJ27614.1	N/A	6.54e-25
JAI98714.1	N/A	6.80e-25
JAL81943.1	N/A	7.98e-25
JAI84533.1	N/A	8.21e-25
JAA98843.1	N/A	8.32e-25
JAN64911.1	N/A	9.59e-25
JAK51609.1	N/A	9.93e-25
JAM27909.1	N/A	1.13e-24
JAM53150.1	N/A	1.19e-24
JAJ39543.1	N/A	1.29e-24
JAK66206.1	N/A	1.32e-24
JAN62822.1	N/A	1.48e-24
JAN65657.1	N/A	1.94e-24
HDC65551.1	N/A	2.25e-24
JAL08079.1	N/A	2.47e-24
JAN11525.1	N/A	2.47e-24
JAL42200.1	N/A	2.79e-24
JAN15858.1	N/A	2.83e-24
JAK57975.1	N/A	3.10e-24
JAJ83132.1	N/A	3.20e-24
JAN00545.1	N/A	3.26e-24
SBR85479.1	N/A	3.73e-24
JAL56873.1	N/A	3.75e-24
JAJ22189.1	N/A	4.37e-24
JAN27967.1	N/A	4.57e-24
JAL26929.1	N/A	4.90e-24
JAB25148.1	N/A	5.36e-24
JAL58043.1	N/A	5.77e-24
JAR60860.1	N/A	6.26e-24
JAN62154.1	N/A	6.74e-24
JAN62153.1	N/A	6.87e-24
JAJ62840.1	N/A	7.00e-24
JAM18043.1	N/A	7.11e-24
JAM16837.1	N/A	7.20e-24
JAS52135.1	N/A	7.33e-24
JAK36258.1	N/A	7.35e-24
JAC44122.1	N/A	7.45e-24
JAL80447.1	N/A	7.88e-24
JAI84772.1	N/A	7.93e-24
JAL92173.1	N/A	7.94e-24
JAN25147.1	N/A	7.97e-24
JAM64720.1	N/A	8.33e-24
JAK70113.1	N/A	8.59e-24
JAN92961.1	N/A	8.65e-24
JAK38894.1	N/A	8.69e-24
JAM15785.1	N/A	9.14e-24
JAI83530.1	N/A	9.19e-24
JAM40633.1	N/A	9.32e-24
JAM04872.1	N/A	9.94e-24
JAL00943.1	N/A	1.00e-23
JAJ33338.1	N/A	1.01e-23
JAD03297.1	N/A	1.06e-23
JAI50335.1	N/A	1.22e-23
JAC47857.1	N/A	1.23e-23
JAJ83084.1	N/A	1.25e-23
JAL60292.1	N/A	1.30e-23
JAK74277.1	N/A	1.42e-23
JAI84531.1	N/A	1.43e-23
SBS49666.1	N/A	1.50e-23
SBP63958.1	N/A	1.65e-23
JAI84532.1	N/A	1.73e-23
JAM19686.1	N/A	1.74e-23
JAI84535.1	N/A	1.90e-23
JAN55526.1	N/A	2.04e-23
JAM82655.1	N/A	2.35e-23
JAL11913.1	N/A	2.40e-23
JAJ28759.1	N/A	2.46e-23
JAB36611.1	N/A	2.60e-23
JAN37043.1	N/A	2.71e-23
JAK15174.1	N/A	3.04e-23
JAR45427.1	N/A	3.05e-23
JAI84534.1	N/A	3.39e-23
JAL33923.1	N/A	3.55e-23
JAM23531.1	N/A	3.66e-23
JAL44397.1	N/A	3.77e-23
HDA51136.1	N/A	4.01e-23
JAN31237.1	N/A	4.11e-23
JAS39439.1	N/A	4.39e-23
JAM12163.1	N/A	4.70e-23
JAQ16510.1	N/A	6.61e-23
JAN65314.1	N/A	6.79e-23
JAN82040.1	N/A	7.12e-23
JAK88854.1	N/A	7.80e-23
JAK47661.1	N/A	7.93e-23
JAP97579.1	N/A	7.93e-23
JAN18008.1	N/A	8.32e-23
JAM35470.1	N/A	8.40e-23
JAQ51415.1	N/A	8.43e-23
JAL14495.1	N/A	9.37e-23
JAN66519.1	N/A	9.99e-23
JAC04214.1	N/A	1.01e-22
JAN65315.1	N/A	1.16e-22
JAJ23481.1	N/A	1.26e-22
JAR22761.1	N/A	1.31e-22
JAI85882.1	N/A	1.36e-22
JAL78825.1	N/A	1.40e-22
JAN41107.1	N/A	1.44e-22
JAM58881.1	N/A	1.51e-22
JAM32789.1	N/A	1.58e-22
JAA99658.1	N/A	1.77e-22
JAK87373.1	N/A	1.87e-22
JAR11381.1	N/A	1.88e-22
JAM88803.1	N/A	1.92e-22
JAJ00968.1	N/A	1.94e-22
AHH39082.1	N/A	2.29e-22
JAN83162.1	N/A	2.62e-22
JAN63115.1	N/A	2.71e-22
JAM86655.1	N/A	3.03e-22
JAS44559.1	N/A	3.61e-22
JAN45267.1	N/A	4.02e-22
JAS42007.1	N/A	4.28e-22
JAM27910.1	N/A	4.30e-22
JAM42133.1	N/A	4.43e-22
JAM42133.1	N/A	2.54e-08
MBY25256.1	N/A	4.44e-22
JAL12207.1	N/A	4.80e-22
JAJ28810.1	N/A	4.91e-22
JAL22185.1	N/A	5.02e-22
JAL49734.1	N/A	5.03e-22
JAN28432.1	N/A	5.70e-22
JAN28432.1	N/A	1.71e-07
JAK78462.1	N/A	6.14e-22
JAJ69517.1	N/A	7.33e-22
JAS22051.1	N/A	7.61e-22
JAQ80314.1	N/A	8.10e-22
JAM30662.1	N/A	8.23e-22
JAO05428.1	N/A	1.08e-21
JAK93096.1	N/A	1.25e-21
JAQ40076.1	N/A	1.30e-21
JAG36235.1	N/A	1.37e-21
HDB68663.1	N/A	1.52e-21
JAL89174.1	N/A	1.71e-21
CCP73259.1	N/A	1.99e-21
JAK70112.1	N/A	2.28e-21
JAL11538.1	N/A	2.38e-21
JAK93097.1	N/A	2.78e-21
JAJ08464.1	N/A	3.30e-21
JAT36067.1	N/A	3.40e-21
JAJ68173.1	N/A	3.41e-21
JAT37998.1	N/A	3.71e-21
JAL38849.1	N/A	4.19e-21
JAL38849.1	N/A	2.34e-07
JAK61856.1	N/A	4.50e-21
CDW39655.1	N/A	4.85e-21
JAJ47662.1	N/A	4.96e-21
JAN09171.1	N/A	5.30e-21
JAM81442.1	N/A	6.96e-21
JAN68825.1	N/A	7.97e-21
JAI93390.1	N/A	1.27e-20
JAL29077.1	N/A	1.43e-20
JAN57173.1	N/A	1.43e-20
JAL65016.1	N/A	1.44e-20
JAM43688.1	N/A	1.45e-20
JAN53508.1	N/A	1.47e-20
JAI89620.1	N/A	1.52e-20
JAM19527.1	N/A	1.59e-20
JAN60630.1	N/A	1.65e-20
JAL93581.1	N/A	2.14e-20
MBY87036.1	N/A	2.19e-20
JAJ08458.1	N/A	2.46e-20
JAL10206.1	N/A	3.43e-20
JAM54209.1	N/A	3.44e-20
JAN34498.1	N/A	3.65e-20
JAI82063.1	N/A	3.67e-20
SBR41930.1	N/A	4.17e-20
JAK77256.1	N/A	4.20e-20
HDB70574.1	N/A	4.47e-20
JAM65504.1	N/A	5.41e-20
JAQ42019.1	N/A	5.62e-20
JAK84010.1	N/A	5.99e-20
JAN32980.1	N/A	6.00e-20
SBS41413.1	N/A	6.42e-20
JAL75672.1	N/A	8.75e-20
JAM18132.1	N/A	9.03e-20
SBP11040.1	N/A	9.98e-20
JAQ45934.1	N/A	1.27e-19
CDW48803.1	N/A	1.29e-19
JAJ69516.1	N/A	1.32e-19
JAL94988.1	N/A	1.32e-19
JAL32087.1	N/A	1.37e-19
JAL82283.1	N/A	1.37e-19
SBQ57781.1	N/A	1.54e-19
JAN28194.1	N/A	1.87e-19
JAJ71264.1	N/A	1.92e-19
SBR87584.1	N/A	2.02e-19
JAI94929.1	N/A	2.04e-19
JAJ71263.1	N/A	2.12e-19
JAK38888.1	N/A	2.16e-19
JAQ17510.1	N/A	2.36e-19
JAJ78223.1	N/A	2.42e-19
SBP82249.1	N/A	3.00e-19
JAO93037.1	N/A	3.55e-19
SBR87581.1	N/A	3.56e-19
MOS20868.1	N/A	6.03e-19
JAK26672.1	N/A	6.08e-19
JAJ32980.1	N/A	6.74e-19
JAK08626.1	N/A	6.95e-19
SBQ47826.1	N/A	7.04e-19
JAM93797.1	N/A	7.74e-19
JAL17730.1	N/A	8.55e-19
JAN13961.1	N/A	8.64e-19
SBQ95323.1	N/A	8.93e-19
SBP16091.1	N/A	9.16e-19
JAJ09903.1	N/A	1.02e-18
HDC32928.1	N/A	1.14e-18
JAM55009.1	N/A	1.23e-18
JAL23908.1	N/A	1.25e-18
JAK24066.1	N/A	1.27e-18
SBQ49423.1	N/A	1.40e-18
SBS14998.1	N/A	1.42e-18
JAT00622.1	N/A	1.52e-18
JAI93334.1	N/A	1.56e-18
SBR57044.1	N/A	1.61e-18
SBS18068.1	N/A	1.74e-18
SBP42192.1	N/A	1.90e-18
JAL09962.1	N/A	1.91e-18
SBR06041.1	N/A	2.04e-18
JAW06057.1	N/A	2.09e-18
JAI73657.1	N/A	2.35e-18
SBR95654.1	N/A	2.80e-18
JAL20047.1	N/A	3.19e-18
JAL20047.1	N/A	1.69e-05
JAK64654.1	N/A	3.53e-18
HDC65288.1	N/A	4.10e-18
JAK85705.1	N/A	4.81e-18
JAI59577.1	N/A	6.53e-18
HDB70828.1	N/A	7.03e-18
JAL36308.1	N/A	7.43e-18
JAK98014.1	N/A	1.21e-17
JAT99189.1	N/A	1.24e-17
JAR11893.1	N/A	1.45e-17
JAN28435.1	N/A	1.65e-17
JAM18042.1	N/A	2.44e-17
SBQ51539.1	N/A	2.45e-17
JAK47372.1	N/A	2.70e-17
SBP18719.1	N/A	2.74e-17
JAK91802.1	N/A	2.75e-17
SBP76887.1	N/A	2.76e-17
JAN28436.1	N/A	2.94e-17
JAK60212.1	N/A	3.65e-17
JAN29545.1	N/A	4.00e-17
HDB70827.1	N/A	4.80e-17
JAM80162.1	N/A	5.92e-17
SBP04834.1	N/A	6.02e-17
HDB73224.1	N/A	8.12e-17
MDE48989.1	N/A	8.30e-17
MDE45505.1	N/A	8.35e-17
HDB28270.1	N/A	8.61e-17
JAK26478.1	N/A	9.78e-17
JAK05120.1	N/A	9.97e-17
AES05908.1	N/A	1.02e-16
JAM52184.1	N/A	1.05e-16
JAM39433.1	N/A	1.10e-16
JAV19226.1	N/A	1.21e-16
JAL81714.1	N/A	1.37e-16
JAK04677.1	N/A	1.45e-16
MBY80350.1	N/A	2.17e-16
JAO99941.1	N/A	2.39e-16
MBY79299.1	N/A	2.47e-16
JAI59456.1	N/A	2.50e-16
JAO93038.1	N/A	2.72e-16
MBY75002.1	N/A	2.78e-16
MBW69440.1	N/A	2.85e-16
JAI59457.1	N/A	3.01e-16
JAJ68617.1	N/A	3.11e-16
SBR48427.1	N/A	3.11e-16
JAN54386.1	N/A	3.31e-16
JAJ56558.1	N/A	3.37e-16
CDW23194.1	N/A	3.49e-16
JAO87608.1	N/A	3.55e-16
JAO94806.1	N/A	3.66e-16
JAL58138.1	N/A	3.80e-16
JAC59317.1	N/A	3.84e-16
MOS19602.1	N/A	3.85e-16
JAK69619.1	N/A	3.91e-16
JAJ69125.1	N/A	5.19e-16
JAL55722.1	N/A	5.25e-16
JAO94805.1	N/A	6.10e-16
JAN07656.1	N/A	6.26e-16
JAN18391.1	N/A	7.36e-16
JAL13492.1	N/A	7.41e-16
JAL29364.1	N/A	8.12e-16
JAI59458.1	N/A	8.13e-16
SBR94784.1	N/A	8.60e-16
CDW23193.1	N/A	8.90e-16
JAL58042.1	N/A	9.52e-16
JAM46519.1	N/A	9.72e-16
JAM96248.1	N/A	9.92e-16
JAM96248.1	N/A	1.43e-06
JAM82648.1	N/A	1.05e-15
JAJ62862.1	N/A	1.05e-15
JAR85751.1	N/A	1.15e-15
JAM80992.1	N/A	1.17e-15
AHH37825.1	N/A	1.30e-15
JAG26230.1	N/A	1.49e-15
NBJ59646.1	N/A	1.53e-15
JAJ56559.1	N/A	1.55e-15
JAK47156.1	N/A	1.56e-15
JAL86679.1	N/A	1.61e-15
MBY73820.1	N/A	1.71e-15
JAJ37110.1	N/A	1.72e-15
JAJ69768.1	N/A	1.74e-15
JAN83363.1	N/A	1.84e-15
JAO94804.1	N/A	1.95e-15
JAM53754.1	N/A	1.97e-15
JAC00469.1	N/A	2.11e-15
JAJ33043.1	N/A	2.25e-15
JAN41158.1	N/A	2.36e-15
SBP52160.1	N/A	2.36e-15
HCZ76526.1	N/A	2.49e-15
MBW13337.1	N/A	2.76e-15
JAJ32508.1	N/A	2.78e-15
SBP40581.1	N/A	3.40e-15
MBW14700.1	N/A	3.57e-15
SBR96532.1	N/A	3.63e-15
JAL02408.1	N/A	3.73e-15
JAS10073.1	N/A	4.08e-15
SBQ55880.1	N/A	5.07e-15
JAK16273.1	N/A	5.32e-15
CDG67423.1	N/A	5.32e-15
JAM07678.1	N/A	5.36e-15
JAK30472.1	N/A	5.69e-15
JAA93013.1	N/A	6.07e-15
JAR74478.1	N/A	6.17e-15
JAN06388.1	N/A	6.28e-15
JAM10069.1	N/A	6.42e-15
JAR70729.1	N/A	7.32e-15
MBY30710.1	N/A	7.90e-15
SBP50096.1	N/A	7.95e-15
JAM59544.1	N/A	9.07e-15
JAK82755.1	N/A	9.49e-15
JAT03509.1	N/A	9.77e-15
JAL47589.1	N/A	9.97e-15
JAM04265.1	N/A	1.00e-14
MOS18101.1	N/A	1.05e-14
JAK46951.1	N/A	1.06e-14
HCZ76651.1	N/A	1.12e-14
JAJ33712.1	N/A	1.18e-14
JAJ57115.1	N/A	1.20e-14
HDB72845.1	N/A	1.21e-14
JAK81556.1	N/A	1.29e-14
MOS13216.1	N/A	1.36e-14
JAM53665.1	N/A	1.41e-14
JAT19337.1	N/A	1.46e-14
SBP40415.1	N/A	1.53e-14
JAL92864.1	N/A	1.56e-14
JAC16710.1	N/A	1.64e-14
JAG79452.1	N/A	1.68e-14
JAK34019.1	N/A	1.99e-14
SBP34021.1	N/A	2.29e-14
JAJ08967.1	N/A	2.40e-14
JAJ38462.1	N/A	2.48e-14
JAI74766.1	N/A	2.51e-14
SBR43105.1	N/A	2.90e-14
JAK85795.1	N/A	2.90e-14
JAK50915.1	N/A	3.04e-14
JAK53515.1	N/A	3.09e-14
JAN71960.1	N/A	3.12e-14
SBP14125.1	N/A	3.30e-14
JAM55813.1	N/A	3.31e-14
JAJ45075.1	N/A	3.34e-14
SBP82657.1	N/A	3.39e-14
JAK52168.1	N/A	3.41e-14
JAP01984.1	N/A	3.46e-14
CDW21666.1	N/A	3.54e-14
JAN25318.1	N/A	3.59e-14
LAC24217.1	N/A	3.81e-14
JAM12256.1	N/A	3.84e-14
JAL87631.1	N/A	3.95e-14
JAL51404.1	N/A	3.99e-14
JAL48622.1	N/A	4.06e-14
JAJ42165.1	N/A	4.12e-14
JAK03282.1	N/A	4.21e-14
JAN57365.1	N/A	4.29e-14
JAL51405.1	N/A	4.38e-14
JAT89025.1	N/A	4.46e-14
AHH38087.1	N/A	4.51e-14
BBF97975.1	N/A	4.82e-14
AHH38568.1	N/A	4.86e-14
SBQ44020.1	N/A	4.90e-14
JAK03476.1	N/A	4.91e-14
JAR68773.1	N/A	5.08e-14
JAJ95502.1	N/A	5.21e-14
SBP63439.1	N/A	5.39e-14
JAK00372.1	N/A	5.46e-14
JAL74020.1	N/A	5.51e-14
JAS81656.1	N/A	5.66e-14
JAK01873.1	N/A	5.68e-14
SBS48262.1	N/A	5.72e-14
JAL49788.1	N/A	6.05e-14
SBQ96729.1	N/A	6.05e-14
SBR56714.1	N/A	7.16e-14
MBY78570.1	N/A	8.09e-14
JAJ30611.1	N/A	8.19e-14
MOS20869.1	N/A	8.29e-14
JAI73871.1	N/A	8.32e-14
JAL77111.1	N/A	8.38e-14
JAV34976.1	N/A	8.54e-14
JAQ98362.1	N/A	8.86e-14
JAK66205.1	N/A	8.90e-14
JAQ78274.1	N/A	9.07e-14
JAL83510.1	N/A	9.29e-14
SBP47973.1	N/A	9.39e-14
HCZ77214.1	N/A	9.49e-14
JAJ02228.1	N/A	9.82e-14
SBR04314.1	N/A	9.84e-14
CDG71137.1	N/A	1.02e-13
JAJ52705.1	N/A	1.05e-13
HDB61648.1	N/A	1.08e-13
SBQ52625.1	N/A	1.11e-13
NBJ59626.1	N/A	1.12e-13
JAJ24265.1	N/A	1.12e-13
SBQ65705.1	N/A	1.14e-13
SBP82593.1	N/A	1.16e-13
JAA56936.1	N/A	1.19e-13
JAA56937.1	N/A	1.20e-13
SBS09692.1	N/A	1.22e-13
JAB13581.1	N/A	1.32e-13
SBQ83147.1	N/A	1.34e-13
JAM42129.1	N/A	1.37e-13
JAB05283.1	N/A	1.41e-13
JAM03123.1	N/A	1.44e-13
JAM03123.1	N/A	1.35e-06
AER93817.1	N/A	1.45e-13
JAM42130.1	N/A	1.48e-13
JAK58805.1	N/A	1.59e-13
JAL46543.1	N/A	1.80e-13
JAL46543.1	N/A	1.40e-06
MBY78484.1	N/A	1.84e-13
JAL70028.1	N/A	2.03e-13
JAL70028.1	N/A	2.37e-06
JAK58804.1	N/A	2.04e-13
SBR35732.1	N/A	2.05e-13
JAR89798.1	N/A	2.05e-13
JAT88500.1	N/A	2.06e-13
JAO32833.1	N/A	2.18e-13
MOS20571.1	N/A	2.19e-13
JAA53528.1	N/A	2.21e-13
JAK84947.1	N/A	2.25e-13
SBS19225.1	N/A	2.35e-13
JAJ52704.1	N/A	2.36e-13
JAS09647.1	N/A	2.64e-13
JAR17197.1	N/A	2.69e-13
HDA93779.1	N/A	2.75e-13
JAK57753.1	N/A	2.96e-13
JAN97418.1	N/A	2.97e-13
JAV34980.1	N/A	2.98e-13
JAJ01105.1	N/A	3.17e-13
JAM47260.1	N/A	3.81e-13
JAC84969.1	N/A	4.33e-13
JAL37599.1	N/A	4.66e-13
JAV06621.1	N/A	4.74e-13
SBS14876.1	N/A	5.12e-13
LAA10747.1	N/A	5.31e-13
JAA03363.1	N/A	5.42e-13
NOV40473.1	N/A	5.68e-13
JAK92950.1	N/A	5.88e-13
SBP62105.1	N/A	6.26e-13
JAK35336.1	N/A	6.38e-13
JAK34239.1	N/A	6.50e-13
SBS06969.1	N/A	6.59e-13
JAQ82262.1	N/A	7.07e-13
JAK60565.1	N/A	7.60e-13
MBX92091.1	N/A	7.62e-13
JAV06616.1	N/A	7.63e-13
AFE78450.1	N/A	7.64e-13
HDA51255.1	N/A	7.84e-13
JAO87607.1	N/A	7.87e-13
JAI66271.1	N/A	8.75e-13
JAJ52709.1	N/A	9.36e-13
JAQ33809.1	N/A	9.71e-13
JAV06687.1	N/A	9.73e-13
HDA70090.1	N/A	9.85e-13
JAT18453.1	N/A	1.02e-12
JAK90997.1	N/A	1.08e-12
JAO58407.1	N/A	1.11e-12
JAM19211.1	N/A	1.17e-12
JAS26316.1	N/A	1.24e-12
JAJ32509.1	N/A	1.30e-12
JAN40335.1	N/A	1.35e-12
JAN40335.1	N/A	3.10e-08
SBR40454.1	N/A	1.37e-12
SBQ51839.1	N/A	1.38e-12
JAJ78228.1	N/A	1.41e-12
CCP83819.1	N/A	1.48e-12
JAR66843.1	N/A	1.53e-12
JAB05614.1	N/A	1.63e-12
SBP17632.1	N/A	1.67e-12
JAM88572.1	N/A	1.69e-12
JAB56256.1	N/A	1.73e-12
JAN41155.1	N/A	1.75e-12
MOS20182.1	N/A	1.86e-12
AER99323.1	N/A	1.89e-12
JAG82593.1	N/A	1.90e-12
JAA02134.1	N/A	1.95e-12
MBY06896.1	N/A	1.95e-12
JAL01097.1	N/A	2.03e-12
JAV36860.1	N/A	2.13e-12
JAS05707.1	N/A	2.22e-12
SBR75977.1	N/A	2.29e-12
SBQ35395.1	N/A	2.32e-12
JAR37692.1	N/A	2.41e-12
JAJ52708.1	N/A	2.42e-12
HDB40541.1	N/A	2.44e-12
MBY25980.1	N/A	2.45e-12
JAK62114.1	N/A	2.45e-12
MBY28491.1	N/A	2.48e-12
JAW06703.1	N/A	2.57e-12
JAK41409.1	N/A	2.73e-12
HDC40555.1	N/A	2.79e-12
SBS58100.1	N/A	2.97e-12
HDB26809.1	N/A	2.98e-12
JAA78430.1	N/A	2.98e-12
SBP45342.1	N/A	3.04e-12
CDG70858.1	N/A	3.10e-12
HDB51554.1	N/A	3.11e-12
JAB21394.1	N/A	3.18e-12
HDB44672.1	N/A	3.26e-12
JAK56083.1	N/A	3.30e-12
JAB21395.1	N/A	3.44e-12
JAM06427.1	N/A	3.45e-12
JAL52845.1	N/A	3.51e-12
JAL21446.1	N/A	3.54e-12
JAJ61018.1	N/A	3.64e-12
JAN66783.1	N/A	3.76e-12
JAJ13006.1	N/A	3.81e-12
JAR85556.1	N/A	3.84e-12
JAM23584.1	N/A	3.92e-12
JAL27403.1	N/A	3.95e-12
JAJ82536.1	N/A	3.95e-12
JAK90756.1	N/A	3.99e-12
JAI97240.1	N/A	3.99e-12
JAI85880.1	N/A	4.10e-12
HDA82053.1	N/A	4.13e-12
JAK16647.1	N/A	4.21e-12
JAR37693.1	N/A	4.23e-12
SBS06762.1	N/A	4.25e-12
JAI92130.1	N/A	4.34e-12
JAM64591.1	N/A	4.39e-12
JAL77511.1	N/A	4.54e-12
JAL54344.1	N/A	4.58e-12
MOS20031.1	N/A	4.63e-12
JAM97941.1	N/A	4.70e-12
JAS80416.1	N/A	4.78e-12
JAK51780.1	N/A	4.85e-12
JAJ46856.1	N/A	4.86e-12
JAJ37031.1	N/A	4.90e-12
JAN28242.1	N/A	4.98e-12
JAL64835.1	N/A	5.00e-12
JAL91883.1	N/A	5.06e-12
SBP55073.1	N/A	5.08e-12
JAL90679.1	N/A	5.12e-12
JAL89326.1	N/A	5.15e-12
JAM57233.1	N/A	5.17e-12
MBW15491.1	N/A	5.25e-12
JAL51436.1	N/A	5.26e-12
JAN28243.1	N/A	5.41e-12
SBS12417.1	N/A	5.45e-12
JAK53082.1	N/A	5.50e-12
JAN11085.1	N/A	5.51e-12
JAM33223.1	N/A	5.55e-12
JAL26938.1	N/A	5.65e-12
SBP69135.1	N/A	5.78e-12
JAS47727.1	N/A	5.78e-12
JAK54431.1	N/A	5.79e-12
JAK10192.1	N/A	5.83e-12
JAN52272.1	N/A	5.86e-12
JAF98777.1	N/A	5.92e-12
JAJ22277.1	N/A	5.96e-12
JAL80633.1	N/A	5.99e-12
SBQ98857.1	N/A	6.03e-12
SBP62225.1	N/A	6.09e-12
JAK21431.1	N/A	6.12e-12
SBP62836.1	N/A	6.19e-12
JAB30647.1	N/A	6.25e-12
MOS19281.1	N/A	6.30e-12
JAK81151.1	N/A	6.33e-12
JAP98104.1	N/A	6.43e-12
JAJ46855.1	N/A	6.51e-12
JAL25595.1	N/A	6.56e-12
JAK71152.1	N/A	6.56e-12
JAN29634.1	N/A	6.58e-12
JAR78081.1	N/A	6.73e-12
JAN13999.1	N/A	6.73e-12
HDB75446.1	N/A	6.81e-12
JAI92129.1	N/A	6.83e-12
JAB01690.1	N/A	6.88e-12
JAG03273.1	N/A	6.89e-12
JAG73807.1	N/A	6.95e-12
JAN29635.1	N/A	7.08e-12
JAK71151.1	N/A	7.12e-12
JAB30646.1	N/A	7.20e-12
JAM15784.1	N/A	7.21e-12
JAL20197.1	N/A	7.50e-12
JAL77132.1	N/A	7.57e-12
MBW13797.1	N/A	7.66e-12
SBP07461.1	N/A	7.82e-12
JAS66265.1	N/A	7.88e-12
MBY05256.1	N/A	7.92e-12
SBQ52758.1	N/A	7.95e-12
JAF98773.1	N/A	8.08e-12
JAF98772.1	N/A	8.14e-12
JAK33184.1	N/A	8.18e-12
JAL36393.1	N/A	8.20e-12
JAN26885.1	N/A	8.37e-12
JAC52047.1	N/A	8.38e-12
JAK33183.1	N/A	8.64e-12
JAM42131.1	N/A	8.68e-12
JAL36394.1	N/A	8.74e-12
JAJ51764.1	N/A	8.95e-12
JAQ03471.1	N/A	8.96e-12
JAK26423.1	N/A	9.04e-12
JAK04280.1	N/A	9.25e-12
JAM58908.1	N/A	9.26e-12
JAN32987.1	N/A	9.34e-12
JAR85991.1	N/A	9.43e-12
SBP49377.1	N/A	9.78e-12
SBQ66421.1	N/A	9.83e-12
JAK11692.1	N/A	1.01e-11
AFP59651.1	N/A	1.04e-11
JAM61359.1	N/A	1.05e-11
JAV06627.1	N/A	1.08e-11
SBP44163.1	N/A	1.11e-11
CDG70147.1	N/A	1.13e-11
SBP60454.1	N/A	1.14e-11
SBQ54328.1	N/A	1.14e-11
JAK68603.1	N/A	1.15e-11
JAR68425.1	N/A	1.16e-11
JAJ49156.1	N/A	1.20e-11
JAN85927.1	N/A	1.21e-11
JAN25138.1	N/A	1.21e-11
JAM76517.1	N/A	1.22e-11
JAK26422.1	N/A	1.24e-11
JAQ76281.1	N/A	1.25e-11
JAQ76281.1	N/A	1.73e-09
SBP43732.1	N/A	1.26e-11
JAN15951.1	N/A	1.29e-11
SBQ97605.1	N/A	1.35e-11
JAT08337.1	N/A	1.36e-11
JAM76452.1	N/A	1.38e-11
JAK26421.1	N/A	1.43e-11
JAL95028.1	N/A	1.44e-11
JAJ51706.1	N/A	1.44e-11
JAM42132.1	N/A	1.45e-11
SBR58281.1	N/A	1.52e-11
MOS20778.1	N/A	1.54e-11
JAB97624.1	N/A	1.58e-11
MOS21812.1	N/A	1.62e-11
JAI32321.1	N/A	1.64e-11
LAB30437.1	N/A	1.67e-11
AFE70091.1	N/A	1.75e-11
JAK25373.1	N/A	1.76e-11
MAA24899.1	N/A	1.77e-11
JAK25375.1	N/A	1.88e-11
MBY09549.1	N/A	1.89e-11
AEO33479.1	N/A	1.90e-11
AFJ70347.1	N/A	1.90e-11
NBJ57821.1	N/A	1.95e-11
HDC39969.1	N/A	1.95e-11
HDC42504.1	N/A	1.95e-11
JAR73435.1	N/A	1.97e-11
MOS20645.1	N/A	1.97e-11
JAB99527.1	N/A	2.05e-11
JAR68379.1	N/A	2.08e-11
JAG82968.1	N/A	2.09e-11
SBP73730.1	N/A	2.09e-11
JAV69110.1	N/A	2.10e-11
JAB97623.1	N/A	2.18e-11
SBR50002.1	N/A	2.29e-11
JAS24826.1	N/A	2.29e-11
SBR81371.1	N/A	2.31e-11
SBQ51400.1	N/A	2.38e-11
SBR84981.1	N/A	2.40e-11
JAK25374.1	N/A	2.40e-11
JAI27574.1	N/A	2.49e-11
JAQ73772.1	N/A	2.56e-11
JAJ31208.1	N/A	2.59e-11
MBY73807.1	N/A	2.60e-11
JAV97309.1	N/A	2.67e-11
HDC01211.1	N/A	2.68e-11
JAC00327.1	N/A	2.73e-11
JAQ35591.1	N/A	2.77e-11
AES03357.1	N/A	2.77e-11
JAQ99486.1	N/A	2.77e-11
JAO85816.1	N/A	3.01e-11
HDA58073.1	N/A	3.05e-11
LAC23065.1	N/A	3.34e-11
SBS48350.1	N/A	3.51e-11
HCZ81068.1	N/A	3.71e-11
SNX37469.1	N/A	3.89e-11
JAR69045.1	N/A	3.94e-11
HDA91480.1	N/A	4.09e-11
HCZ89033.1	N/A	4.15e-11
LAA77101.1	N/A	4.17e-11
SBR67229.1	N/A	4.30e-11
MOS18939.1	N/A	4.48e-11
SBQ52537.1	N/A	4.85e-11
MOS12705.1	N/A	4.87e-11
JAN51618.1	N/A	4.91e-11
JAQ44823.1	N/A	5.17e-11
JAC04103.1	N/A	5.30e-11
HCZ80792.1	N/A	5.35e-11
JAR48424.1	N/A	5.39e-11
JAC49114.1	N/A	5.39e-11
JAB19728.1	N/A	5.41e-11
JAR89192.1	N/A	5.45e-11
AHH39891.1	N/A	5.63e-11
SBP79062.1	N/A	5.63e-11
JAR90617.1	N/A	5.65e-11
JAN47594.1	N/A	5.68e-11
JAK94647.1	N/A	5.97e-11
JAV52395.1	N/A	6.25e-11
JAI32735.1	N/A	6.27e-11
AHH38367.1	N/A	6.27e-11
JAQ03891.1	N/A	6.35e-11
JAV52394.1	N/A	6.45e-11
JAB91246.1	N/A	6.50e-11
JAJ48118.1	N/A	6.60e-11
JAJ53571.1	N/A	6.87e-11
HDB55795.1	N/A	7.65e-11
JAW05697.1	N/A	7.98e-11
JAD12326.1	N/A	8.09e-11
JAR71557.1	N/A	8.26e-11
HDA90321.1	N/A	8.31e-11
CCP79190.1	N/A	8.31e-11
SBP55463.1	N/A	8.50e-11
JAG06945.1	N/A	8.59e-11
JAQ39883.1	N/A	8.88e-11
HDA50576.1	N/A	8.91e-11
SBQ64746.1	N/A	9.16e-11
JAG77469.1	N/A	9.30e-11
JAQ60563.1	N/A	9.38e-11
HDB82869.1	N/A	9.38e-11
JAT18935.1	N/A	9.56e-11
SBS56227.1	N/A	9.60e-11
JAC17791.1	N/A	1.07e-10
JAM41990.1	N/A	1.08e-10
JAG06946.1	N/A	1.09e-10
JAG79281.1	N/A	1.11e-10
JAB95869.1	N/A	1.12e-10
JAK27668.1	N/A	1.15e-10
MBY08962.1	N/A	1.18e-10
MDE50736.1	N/A	1.18e-10
MBY17770.1	N/A	1.20e-10
JAI85784.1	N/A	1.24e-10
JAK27670.1	N/A	1.27e-10
JAO03619.1	N/A	1.27e-10
JAK27669.1	N/A	1.27e-10
HCZ92842.1	N/A	1.30e-10
JAM92150.1	N/A	1.30e-10
JAO96207.1	N/A	1.31e-10
MBY69687.1	N/A	1.34e-10
JAQ33715.1	N/A	1.35e-10
JAV06715.1	N/A	1.36e-10
JAO01627.1	N/A	1.38e-10
CCP82651.1	N/A	1.40e-10
JAV46837.1	N/A	1.42e-10
JAN15477.1	N/A	1.46e-10
JAN75262.1	N/A	1.47e-10
JAB73895.1	N/A	1.57e-10
JAS38296.1	N/A	1.58e-10
SBS02599.1	N/A	1.61e-10
SBR60318.1	N/A	1.61e-10
JAJ97865.1	N/A	1.62e-10
JAJ66796.1	N/A	1.63e-10
JAM75107.1	N/A	1.64e-10
JAR84196.1	N/A	1.70e-10
SBP55785.1	N/A	1.72e-10
JAJ71056.1	N/A	1.72e-10
JAK95194.1	N/A	1.73e-10
SBP16131.1	N/A	1.75e-10
SBR06358.1	N/A	1.75e-10
JAR33371.1	N/A	1.76e-10
JAL74195.1	N/A	1.76e-10
JAK34278.1	N/A	1.90e-10
HDA99982.1	N/A	1.91e-10
SBP80126.1	N/A	1.93e-10
SBP27079.1	N/A	1.95e-10
SBR94558.1	N/A	1.98e-10
SBP21010.1	N/A	2.01e-10
SBP03955.1	N/A	2.11e-10
SBS50659.1	N/A	2.15e-10
SBQ32802.1	N/A	2.21e-10
SBR20949.1	N/A	2.31e-10
SBP50525.1	N/A	2.36e-10
JAR11380.1	N/A	2.42e-10
SBQ87056.1	N/A	2.45e-10
JAV65880.1	N/A	2.48e-10
SBP01490.1	N/A	2.52e-10
SBR41674.1	N/A	2.57e-10
JAN57017.1	N/A	2.60e-10
SBP53518.1	N/A	2.61e-10
HDA93780.1	N/A	2.61e-10
JAC04794.1	N/A	2.62e-10
JAN15470.1	N/A	2.62e-10
LAA12278.1	N/A	2.63e-10
SBS11652.1	N/A	2.63e-10
JAJ87970.1	N/A	2.67e-10
SBP44518.1	N/A	2.70e-10
SBR23657.1	N/A	2.72e-10
SBS13350.1	N/A	2.73e-10
JAL83636.1	N/A	2.78e-10
JAQ30671.1	N/A	2.94e-10
JAQ47950.1	N/A	3.02e-10
JAR49723.1	N/A	3.09e-10
HDA55003.1	N/A	3.17e-10
MOS09006.1	N/A	3.19e-10
JAO02587.1	N/A	3.25e-10
SBQ66378.1	N/A	3.37e-10
JAO98042.1	N/A	3.38e-10
CDG71483.1	N/A	3.39e-10
JAM65804.1	N/A	3.46e-10
JAO85815.1	N/A	3.52e-10
JAM65805.1	N/A	3.52e-10
SBQ72742.1	N/A	3.53e-10
SBP57042.1	N/A	3.60e-10
SBP16423.1	N/A	3.69e-10
JAK08738.1	N/A	3.74e-10
SBP75113.1	N/A	3.80e-10
SBR32637.1	N/A	3.81e-10
JAB56298.1	N/A	3.84e-10
JAS10587.1	N/A	3.97e-10
AEO33492.1	N/A	3.98e-10
JAR81482.1	N/A	4.00e-10
JAS65980.1	N/A	4.07e-10
JAC97870.1	N/A	4.09e-10
JAO98369.1	N/A	4.13e-10
JAV18891.1	N/A	4.21e-10
JAJ90816.1	N/A	4.33e-10
MOS19879.1	N/A	4.37e-10
JAQ35682.1	N/A	4.37e-10
JAM07544.1	N/A	4.37e-10
SBS42630.1	N/A	4.41e-10
SBR99089.1	N/A	4.43e-10
MBY30940.1	N/A	4.45e-10
JAO97582.1	N/A	4.47e-10
JAN81736.1	N/A	4.48e-10
HCZ74714.1	N/A	4.50e-10
MBW17489.1	N/A	4.55e-10
MOS13827.1	N/A	4.57e-10
SBR61250.1	N/A	4.59e-10
JAI19884.1	N/A	4.72e-10
SBQ32144.1	N/A	4.82e-10
HCZ89114.1	N/A	4.91e-10
JAO85817.1	N/A	4.99e-10
JAR74413.1	N/A	5.01e-10
MCH29436.1	N/A	5.08e-10
JAN75793.1	N/A	5.17e-10
SBP27671.1	N/A	5.23e-10
SBP28266.1	N/A	5.39e-10
SBP42007.1	N/A	5.40e-10
SBP16234.1	N/A	5.45e-10
SBR85897.1	N/A	5.50e-10
SBQ54881.1	N/A	5.57e-10
JAI87572.1	N/A	5.66e-10
SBS18971.1	N/A	5.69e-10
JAI36795.1	N/A	5.71e-10
ADY47194.1	N/A	5.78e-10
SBQ52872.1	N/A	5.92e-10
SBR57283.1	N/A	5.95e-10
JAK38889.1	N/A	5.98e-10
MOS20148.1	N/A	6.05e-10
MOS20529.1	N/A	6.15e-10
JAI59581.1	N/A	6.31e-10
JAL63914.1	N/A	6.42e-10
LAA06154.1	N/A	6.52e-10
MBW14112.1	N/A	6.67e-10
JAK81505.1	N/A	7.15e-10
SBR41207.1	N/A	7.27e-10
JAV06791.1	N/A	7.50e-10
JAI79993.1	N/A	7.63e-10
SBR00204.1	N/A	7.67e-10
MOS18675.1	N/A	7.71e-10
AHH38970.1	N/A	7.80e-10
SBP21419.1	N/A	8.10e-10
JAI63615.1	N/A	8.17e-10
SBP40770.1	N/A	8.20e-10
SBP40583.1	N/A	8.37e-10
JAQ83880.1	N/A	8.60e-10
SBQ55748.1	N/A	8.66e-10
JAL44302.1	N/A	8.76e-10
SBQ65642.1	N/A	8.79e-10
MXU95173.1	N/A	9.10e-10
JAG67239.1	N/A	9.20e-10
MOS22315.1	N/A	9.24e-10
SBR53672.1	N/A	9.46e-10
MOS20260.1	N/A	9.61e-10
JAR58351.1	N/A	9.69e-10
SBS40766.1	N/A	9.71e-10
SBR83072.1	N/A	9.84e-10
JAV97099.1	N/A	1.01e-09
JAB19591.1	N/A	1.02e-09
HDA59568.1	N/A	1.05e-09
MBY84856.1	N/A	1.06e-09
SBR80513.1	N/A	1.07e-09
AFJ70506.1	N/A	1.09e-09
JAN23723.1	N/A	1.11e-09
SBQ55399.1	N/A	1.12e-09
SBQ80781.1	N/A	1.13e-09
SBP79751.1	N/A	1.16e-09
JAQ70295.1	N/A	1.16e-09
JAU01058.1	N/A	1.19e-09
SBR77697.1	N/A	1.20e-09
MBY83219.1	N/A	1.20e-09
AHH40323.1	N/A	1.21e-09
JAI33710.1	N/A	1.23e-09
SBQ41695.1	N/A	1.27e-09
MBY12234.1	N/A	1.27e-09
NBJ59648.1	N/A	1.35e-09
SBP69341.1	N/A	1.35e-09
SBP09273.1	N/A	1.36e-09
JAA13963.1	N/A	1.38e-09
CCP72308.1	N/A	1.40e-09
HDC63942.1	N/A	1.40e-09
SBP48442.1	N/A	1.40e-09
JAL76215.1	N/A	1.43e-09
HCZ75588.1	N/A	1.44e-09
JAT33217.1	N/A	1.44e-09
JAS75243.1	N/A	1.44e-09
SBR91062.1	N/A	1.46e-09
AFE64852.1	N/A	1.51e-09
JAQ74031.1	N/A	1.53e-09
HDA49590.1	N/A	1.54e-09
JAN99066.1	N/A	1.56e-09
SBR45765.1	N/A	1.58e-09
SBP02457.1	N/A	1.59e-09
HDA66513.1	N/A	1.59e-09
JAN47417.1	N/A	1.62e-09
JAT09603.1	N/A	1.63e-09
HDA47229.1	N/A	1.66e-09
SBP40349.1	N/A	1.69e-09
JAP66026.1	N/A	1.69e-09
SBQ98657.1	N/A	1.73e-09
SBR21486.1	N/A	1.74e-09
HDA47972.1	N/A	1.81e-09
MBY31418.1	N/A	1.86e-09
JAO59308.1	N/A	1.88e-09
JAQ72948.1	N/A	1.90e-09
AFP62392.1	N/A	1.96e-09
JAD02197.1	N/A	2.03e-09
JAM36426.1	N/A	2.08e-09
MBY05581.1	N/A	2.09e-09
SBQ57163.1	N/A	2.15e-09
JAI79384.1	N/A	2.24e-09
JAS35066.1	N/A	2.43e-09
SBP48232.1	N/A	2.53e-09
JAI63616.1	N/A	2.56e-09
JAA52346.1	N/A	2.56e-09
MBY79896.1	N/A	2.57e-09
JAR57904.1	N/A	2.65e-09
JAA52347.1	N/A	2.67e-09
SBR41600.1	N/A	2.70e-09
JAA92964.1	N/A	2.78e-09
JAK50438.1	N/A	2.82e-09
AHH39612.1	N/A	2.88e-09
JAV42607.1	N/A	2.90e-09
SBQ49564.1	N/A	2.94e-09
JAQ82397.1	N/A	2.97e-09
JAC41019.1	N/A	3.02e-09
JAN44786.1	N/A	3.03e-09
JAC51803.1	N/A	3.11e-09
SBR73637.1	N/A	3.15e-09
JAR63632.1	N/A	3.30e-09
HCZ92250.1	N/A	3.32e-09
JAI27639.1	N/A	3.33e-09
HDA56455.1	N/A	3.35e-09
JAJ15074.1	N/A	3.37e-09
JAN00187.1	N/A	3.40e-09
JAR34346.1	N/A	3.46e-09
JAN57519.1	N/A	3.51e-09
HDB22536.1	N/A	3.51e-09
JAS91220.1	N/A	3.51e-09
JAD12726.1	N/A	3.55e-09
JAM17924.1	N/A	3.62e-09
JAA93014.1	N/A	3.64e-09
HDC72307.1	N/A	3.65e-09
JAR74794.1	N/A	3.68e-09
HDB73378.1	N/A	3.68e-09
JAR66544.1	N/A	3.68e-09
JAI50577.1	N/A	3.71e-09
SBQ80219.1	N/A	3.73e-09
HCZ74555.1	N/A	3.76e-09
SBP40482.1	N/A	3.93e-09
SBR21269.1	N/A	3.96e-09
HDA81127.1	N/A	4.13e-09
JAR34344.1	N/A	4.13e-09
MBY17891.1	N/A	4.16e-09
JAS39693.1	N/A	4.21e-09
HDB66889.1	N/A	4.22e-09
JAI38837.1	N/A	4.28e-09
SBR67796.1	N/A	4.30e-09
MOS13806.1	N/A	4.31e-09
ADY45970.1	N/A	4.33e-09
JAB15881.1	N/A	4.35e-09
JAR34345.1	N/A	4.42e-09
MDE51794.1	N/A	4.50e-09
HDC53065.1	N/A	4.59e-09
HDB75497.1	N/A	4.72e-09
JAS95534.1	N/A	4.74e-09
JAB29699.1	N/A	4.92e-09
JAJ18644.1	N/A	4.95e-09
LAA57440.1	N/A	4.95e-09
JAI44005.1	N/A	4.97e-09
JAR34343.1	N/A	5.01e-09
HDB44571.1	N/A	5.02e-09
JAQ79229.1	N/A	5.08e-09
JAR67271.1	N/A	5.36e-09
JAR82184.1	N/A	5.40e-09
SBQ65019.1	N/A	5.44e-09
HCZ74647.1	N/A	5.54e-09
CCP83092.1	N/A	5.67e-09
HCZ84288.1	N/A	5.67e-09
JAO53179.1	N/A	5.73e-09
JAB03052.1	N/A	5.85e-09
JAQ98947.1	N/A	5.91e-09
JAB31086.1	N/A	6.00e-09
MOS18716.1	N/A	6.02e-09
SBP19705.1	N/A	6.02e-09
SBR58138.1	N/A	6.10e-09
MBY15233.1	N/A	6.37e-09
SBQ52455.1	N/A	6.46e-09
JAK54258.1	N/A	6.47e-09
JAT94931.1	N/A	6.55e-09
JAR34342.1	N/A	6.89e-09
JAJ21809.1	N/A	6.95e-09
JAR82245.1	N/A	6.98e-09
HCZ75185.1	N/A	7.16e-09
MDE50561.1	N/A	7.17e-09
JAJ25602.1	N/A	7.17e-09
JAT35722.1	N/A	7.22e-09
JAR82620.1	N/A	7.22e-09
JAI31259.1	N/A	7.23e-09
SBP26693.1	N/A	7.33e-09
JAN82539.1	N/A	7.41e-09
JAN95972.1	N/A	7.45e-09
JAV42854.1	N/A	7.80e-09
SBS00716.1	N/A	7.87e-09
CCP84781.1	N/A	8.02e-09
SBP13946.1	N/A	8.02e-09
JAP82291.1	N/A	8.34e-09
AFJ50693.1	N/A	8.35e-09
JAR85703.1	N/A	8.46e-09
JAB26732.1	N/A	8.48e-09
HCZ79232.1	N/A	8.49e-09
JAK33089.1	N/A	8.55e-09
JAQ37290.1	N/A	8.68e-09
JAR74414.1	N/A	8.80e-09
JAR12762.1	N/A	9.08e-09
SBP74070.1	N/A	9.09e-09
MBW19467.1	N/A	9.37e-09
JAB97683.1	N/A	9.60e-09
HDA71699.1	N/A	9.62e-09
JAL48722.1	N/A	9.65e-09
SBP65488.1	N/A	9.68e-09
MOS16332.1	N/A	9.68e-09
LAC45214.1	N/A	9.71e-09
JAQ42583.1	N/A	9.72e-09
MBY15495.1	N/A	9.88e-09
JAV06614.1	N/A	1.00e-08
HDC15090.1	N/A	1.01e-08
SBP73891.1	N/A	1.01e-08
LAA66972.1	N/A	1.04e-08
HCZ74816.1	N/A	1.05e-08
JAA07346.1	N/A	1.09e-08
JAS72680.1	N/A	1.09e-08
HDA78711.1	N/A	1.14e-08
CCP79855.1	N/A	1.17e-08
HCZ91732.1	N/A	1.17e-08
SBP51404.1	N/A	1.23e-08
SBP02964.1	N/A	1.25e-08
AHH40630.1	N/A	1.28e-08
JAF98610.1	N/A	1.29e-08
JAK57752.1	N/A	1.29e-08
MBY08568.1	N/A	1.30e-08
HDA84549.1	N/A	1.31e-08
JAB95720.1	N/A	1.31e-08
JAL39525.1	N/A	1.31e-08
SBR92754.1	N/A	1.31e-08
JAG80788.1	N/A	1.32e-08
JAJ01267.1	N/A	1.32e-08
JAL86063.1	N/A	1.32e-08
JAC41021.1	N/A	1.32e-08
ADY46424.1	N/A	1.33e-08
JAR58350.1	N/A	1.36e-08
JAI33667.1	N/A	1.37e-08
JAS76363.1	N/A	1.39e-08
SBP52027.1	N/A	1.39e-08
JAG71737.1	N/A	1.40e-08
HDB74108.1	N/A	1.41e-08
SBQ62812.1	N/A	1.42e-08
SBQ57773.1	N/A	1.42e-08
JAS69944.1	N/A	1.43e-08
SBQ34827.1	N/A	1.44e-08
JAR81152.1	N/A	1.47e-08
SBQ97958.1	N/A	1.50e-08
SBP58580.1	N/A	1.51e-08
CCP81273.1	N/A	1.52e-08
SBR57879.1	N/A	1.58e-08
JAL32287.1	N/A	1.62e-08
JAV06613.1	N/A	1.67e-08
MBY12726.1	N/A	1.70e-08
AHH39108.1	N/A	1.71e-08
AHH39746.1	N/A	1.71e-08
JAM17758.1	N/A	1.72e-08
MOS19708.1	N/A	1.75e-08
HDA46616.1	N/A	1.76e-08
SBP67811.1	N/A	1.78e-08
HDB72995.1	N/A	1.84e-08
SBR79334.1	N/A	1.85e-08
SBQ37569.1	N/A	1.86e-08
JAQ36435.1	N/A	1.89e-08
JAV66744.1	N/A	1.91e-08
AES06021.1	N/A	1.91e-08
SBP79639.1	N/A	1.91e-08
SBP14306.1	N/A	1.91e-08
SBP20311.1	N/A	1.93e-08
MOS20070.1	N/A	1.93e-08
SBR44746.1	N/A	1.93e-08
SBP01414.1	N/A	1.95e-08
SBP51598.1	N/A	1.95e-08
AFJ70340.1	N/A	1.96e-08
SBP48336.1	N/A	2.01e-08
MOS20072.1	N/A	2.04e-08
JAC51623.1	N/A	2.09e-08
SBR42915.1	N/A	2.09e-08
SBP27320.1	N/A	2.13e-08
AFE68441.1	N/A	2.15e-08
SBR09686.1	N/A	2.19e-08
JAC59320.1	N/A	2.21e-08
JAA34344.1	N/A	2.23e-08
JAA57074.1	N/A	2.24e-08
JAB89624.1	N/A	2.25e-08
MAA26358.1	N/A	2.31e-08
JAR90568.1	N/A	2.35e-08
SBP18445.1	N/A	2.36e-08
JAB99823.1	N/A	2.36e-08
JAC16120.1	N/A	2.41e-08
JAB95611.1	N/A	2.48e-08
AHH40004.1	N/A	2.50e-08
MOS16971.1	N/A	2.57e-08
MOS22527.1	N/A	2.67e-08
JAK55859.1	N/A	2.70e-08
SBQ67497.1	N/A	2.71e-08
JAN99351.1	N/A	2.74e-08
SBP08961.1	N/A	2.81e-08
JAC59322.1	N/A	2.86e-08
MOS19293.1	N/A	2.95e-08
SBP50245.1	N/A	3.00e-08
JAN56562.1	N/A	3.11e-08
JAM15808.1	N/A	3.12e-08
SBP26683.1	N/A	3.13e-08
SBQ94500.1	N/A	3.15e-08
JAQ36031.1	N/A	3.15e-08
MAA21134.1	N/A	3.18e-08
JAN34175.1	N/A	3.19e-08
JAI52455.1	N/A	3.22e-08
SBQ61578.1	N/A	3.24e-08
SBP46754.1	N/A	3.24e-08
JAM29031.1	N/A	3.29e-08
SBP74510.1	N/A	3.29e-08
JAG72747.1	N/A	3.31e-08
SBP71788.1	N/A	3.32e-08
HCZ87344.1	N/A	3.36e-08
JAK64915.1	N/A	3.39e-08
JAP66986.1	N/A	3.39e-08
JAQ73716.1	N/A	3.43e-08
JAP77327.1	N/A	3.55e-08
HDA93468.1	N/A	3.55e-08
JAA19498.1	N/A	3.56e-08
SBP03571.1	N/A	3.64e-08
JAK25635.1	N/A	3.66e-08
JAA62828.1	N/A	3.66e-08
MDE50568.1	N/A	3.71e-08
JAM32867.1	N/A	3.90e-08
JAN32550.1	N/A	3.98e-08
JAL44442.1	N/A	4.01e-08
JAM07619.1	N/A	4.04e-08
JAN60065.1	N/A	4.07e-08
JAK07575.1	N/A	4.07e-08
MOS19138.1	N/A	4.08e-08
JAA62979.1	N/A	4.11e-08
JAN30902.1	N/A	4.13e-08
JAL76831.1	N/A	4.17e-08
JAA74417.1	N/A	4.19e-08
JAQ88988.1	N/A	4.23e-08
JAD01818.1	N/A	4.27e-08
MBW35313.1	N/A	4.34e-08
JAG67328.1	N/A	4.36e-08
JAP58756.1	N/A	4.37e-08
JAK62119.1	N/A	4.40e-08
JAL79568.1	N/A	4.40e-08
JAJ65310.1	N/A	4.49e-08
JAJ56160.1	N/A	4.51e-08
JAN96036.1	N/A	4.53e-08
JAJ02174.1	N/A	4.58e-08
AFJ51503.1	N/A	4.65e-08
JAB26731.1	N/A	4.65e-08
JAM81489.1	N/A	4.69e-08
JAK85956.1	N/A	4.70e-08
JAK50428.1	N/A	4.70e-08
JAB99735.1	N/A	4.72e-08
MBW35307.1	N/A	4.80e-08
BAU20256.1	N/A	4.81e-08
JAM06432.1	N/A	4.82e-08
JAK97654.1	N/A	4.86e-08
HDA54736.1	N/A	4.86e-08
JAM49860.1	N/A	4.92e-08
JAA53527.1	N/A	4.93e-08
JAQ42449.1	N/A	4.94e-08
SBS55789.1	N/A	4.96e-08
JAN03632.1	N/A	4.96e-08
SBS05572.1	N/A	4.99e-08
SBR68252.1	N/A	5.03e-08
JAI91359.1	N/A	5.03e-08
SBR75737.1	N/A	5.08e-08
JAD01894.1	N/A	5.09e-08
JAN89659.1	N/A	5.11e-08
SBP55066.1	N/A	5.12e-08
LAC41074.1	N/A	5.14e-08
JAN79433.1	N/A	5.26e-08
SBR85071.1	N/A	5.26e-08
JAG78630.1	N/A	5.28e-08
SBP06135.1	N/A	5.36e-08
CDG71962.1	N/A	5.37e-08
JAM63885.1	N/A	5.43e-08
HDC12483.1	N/A	5.46e-08
JAV42563.1	N/A	5.49e-08
MOS18279.1	N/A	5.53e-08
JAS07256.1	N/A	5.59e-08
JAC85145.1	N/A	5.74e-08
SBP16514.1	N/A	5.75e-08
MBY79937.1	N/A	5.81e-08
SBQ47654.1	N/A	5.81e-08
JAO05021.1	N/A	5.87e-08
SBP45895.1	N/A	5.98e-08
MOS21884.1	N/A	6.09e-08
JAQ56962.1	N/A	6.20e-08
JAO40529.1	N/A	6.35e-08
JAG84498.1	N/A	6.44e-08
JAS43161.1	N/A	6.45e-08
JAM32883.1	N/A	6.48e-08
JAM32883.1	N/A	5.40e-07
AFE66178.1	N/A	6.52e-08
JAB14800.1	N/A	6.55e-08
JAQ53859.1	N/A	6.66e-08
JAB25700.1	N/A	6.67e-08
JAA09716.1	N/A	6.68e-08
LAC43347.1	N/A	6.74e-08
SBP21180.1	N/A	6.81e-08
JAC16708.1	N/A	6.81e-08
SBP06228.1	N/A	6.86e-08
HDC53269.1	N/A	6.94e-08
JAM06431.1	N/A	7.24e-08
JAN83336.1	N/A	7.40e-08
JAN83336.1	N/A	1.15e-06
CDW20867.1	N/A	7.53e-08
JAB19798.1	N/A	7.58e-08
MOS27599.1	N/A	7.58e-08
JAK93508.1	N/A	7.63e-08
JAQ77980.1	N/A	7.69e-08
JAT14206.1	N/A	7.92e-08
JAL36258.1	N/A	8.02e-08
JAQ80686.1	N/A	8.14e-08
HDC12848.1	N/A	8.22e-08
SBP44049.1	N/A	8.23e-08
JAI81635.1	N/A	8.26e-08
SBP71420.1	N/A	8.32e-08
AFE68193.1	N/A	8.52e-08
JAJ31034.1	N/A	8.52e-08
JAN99535.1	N/A	8.62e-08
MAA38671.1	N/A	8.71e-08
ADY44716.1	N/A	8.75e-08
JAR74776.1	N/A	8.80e-08
JAR89690.1	N/A	8.86e-08
JAD00131.1	N/A	9.26e-08
JAG31130.1	N/A	9.26e-08
SBP80755.1	N/A	9.33e-08
ADY46141.1	N/A	9.38e-08
SBP10081.1	N/A	9.40e-08
MOS22205.1	N/A	1.03e-07
SBP63844.1	N/A	1.04e-07
JAR16194.1	N/A	1.07e-07
JAR62785.1	N/A	1.07e-07
CDW29551.1	N/A	1.08e-07
JAQ31759.1	N/A	1.08e-07
JAC99878.1	N/A	1.09e-07
HDA50395.1	N/A	1.13e-07
MOS20171.1	N/A	1.14e-07
HCZ86615.1	N/A	1.15e-07
JAM62403.1	N/A	1.15e-07
HDB29001.1	N/A	1.16e-07
LAC25150.1	N/A	1.16e-07
JAD06162.1	N/A	1.17e-07
SBQ57559.1	N/A	1.18e-07
SBP04755.1	N/A	1.21e-07
HDB02765.1	N/A	1.21e-07
HDB33137.1	N/A	1.22e-07
MOS21394.1	N/A	1.22e-07
MDE45009.1	N/A	1.22e-07
JAC01768.1	N/A	1.23e-07
HDC31981.1	N/A	1.24e-07
JAJ02369.1	N/A	1.24e-07
JAR68539.1	N/A	1.27e-07
HDA88341.1	N/A	1.30e-07
SBR91909.1	N/A	1.30e-07
JAQ41429.1	N/A	1.31e-07
JAL83844.1	N/A	1.34e-07
JAK10028.1	N/A	1.34e-07
JAS41664.1	N/A	1.35e-07
JAS45413.1	N/A	1.35e-07
LAB70966.1	N/A	1.35e-07
JAC59336.1	N/A	1.35e-07
SBP16021.1	N/A	1.35e-07
JAT06727.1	N/A	1.36e-07
JAK77359.1	N/A	1.37e-07
HCZ90109.1	N/A	1.39e-07
JAK47382.1	N/A	1.39e-07
HDA58072.1	N/A	1.40e-07
AHH37375.1	N/A	1.43e-07
JAR78155.1	N/A	1.43e-07
SBP71945.1	N/A	1.43e-07
MBW66226.1	N/A	1.44e-07
HDB30562.1	N/A	1.45e-07
MOS18180.1	N/A	1.48e-07
JAM76355.1	N/A	1.49e-07
JAT80028.1	N/A	1.49e-07
JAK21428.1	N/A	1.51e-07
JAQ73712.1	N/A	1.51e-07
MBY20487.1	N/A	1.53e-07
HDC22368.1	N/A	1.61e-07
MBW66444.1	N/A	1.63e-07
HDB42719.1	N/A	1.63e-07
HCZ89219.1	N/A	1.65e-07
JAL18491.1	N/A	1.65e-07
JAQ20986.1	N/A	1.66e-07
JAJ11765.1	N/A	1.69e-07
JAR84546.1	N/A	1.69e-07
SBR73153.1	N/A	1.71e-07
SBR85617.1	N/A	1.77e-07
SBP59344.1	N/A	1.77e-07
JAR86133.1	N/A	1.78e-07
JAJ27933.1	N/A	1.78e-07
JAS12641.1	N/A	1.80e-07
SBR30040.1	N/A	1.85e-07
AHH38284.1	N/A	1.87e-07
JAM48215.1	N/A	1.88e-07
SBP50049.1	N/A	1.88e-07
CDG70963.1	N/A	1.92e-07
JAC41486.1	N/A	1.94e-07
SBQ47819.1	N/A	1.95e-07
JAQ13544.1	N/A	1.95e-07
JAI74472.1	N/A	1.97e-07
JAG65756.1	N/A	2.06e-07
JAS16114.1	N/A	2.06e-07
MOS21508.1	N/A	2.06e-07
JAJ58007.1	N/A	2.12e-07
MDE46848.1	N/A	2.13e-07
JAN73548.1	N/A	2.15e-07
JAM08730.1	N/A	2.16e-07
SBR02860.1	N/A	2.16e-07
SBP02681.1	N/A	2.16e-07
JAO02794.1	N/A	2.19e-07
JAL04052.1	N/A	2.21e-07
JAQ39088.1	N/A	2.22e-07
JAT21439.1	N/A	2.26e-07
JAL06911.1	N/A	2.28e-07
AHH38362.1	N/A	2.29e-07
JAB23847.1	N/A	2.31e-07
MBW66445.1	N/A	2.31e-07
SBP56079.1	N/A	2.33e-07
SBP18472.1	N/A	2.38e-07
JAK45504.1	N/A	2.39e-07
HCZ78196.1	N/A	2.47e-07
CCP75893.1	N/A	2.48e-07
JAL51350.1	N/A	2.48e-07
AFO98064.1	N/A	2.50e-07
JAS28171.1	N/A	2.52e-07
JAL58094.1	N/A	2.54e-07
MDE52375.1	N/A	2.54e-07
JAG71682.1	N/A	2.56e-07
JAO55550.1	N/A	2.57e-07
MOS14933.1	N/A	2.58e-07
JAK88564.1	N/A	2.59e-07
JAR85488.1	N/A	2.60e-07
JAC19983.1	N/A	2.60e-07
JAO52924.1	N/A	2.66e-07
JAV72092.1	N/A	2.67e-07
JAG82360.1	N/A	2.68e-07
JAI53178.1	N/A	2.68e-07
CDW18859.1	N/A	2.72e-07
MBY83595.1	N/A	2.74e-07
SBQ97697.1	N/A	2.74e-07
SBP24349.1	N/A	2.77e-07
JAS30844.1	N/A	2.78e-07
SBS01918.1	N/A	2.79e-07
SBP22077.1	N/A	2.81e-07
SBP41035.1	N/A	2.81e-07
SBQ52033.1	N/A	2.84e-07
SBR53839.1	N/A	2.86e-07
JAL41889.1	N/A	2.87e-07
SBQ56326.1	N/A	2.88e-07
SBR43995.1	N/A	2.89e-07
SBR67927.1	N/A	2.90e-07
JAS34543.1	N/A	2.90e-07
JAO87427.1	N/A	2.91e-07
SBS51057.1	N/A	2.93e-07
SBP71633.1	N/A	2.95e-07
JAV84382.1	N/A	2.97e-07
JAP64472.1	N/A	3.00e-07
SBQ46685.1	N/A	3.06e-07
SBQ79166.1	N/A	3.06e-07
JAS08840.1	N/A	3.13e-07
JAI04112.1	N/A	3.14e-07
JAD10261.1	N/A	3.15e-07
MBY14393.1	N/A	3.16e-07
SBR83403.1	N/A	3.16e-07
SBP45430.1	N/A	3.21e-07
JAT93661.1	N/A	3.26e-07
JAS87547.1	N/A	3.31e-07
MOS18566.1	N/A	3.33e-07
SBS02800.1	N/A	3.35e-07
MCH74635.1	N/A	3.36e-07
SBQ51955.1	N/A	3.36e-07
JAR12763.1	N/A	3.36e-07
SBR28486.1	N/A	3.39e-07
JAS40619.1	N/A	3.43e-07
JAK76537.1	N/A	3.43e-07
JAN48742.1	N/A	3.43e-07
LAA09721.1	N/A	3.43e-07
JAN48743.1	N/A	3.46e-07
JAL66698.1	N/A	3.48e-07
JAJ20341.1	N/A	3.48e-07
JAL80799.1	N/A	3.48e-07
CDG70911.1	N/A	3.54e-07
SBP44102.1	N/A	3.55e-07
SBR07031.1	N/A	3.57e-07
JAK35335.1	N/A	3.63e-07
AER93815.1	N/A	3.69e-07
MBY83837.1	N/A	3.71e-07
SBR01318.1	N/A	3.74e-07
JAQ57560.1	N/A	3.74e-07
JAN94411.1	N/A	3.77e-07
JAV51313.1	N/A	3.81e-07
SBQ91352.1	N/A	3.81e-07
JAO00576.1	N/A	3.82e-07
JAR67306.1	N/A	3.83e-07
AHH39129.1	N/A	3.84e-07
JAW00998.1	N/A	3.85e-07
JAA97833.1	N/A	3.87e-07
MOS21434.1	N/A	4.05e-07
SBQ95497.1	N/A	4.08e-07
MBY16277.1	N/A	4.22e-07
SBP44742.1	N/A	4.24e-07
MOS20095.1	N/A	4.27e-07
JAQ48040.1	N/A	4.28e-07
SBP84414.1	N/A	4.29e-07
SBP59824.1	N/A	4.29e-07
SBP24471.1	N/A	4.31e-07
JAR83587.1	N/A	4.35e-07
JAK38787.1	N/A	4.40e-07
JAM40538.1	N/A	4.43e-07
JAI27049.1	N/A	4.45e-07
JAB23500.1	N/A	4.51e-07
JAR70742.1	N/A	4.55e-07
SBP21902.1	N/A	4.68e-07
JAG78860.1	N/A	4.70e-07
JAI64079.1	N/A	4.77e-07
JAR73169.1	N/A	4.85e-07
SBP20921.1	N/A	4.91e-07
JAK15541.1	N/A	4.92e-07
JAR72152.1	N/A	4.94e-07
SBP65950.1	N/A	5.14e-07
JAG78599.1	N/A	5.15e-07
JAS47349.1	N/A	5.28e-07
JAR80398.1	N/A	5.30e-07
MOS20514.1	N/A	5.34e-07
HDC71315.1	N/A	5.36e-07
JAI81976.1	N/A	5.40e-07
MBW54916.1	N/A	5.41e-07
JAL27115.1	N/A	5.53e-07
MBW54917.1	N/A	5.56e-07
SBP51726.1	N/A	5.59e-07
JAB53286.1	N/A	5.61e-07
LAB32706.1	N/A	5.66e-07
JAQ42152.1	N/A	5.66e-07
MBY29875.1	N/A	5.67e-07
JAS36439.1	N/A	5.71e-07
MOS21346.1	N/A	5.75e-07
CDG71456.1	N/A	5.81e-07
JAI81988.1	N/A	5.96e-07
JAD13094.1	N/A	6.09e-07
JAB89849.1	N/A	6.09e-07
JAO87428.1	N/A	6.13e-07
SBQ98851.1	N/A	6.13e-07
LAB72039.1	N/A	6.15e-07
JAQ57686.1	N/A	6.18e-07
CCP76155.1	N/A	6.49e-07
MBY75825.1	N/A	6.56e-07
JAR82633.1	N/A	6.58e-07
MOS19162.1	N/A	6.75e-07
JAN93107.1	N/A	6.78e-07
JAM96947.1	N/A	6.96e-07
JAR70253.1	N/A	6.97e-07
SBP45269.1	N/A	7.00e-07
JAP80296.1	N/A	7.01e-07
SBQ63372.1	N/A	7.17e-07
CCP84381.1	N/A	7.25e-07
JAV34440.1	N/A	7.26e-07
JAT81236.1	N/A	7.32e-07
SBP25405.1	N/A	7.37e-07
MBW17876.1	N/A	7.45e-07
MBY13025.1	N/A	7.49e-07
AHH39611.1	N/A	7.51e-07
SBP42208.1	N/A	7.53e-07
JAQ44537.1	N/A	7.53e-07
SBR24127.1	N/A	7.54e-07
MBW25760.1	N/A	7.55e-07
JAG82274.1	N/A	7.59e-07
JAT00137.1	N/A	7.68e-07
JAR79699.1	N/A	7.76e-07
SBQ44232.1	N/A	7.78e-07
JAR21079.1	N/A	7.79e-07
JAQ97750.1	N/A	7.81e-07
MBX96308.1	N/A	7.90e-07
JAQ23356.1	N/A	7.99e-07
SBR62046.1	N/A	8.02e-07
HDC51944.1	N/A	8.05e-07
MBW14850.1	N/A	8.12e-07
AER96875.1	N/A	8.23e-07
JAK91707.1	N/A	8.42e-07
JAR75170.1	N/A	8.43e-07
SBR70389.1	N/A	8.46e-07
JAQ35974.1	N/A	8.49e-07
SBS46984.1	N/A	8.52e-07
SBP76149.1	N/A	8.52e-07
JAR55569.1	N/A	8.53e-07
JAI24006.1	N/A	8.56e-07
AHH40690.1	N/A	8.67e-07
JAL30537.1	N/A	8.67e-07
JAI41958.1	N/A	8.69e-07
JAJ55968.1	N/A	8.69e-07
MBW54595.1	N/A	8.74e-07
JAO40530.1	N/A	8.75e-07
MBY06177.1	N/A	8.80e-07
JAW05674.1	N/A	9.17e-07
JAA62960.1	N/A	9.19e-07
MOS20633.1	N/A	9.23e-07
AHH40936.1	N/A	9.23e-07
JAM36471.1	N/A	9.36e-07
JAM36471.1	N/A	5.43e-06
JAR53086.1	N/A	9.41e-07
JAN62672.1	N/A	9.43e-07
JAQ71824.1	N/A	9.45e-07
SBR49400.1	N/A	9.55e-07
SBR42722.1	N/A	9.98e-07
JAV52401.1	N/A	1.00e-06
MDE51743.1	N/A	1.02e-06
JAQ69080.1	N/A	1.03e-06
JAI10309.1	N/A	1.03e-06
JAC57004.1	N/A	1.04e-06
AFE64307.1	N/A	1.05e-06
CCP72322.1	N/A	1.06e-06
MOS21231.1	N/A	1.06e-06
JAN15663.1	N/A	1.07e-06
JAB17015.1	N/A	1.07e-06
SBR71366.1	N/A	1.10e-06
CDG70405.1	N/A	1.12e-06
JAD05118.1	N/A	1.13e-06
SBP73226.1	N/A	1.14e-06
JAM77007.1	N/A	1.15e-06
JAO49674.1	N/A	1.15e-06
LAB67710.1	N/A	1.17e-06
JAS29637.1	N/A	1.17e-06
JAR47629.1	N/A	1.17e-06
SBR38724.1	N/A	1.18e-06
JAR80325.1	N/A	1.18e-06
MOS18872.1	N/A	1.19e-06
JAK43175.1	N/A	1.20e-06
SBP45513.1	N/A	1.21e-06
MBY04147.1	N/A	1.25e-06
MOS15692.1	N/A	1.28e-06
AES05571.1	N/A	1.29e-06
JAJ52729.1	N/A	1.33e-06
MOS14411.1	N/A	1.36e-06
JAV43105.1	N/A	1.37e-06
JAI14417.1	N/A	1.37e-06
MDE51051.1	N/A	1.40e-06
SBR49324.1	N/A	1.40e-06
MBY79754.1	N/A	1.42e-06
JAL60353.1	N/A	1.42e-06
AFE66591.1	N/A	1.43e-06
JAR82277.1	N/A	1.43e-06
MOS18783.1	N/A	1.44e-06
SBQ54973.1	N/A	1.44e-06
JAS07154.1	N/A	1.44e-06
JAO97581.1	N/A	1.45e-06
JAC12301.1	N/A	1.46e-06
MOS10063.1	N/A	1.50e-06
JAT27580.1	N/A	1.55e-06
AHH37536.1	N/A	1.57e-06
SBP70920.1	N/A	1.58e-06
AFE66205.1	N/A	1.59e-06
CCP73594.1	N/A	1.60e-06
SBP48017.1	N/A	1.60e-06
JAO00737.1	N/A	1.63e-06
JAA62947.1	N/A	1.66e-06
JAJ22220.1	N/A	1.70e-06
JAG35127.1	N/A	1.74e-06
JAC52766.1	N/A	1.75e-06
JAR82836.1	N/A	1.76e-06
JAB26719.1	N/A	1.77e-06
MBW55633.1	N/A	1.78e-06
JAV36756.1	N/A	1.78e-06
CDW44801.1	N/A	1.79e-06
HCZ82060.1	N/A	1.81e-06
MDE46704.1	N/A	1.82e-06
JAS14420.1	N/A	1.83e-06
JAR41583.1	N/A	1.85e-06
MOS16743.1	N/A	1.89e-06
CCP77484.1	N/A	2.10e-06
SBP11571.1	N/A	2.11e-06
JAR80791.1	N/A	2.13e-06
AER99354.1	N/A	2.22e-06
CDW29179.1	N/A	2.23e-06
JAI27998.1	N/A	2.24e-06
HDA50915.1	N/A	2.26e-06
JAM28361.1	N/A	2.27e-06
JAR74917.1	N/A	2.28e-06
SBS58215.1	N/A	2.29e-06
SBP40648.1	N/A	2.29e-06
SBP13044.1	N/A	2.29e-06
JAV44789.1	N/A	2.34e-06
AFE79830.1	N/A	2.34e-06
JAO17069.1	N/A	2.37e-06
CDW29178.1	N/A	2.38e-06
SBQ80660.1	N/A	2.39e-06
SBQ82854.1	N/A	2.39e-06
HCZ81507.1	N/A	2.39e-06
SBQ51685.1	N/A	2.44e-06
SBQ35193.1	N/A	2.46e-06
JAN98452.1	N/A	2.47e-06
HDC59707.1	N/A	2.47e-06
SBR62061.1	N/A	2.48e-06
MBY09253.1	N/A	2.50e-06
JAR85638.1	N/A	2.53e-06
JAM49760.1	N/A	2.53e-06
SBQ88656.1	N/A	2.56e-06
JAV95367.1	N/A	2.58e-06
SBP56291.1	N/A	2.58e-06
JAL58838.1	N/A	2.61e-06
JAO23839.1	N/A	2.62e-06
SBP78877.1	N/A	2.63e-06
SBR77660.1	N/A	2.64e-06
LAB43498.1	N/A	2.64e-06
JAD01489.1	N/A	2.67e-06
JAN51643.1	N/A	2.70e-06
JAK00391.1	N/A	2.71e-06
JAQ60119.1	N/A	2.72e-06
JAM54223.1	N/A	2.74e-06
JAI33041.1	N/A	2.75e-06
JAT39911.1	N/A	2.78e-06
JAQ04790.1	N/A	2.80e-06
JAQ69379.1	N/A	2.88e-06
JAI20930.1	N/A	2.92e-06
HDC55348.1	N/A	2.92e-06
SBP18214.1	N/A	2.95e-06
JAV44788.1	N/A	2.95e-06
MBW16349.1	N/A	2.96e-06
JAM96072.1	N/A	2.96e-06
JAO41198.1	N/A	2.97e-06
JAN21093.1	N/A	2.98e-06
SBP51383.1	N/A	3.00e-06
JAC04158.1	N/A	3.01e-06
HDB33140.1	N/A	3.04e-06
JAN96526.1	N/A	3.06e-06
JAJ01569.1	N/A	3.07e-06
JAN95574.1	N/A	3.07e-06
JAI84620.1	N/A	3.09e-06
SBQ91843.1	N/A	3.09e-06
SBP76728.1	N/A	3.09e-06
SBS46649.1	N/A	3.12e-06
JAO42242.1	N/A	3.12e-06
JAI70776.1	N/A	3.12e-06
JAK27934.1	N/A	3.18e-06
SBR64369.1	N/A	3.20e-06
SBQ47755.1	N/A	3.20e-06
HDB13920.1	N/A	3.20e-06
SBP29306.1	N/A	3.21e-06
JAM11870.1	N/A	3.21e-06
MBY74456.1	N/A	3.22e-06
JAK38081.1	N/A	3.23e-06
JAL11098.1	N/A	3.24e-06
JAO41197.1	N/A	3.24e-06
JAD03528.1	N/A	3.25e-06
JAJ66071.1	N/A	3.29e-06
JAD01994.1	N/A	3.30e-06
JAR29308.1	N/A	3.35e-06
SBP13677.1	N/A	3.38e-06
JAJ99036.1	N/A	3.41e-06
SBR00297.1	N/A	3.44e-06
JAS20948.1	N/A	3.49e-06
AFE69323.1	N/A	3.52e-06
JAN21092.1	N/A	3.52e-06
JAM19773.1	N/A	3.53e-06
JAC13012.1	N/A	3.53e-06
JAN64318.1	N/A	3.60e-06
JAR68837.1	N/A	3.61e-06
JAK21485.1	N/A	3.65e-06
SBP44652.1	N/A	3.66e-06
JAN75605.1	N/A	3.66e-06
SBP66590.1	N/A	3.67e-06
SBR75462.1	N/A	3.68e-06
JAL25362.1	N/A	3.69e-06
SBP43419.1	N/A	3.70e-06
JAR81230.1	N/A	3.73e-06
JAL14903.1	N/A	3.75e-06
JAB07562.1	N/A	3.78e-06
AFO97492.1	N/A	3.85e-06
MBY04201.1	N/A	3.86e-06
HDA99800.1	N/A	3.90e-06
JAN62221.1	N/A	3.92e-06
JAR77990.1	N/A	3.93e-06
SBP70568.1	N/A	3.94e-06
SBQ64456.1	N/A	3.96e-06
JAN65620.1	N/A	3.96e-06
SBR77326.1	N/A	3.96e-06
JAI65771.1	N/A	3.96e-06
JAK51782.1	N/A	3.98e-06
SBR61278.1	N/A	4.00e-06
JAD10946.1	N/A	4.00e-06
SBP57385.1	N/A	4.03e-06
MBY86692.1	N/A	4.08e-06
JAM37967.1	N/A	4.15e-06
JAG79956.1	N/A	4.17e-06
AHH38617.1	N/A	4.18e-06
HCZ80838.1	N/A	4.25e-06
JAL49989.1	N/A	4.25e-06
JAL34645.1	N/A	4.31e-06
HDC33539.1	N/A	4.32e-06
JAL34646.1	N/A	4.32e-06
JAV06765.1	N/A	4.35e-06
JAJ21065.1	N/A	4.37e-06
JAK55033.1	N/A	4.38e-06
SBP16532.1	N/A	4.39e-06
MOS22514.1	N/A	4.39e-06
JAC55033.1	N/A	4.40e-06
SBS19101.1	N/A	4.43e-06
SBP60308.1	N/A	4.45e-06
SBP71952.1	N/A	4.47e-06
HCZ92556.1	N/A	4.52e-06
JAR82201.1	N/A	4.66e-06
JAJ99105.1	N/A	4.74e-06
JAJ99106.1	N/A	4.74e-06
SBQ55848.1	N/A	4.75e-06
SBP74730.1	N/A	4.75e-06
JAM14099.1	N/A	4.78e-06
NBJ60990.1	N/A	4.79e-06
SBP15939.1	N/A	4.80e-06
SBP53165.1	N/A	4.81e-06
JAJ47661.1	N/A	4.87e-06
SBR06360.1	N/A	4.90e-06
SBP08024.1	N/A	4.90e-06
HCZ83358.1	N/A	4.94e-06
JAT20579.1	N/A	4.96e-06
JAS72227.1	N/A	4.99e-06
JAO03005.1	N/A	5.02e-06
SBR23086.1	N/A	5.06e-06
SBP38810.1	N/A	5.07e-06
HDC42271.1	N/A	5.07e-06
JAM15161.1	N/A	5.08e-06
JAV06594.1	N/A	5.10e-06
JAM44921.1	N/A	5.11e-06
SBR40578.1	N/A	5.16e-06
JAJ74315.1	N/A	5.16e-06
JAL19917.1	N/A	5.17e-06
SBP50573.1	N/A	5.22e-06
SBP15832.1	N/A	5.28e-06
SBR50472.1	N/A	5.34e-06
HDA58468.1	N/A	5.34e-06
JAT27876.1	N/A	5.35e-06
MBY72660.1	N/A	5.41e-06
HDC06072.1	N/A	5.42e-06
JAS65514.1	N/A	5.47e-06
SBP48763.1	N/A	5.49e-06
HCZ88166.1	N/A	5.51e-06
JAK52274.1	N/A	5.53e-06
SBP11618.1	N/A	5.60e-06
JAQ56407.1	N/A	5.61e-06
JAN65654.1	N/A	5.63e-06
SBP61114.1	N/A	5.68e-06
JAG69663.1	N/A	5.73e-06
MOS20753.1	N/A	5.77e-06
MBW18123.1	N/A	5.81e-06
JAM89548.1	N/A	5.85e-06
SBS41141.1	N/A	5.91e-06
JAB21015.1	N/A	5.96e-06
LAC41944.1	N/A	5.96e-06
AFH29244.1	N/A	6.00e-06
SBR73595.1	N/A	6.03e-06
JAO56139.1	N/A	6.04e-06
JAJ47660.1	N/A	6.04e-06
HDB33039.1	N/A	6.07e-06
JAV06736.1	N/A	6.07e-06
SBQ46533.1	N/A	6.08e-06
CCP80453.1	N/A	6.18e-06
HDB37661.1	N/A	6.24e-06
JAN14883.1	N/A	6.26e-06
SBR09509.1	N/A	6.30e-06
JAQ42037.1	N/A	6.33e-06
MOS22620.1	N/A	6.40e-06
JAB14160.1	N/A	6.46e-06
HDA61887.1	N/A	6.61e-06
HDC32050.1	N/A	6.62e-06
SBR57330.1	N/A	6.64e-06
SBP82690.1	N/A	6.65e-06
SBQ67961.1	N/A	6.65e-06
SBQ28540.1	N/A	6.71e-06
JAO48046.1	N/A	6.72e-06
SBR09359.1	N/A	6.73e-06
HCZ92140.1	N/A	6.74e-06
JAD06768.1	N/A	6.77e-06
CDW30339.1	N/A	6.81e-06
JAR35384.1	N/A	6.84e-06
JAQ79026.1	N/A	6.85e-06
SBQ94995.1	N/A	6.88e-06
JAQ41447.1	N/A	6.97e-06
JAL54895.1	N/A	6.98e-06
SBP39191.1	N/A	7.01e-06
SBQ61405.1	N/A	7.08e-06
SBP41732.1	N/A	7.09e-06
JAC16703.1	N/A	7.09e-06
JAK19199.1	N/A	7.18e-06
MOS17179.1	N/A	7.20e-06
SBQ88105.1	N/A	7.28e-06
MAA27118.1	N/A	7.41e-06
JAJ64519.1	N/A	7.43e-06
SBP40980.1	N/A	7.44e-06
JAN18584.1	N/A	7.61e-06
SBP53344.1	N/A	7.69e-06
JAW11038.1	N/A	7.81e-06
JAV06611.1	N/A	7.81e-06
HDB80526.1	N/A	7.89e-06
SBR26599.1	N/A	7.89e-06
JAJ57577.1	N/A	7.90e-06
HDB44809.1	N/A	7.92e-06
HCZ77534.1	N/A	8.03e-06
MBY13230.1	N/A	8.03e-06
SBR55444.1	N/A	8.04e-06
MOS18622.1	N/A	8.04e-06
JAO46867.1	N/A	8.13e-06
JAJ89569.1	N/A	8.27e-06
JAO03327.1	N/A	8.44e-06
CDW44812.1	N/A	8.47e-06
JAO90722.1	N/A	8.73e-06
JAN96030.1	N/A	8.76e-06
SBR58769.1	N/A	8.77e-06
SBP18635.1	N/A	8.79e-06
JAN70377.1	N/A	8.83e-06
JAJ62271.1	N/A	8.87e-06
JAL13786.1	N/A	8.91e-06
MOS17181.1	N/A	8.92e-06
LAC39868.1	N/A	8.92e-06
HCZ91441.1	N/A	8.96e-06
JAM75868.1	N/A	8.99e-06
MOS15755.1	N/A	9.08e-06
JAJ63776.1	N/A	9.13e-06
JAJ04596.1	N/A	9.20e-06
AHH40085.1	N/A	9.22e-06
JAO46866.1	N/A	9.23e-06
CCP81685.1	N/A	9.23e-06
AFE69700.1	N/A	9.24e-06
JAG22962.1	N/A	9.25e-06
CDW44811.1	N/A	9.29e-06
JAK75286.1	N/A	9.30e-06
JAQ56390.1	N/A	9.32e-06
SBQ49707.1	N/A	9.34e-06
MBY16565.1	N/A	9.37e-06
JAC57898.1	N/A	9.37e-06
JAO01789.1	N/A	9.43e-06
MDE49018.1	N/A	9.51e-06
JAR72073.1	N/A	9.86e-06
HDB98010.1	N/A	9.91e-06
HDA90973.1	N/A	9.92e-06
JAQ54769.1	N/A	9.96e-06
JAJ75370.1	N/A	9.97e-06
JAN75242.1	N/A	9.99e-06
JAN20508.1	N/A	1.01e-05
JAO01194.1	N/A	1.02e-05
JAO57393.1	N/A	1.02e-05
JAT29509.1	N/A	1.02e-05
JAB18447.1	N/A	1.02e-05
SBQ66730.1	N/A	1.04e-05
SBP21916.1	N/A	1.05e-05
JAB90233.1	N/A	1.06e-05
SBP03062.1	N/A	1.07e-05
JAR68122.1	N/A	1.10e-05
JAJ13456.1	N/A	1.10e-05
JAN49594.1	N/A	1.12e-05
MBW16919.1	N/A	1.13e-05
JAM00341.1	N/A	1.15e-05
SBP80028.1	N/A	1.16e-05
HDC67391.1	N/A	1.17e-05
JAT37595.1	N/A	1.18e-05
LAB44092.1	N/A	1.19e-05
HCZ82081.1	N/A	1.19e-05
SBR57475.1	N/A	1.20e-05
CCP73127.1	N/A	1.20e-05
JAM00197.1	N/A	1.21e-05
MDE49237.1	N/A	1.21e-05
MOS24944.1	N/A	1.23e-05
JAR75777.1	N/A	1.23e-05
JAW11505.1	N/A	1.23e-05
CDW21828.1	N/A	1.24e-05
JAG05921.1	N/A	1.24e-05
SBP80347.1	N/A	1.26e-05
SBQ96289.1	N/A	1.28e-05
JAM45129.1	N/A	1.28e-05
JAG54984.1	N/A	1.29e-05
HCZ83707.1	N/A	1.34e-05
JAR75938.1	N/A	1.34e-05
JAK51779.1	N/A	1.34e-05
JAT22793.1	N/A	1.35e-05
JAK97928.1	N/A	1.35e-05
JAR09110.1	N/A	1.35e-05
JAK73725.1	N/A	1.36e-05
SBP68368.1	N/A	1.37e-05
MOS17400.1	N/A	1.38e-05
MBW13114.1	N/A	1.39e-05
JAT82310.1	N/A	1.39e-05
JAB12901.1	N/A	1.41e-05
JAM94864.1	N/A	1.41e-05
JAN96454.1	N/A	1.41e-05
JAQ68570.1	N/A	1.42e-05
MOS20175.1	N/A	1.44e-05
JAJ13457.1	N/A	1.45e-05
JAC06104.1	N/A	1.46e-05
HDA99878.1	N/A	1.50e-05
JAQ32151.1	N/A	1.51e-05
JAK51783.1	N/A	1.54e-05
MOS17951.1	N/A	1.54e-05
JAB90234.1	N/A	1.57e-05
JAA53455.1	N/A	1.57e-05
AFP07771.1	N/A	1.58e-05
SBS08361.1	N/A	1.62e-05
HDC70576.1	N/A	1.63e-05
SBQ57253.1	N/A	1.69e-05
JAG79040.1	N/A	1.70e-05
JAA02395.1	N/A	1.72e-05
AHH37150.1	N/A	1.75e-05
SBS19572.1	N/A	1.77e-05
HCZ80843.1	N/A	1.78e-05
JAS67540.1	N/A	1.78e-05
SBR78467.1	N/A	1.81e-05
SBR88072.1	N/A	1.84e-05
JAT13927.1	N/A	1.84e-05
MOS18060.1	N/A	1.86e-05
JAR27661.1	N/A	1.91e-05
SBQ48251.1	N/A	1.94e-05
JAQ93599.1	N/A	1.94e-05
JAK49141.1	N/A	1.94e-05
JAG20463.1	N/A	1.98e-05
JAO00500.1	N/A	2.00e-05
JAG12028.1	N/A	2.00e-05
MBY32240.1	N/A	2.01e-05
MBW14219.1	N/A	2.02e-05
SBR54490.1	N/A	2.02e-05
JAK91423.1	N/A	2.02e-05
JAJ74163.1	N/A	2.06e-05
SBP03541.1	N/A	2.07e-05
SBR05233.1	N/A	2.07e-05
JAL91933.1	N/A	2.08e-05
SBP03010.1	N/A	2.08e-05
JAT99848.1	N/A	2.09e-05
AHH38704.1	N/A	2.09e-05
JAA10664.1	N/A	2.11e-05
HCZ77736.1	N/A	2.11e-05
JAJ13458.1	N/A	2.14e-05
AHH38788.1	N/A	2.15e-05
JAI69643.1	N/A	2.15e-05
SBP20046.1	N/A	2.15e-05
JAN96487.1	N/A	2.16e-05
JAS78316.1	N/A	2.22e-05
SBR21334.1	N/A	2.25e-05
HCZ81601.1	N/A	2.25e-05
JAT13400.1	N/A	2.27e-05
JAJ99088.1	N/A	2.30e-05
JAC01727.1	N/A	2.31e-05
SBQ90378.1	N/A	2.38e-05
JAV97040.1	N/A	2.39e-05
JAV36798.1	N/A	2.39e-05
MBY70661.1	N/A	2.42e-05
MOS21311.1	N/A	2.42e-05
SBR45563.1	N/A	2.42e-05
JAV36775.1	N/A	2.44e-05
AHH38356.1	N/A	2.45e-05
AFE67967.1	N/A	2.45e-05
JAT84928.1	N/A	2.47e-05
JAP84627.1	N/A	2.48e-05
JAJ25060.1	N/A	2.48e-05
JAR77520.1	N/A	2.49e-05
JAM70229.1	N/A	2.51e-05
JAA47548.1	N/A	2.51e-05
JAG75353.1	N/A	2.52e-05
JAR94460.1	N/A	2.54e-05
HCZ74934.1	N/A	2.55e-05
JAR76652.1	N/A	2.57e-05
JAO53744.1	N/A	2.58e-05
MBY18177.1	N/A	2.58e-05
JAT93362.1	N/A	2.58e-05
SBP80360.1	N/A	2.58e-05
JAK11789.1	N/A	2.59e-05
MOS19226.1	N/A	2.60e-05
CDW24000.1	N/A	2.61e-05
JAV42765.1	N/A	2.66e-05
MAA29681.1	N/A	2.68e-05
SBP83010.1	N/A	2.71e-05
AFE74962.1	N/A	2.72e-05
JAK75253.1	N/A	2.73e-05
SBP46291.1	N/A	2.74e-05
SBP33897.1	N/A	2.75e-05
JAN96488.1	N/A	2.76e-05
JAL59374.1	N/A	2.79e-05
SBP51080.1	N/A	2.79e-05
SBP83654.1	N/A	2.82e-05
CCP74193.1	N/A	2.82e-05
JAW02469.1	N/A	2.83e-05
JAD10525.1	N/A	2.84e-05
AHH38640.1	N/A	2.88e-05
SBP09005.1	N/A	2.88e-05
MBW67831.1	N/A	2.88e-05
JAV42662.1	N/A	2.94e-05
SBQ58519.1	N/A	2.97e-05
JAG13559.1	N/A	2.98e-05
JAQ59454.1	N/A	3.00e-05
SBP17786.1	N/A	3.03e-05
JAM77066.1	N/A	3.04e-05
SBP13994.1	N/A	3.05e-05
JAI90826.1	N/A	3.09e-05
MBY06772.1	N/A	3.10e-05
JAN63562.1	N/A	3.12e-05
JAQ58832.1	N/A	3.12e-05
CCP87332.1	N/A	3.12e-05
HDA50744.1	N/A	3.12e-05
SBQ62070.1	N/A	3.16e-05
JAV87076.1	N/A	3.18e-05
SBP50844.1	N/A	3.19e-05
JAQ42039.1	N/A	3.27e-05
MBY30722.1	N/A	3.29e-05
SBS15488.1	N/A	3.31e-05
JAR72181.1	N/A	3.31e-05
JAK82149.1	N/A	3.31e-05
SBP62933.1	N/A	3.36e-05
JAR84534.1	N/A	3.47e-05
AHH39430.1	N/A	3.49e-05
JAQ95345.1	N/A	3.49e-05
MBY07040.1	N/A	3.53e-05
JAO37142.1	N/A	3.53e-05
AHH39948.1	N/A	3.56e-05
SBP21176.1	N/A	3.64e-05
JAJ38366.1	N/A	3.64e-05
JAS23499.1	N/A	3.65e-05
AFJ70410.1	N/A	3.66e-05
JAS32664.1	N/A	3.66e-05
JAC92733.1	N/A	3.68e-05
JAQ84067.1	N/A	3.68e-05
SBP35110.1	N/A	3.72e-05
SBP24362.1	N/A	3.75e-05
JAL90769.1	N/A	3.75e-05
NOV47655.1	N/A	3.76e-05
JAC36151.1	N/A	3.80e-05
JAR73629.1	N/A	3.83e-05
SBQ84558.1	N/A	3.83e-05
JAL83893.1	N/A	3.89e-05
SBR00793.1	N/A	3.91e-05
SBR56790.1	N/A	3.92e-05
JAK20016.1	N/A	3.93e-05
JAM65216.1	N/A	4.04e-05
JAB11929.1	N/A	4.04e-05
SBP80389.1	N/A	4.05e-05
JAM07539.1	N/A	4.07e-05
SBQ88502.1	N/A	4.10e-05
JAJ21021.1	N/A	4.11e-05
HDB49001.1	N/A	4.14e-05
SBP44668.1	N/A	4.16e-05
MBY70774.1	N/A	4.16e-05
JAT22643.1	N/A	4.19e-05
JAJ41317.1	N/A	4.21e-05
SBQ32287.1	N/A	4.24e-05
SBP48361.1	N/A	4.25e-05
SBP81839.1	N/A	4.25e-05
JAR74635.1	N/A	4.25e-05
MOS18909.1	N/A	4.26e-05
JAL40263.1	N/A	4.26e-05
JAM93845.1	N/A	4.28e-05
LAB70849.1	N/A	4.28e-05
HDA90643.1	N/A	4.30e-05
MBW14716.1	N/A	4.31e-05
CCP73320.1	N/A	4.33e-05
JAR58352.1	N/A	4.36e-05
JAJ00944.1	N/A	4.36e-05
JAJ27978.1	N/A	4.37e-05
JAQ56577.1	N/A	4.38e-05
JAN73913.1	N/A	4.39e-05
SBR48872.1	N/A	4.40e-05
JAQ67347.1	N/A	4.46e-05
JAJ66463.1	N/A	4.50e-05
JAM83056.1	N/A	4.51e-05
JAL82087.1	N/A	4.55e-05
AHH37269.1	N/A	4.58e-05
JAJ31024.1	N/A	4.58e-05
JAN15848.1	N/A	4.58e-05
JAB69419.1	N/A	4.59e-05
JAO95808.1	N/A	4.61e-05
SBR85881.1	N/A	4.64e-05
JAO37101.1	N/A	4.65e-05
JAA93851.1	N/A	4.66e-05
JAN17996.1	N/A	4.67e-05
JAL81989.1	N/A	4.69e-05
JAL14298.1	N/A	4.76e-05
SBR51845.1	N/A	4.78e-05
JAM00583.1	N/A	4.78e-05
JAV36587.1	N/A	4.80e-05
MBY73306.1	N/A	4.83e-05
SBR68534.1	N/A	4.83e-05
NBJ58315.1	N/A	4.83e-05
JAO02289.1	N/A	4.88e-05
JAM62325.1	N/A	4.95e-05
MBW41854.1	N/A	5.00e-05
